customer_age,asset_value,credit_score,contract_length,interest_rate,payment_frequency,time_to_default,defaulted
52.0,30378.95,735.0,48,0.0604,2,18.6,0
43.0,44112.59,728.0,24,0.0473,4,11.44,0
55.0,32945.8,606.0,48,0.0682,12,2.38,0
68.0,66864.14,758.0,48,0.0413,12,22.79,0
41.0,198229.06,551.0,48,0.02,2,18.55,1
41.0,27693.63,635.0,36,0.0361,2,4.97,1
69.0,162888.39,500.0,24,0.02,4,8.43,1
57.0,27400.81,850.0,48,0.02,4,9.1,0
38.0,25651.9,677.0,12,0.0568,1,4.1,0
53.0,135753.31,850.0,24,0.0539,12,5.53,0
38.0,150532.81,780.0,60,0.0386,2,12.59,0
38.0,140282.0,745.0,12,0.0466,1,27.94,0
49.0,16061.86,641.0,60,0.02,4,26.67,0
18.0,37573.3,595.0,48,0.0635,2,3.93,1
19.0,136351.12,752.0,36,0.0459,12,22.55,0
37.0,62413.81,693.0,48,0.0605,2,52.81,0
30.0,20461.64,566.0,48,0.0594,2,53.08,0
50.0,94685.67,548.0,60,0.0557,1,39.47,0
31.0,29295.6,604.0,48,0.031,2,15.72,1
24.0,360239.67,850.0,12,0.0556,1,10.16,1
67.0,280643.78,850.0,36,0.0588,1,5.82,1
42.0,109545.74,720.0,60,0.0365,4,36.46,1
46.0,233516.19,715.0,24,0.0564,2,20.79,1
24.0,63881.9,666.0,48,0.021,1,19.67,0
37.0,128725.5,607.0,60,0.061,2,11.51,0
47.0,262424.92,838.0,48,0.0561,12,7.2,1
28.0,76534.64,850.0,48,0.0798,2,0.13,1
51.0,46388.78,611.0,60,0.0885,4,3.89,1
36.0,10887.58,692.0,12,0.0449,1,2.55,0
41.0,55097.88,655.0,24,0.0602,1,48.38,0
36.0,136410.39,658.0,48,0.0569,12,12.14,0
73.0,154142.6,819.0,12,0.0445,4,4.05,1
45.0,99147.61,569.0,48,0.02,1,39.62,0
29.0,34846.25,747.0,48,0.0273,12,24.75,0
57.0,8293.09,773.0,12,0.0393,1,4.97,1
27.0,36489.69,686.0,48,0.0554,1,32.26,0
48.0,44163.55,789.0,24,0.0776,4,13.51,0
18.0,43786.07,715.0,60,0.048,12,7.75,0
25.0,111141.16,822.0,12,0.0708,1,21.7,1
48.0,436121.61,548.0,36,0.079,2,4.16,1
56.0,67746.58,665.0,48,0.0385,12,37.28,0
48.0,48207.42,693.0,60,0.0219,4,16.7,0
43.0,46201.99,433.0,24,0.0507,4,24.13,0
40.0,67804.56,591.0,24,0.0232,4,8.84,0
23.0,26152.66,619.0,36,0.0863,1,21.54,1
34.0,67521.31,795.0,24,0.0733,4,0.9,0
38.0,93977.66,629.0,60,0.0782,12,0.17,0
61.0,73842.23,618.0,36,0.02,1,13.76,1
50.0,94612.22,782.0,12,0.0427,2,20.27,1
19.0,92387.56,538.0,36,0.0511,4,8.63,0
50.0,10179.22,493.0,12,0.058,4,43.38,0
39.0,113195.33,664.0,24,0.0428,4,55.92,0
35.0,30607.03,555.0,60,0.02,2,16.0,1
54.0,20013.47,559.0,48,0.0592,1,4.65,1
60.0,19841.84,757.0,36,0.0853,4,16.14,1
59.0,92368.53,788.0,24,0.0902,2,32.62,1
32.0,47926.56,779.0,60,0.0447,1,22.98,0
40.0,11137.03,811.0,48,0.0516,12,12.94,1
50.0,96571.39,824.0,36,0.0299,4,18.6,1
60.0,14191.41,487.0,60,0.0516,1,56.59,0
38.0,68859.35,745.0,24,0.0414,4,27.43,1
42.0,76000.78,647.0,36,0.0396,2,16.48,1
28.0,145157.85,625.0,36,0.0201,1,40.31,0
27.0,355643.74,756.0,12,0.0808,2,29.57,1
57.0,15295.65,527.0,12,0.0451,4,8.56,1
65.0,56813.32,525.0,36,0.0404,12,5.74,0
44.0,45418.04,763.0,60,0.0545,2,7.47,1
60.0,92387.75,749.0,24,0.0384,1,14.31,1
50.0,74285.33,714.0,48,0.02,1,8.07,0
35.0,42085.3,612.0,12,0.0761,4,14.37,0
50.0,38526.35,774.0,24,0.0507,1,40.32,0
68.0,19605.18,768.0,36,0.0657,4,16.77,1
44.0,160791.15,709.0,24,0.0539,2,10.43,0
68.0,94769.62,582.0,24,0.069,12,36.85,0
18.0,149906.67,657.0,24,0.064,2,28.43,0
57.0,43897.11,784.0,36,0.02,2,15.54,1
46.0,31044.11,833.0,12,0.059,4,12.51,1
41.0,20367.28,667.0,48,0.0321,12,53.73,1
46.0,85726.53,675.0,60,0.032,2,9.8,0
18.0,21167.17,684.0,12,0.02,4,42.38,0
42.0,380279.99,727.0,48,0.0862,2,6.11,1
50.0,16193.37,642.0,36,0.0473,2,16.93,1
67.0,78720.6,411.0,48,0.0417,1,4.39,0
37.0,286890.16,819.0,36,0.0347,2,55.92,0
33.0,108998.54,850.0,48,0.0969,12,8.37,1
37.0,71372.91,639.0,12,0.0703,2,20.32,1
59.0,22731.71,593.0,36,0.02,4,22.35,1
50.0,15036.42,686.0,24,0.0773,1,23.82,1
37.0,129320.63,681.0,36,0.0316,4,17.63,0
53.0,269991.9,800.0,36,0.0631,12,30.18,1
46.0,38605.5,705.0,48,0.0411,2,15.71,0
60.0,19166.87,621.0,36,0.02,2,18.59,0
34.0,5124.72,568.0,48,0.0397,1,33.01,1
40.0,22454.25,787.0,12,0.0548,2,35.06,0
39.0,53441.52,760.0,36,0.0551,4,18.08,0
23.0,296298.67,806.0,24,0.043,4,41.97,0
49.0,117375.53,603.0,24,0.0511,1,4.87,1
49.0,81233.7,850.0,12,0.0526,2,33.46,0
45.0,40130.04,526.0,24,0.0683,1,13.12,0
41.0,33417.48,771.0,48,0.0762,12,0.4,1
24.0,244176.74,509.0,36,0.05,2,3.02,1
39.0,73184.47,621.0,60,0.0235,2,0.95,1
40.0,7312.93,850.0,36,0.0628,2,2.84,1
33.0,30529.86,783.0,36,0.0637,12,5.03,1
43.0,25381.71,645.0,60,0.0678,12,6.6,0
51.0,34673.67,648.0,24,0.0308,12,9.8,1
73.0,105125.55,710.0,24,0.0661,4,6.94,1
48.0,53774.52,751.0,36,0.0563,1,31.74,0
49.0,55444.32,825.0,24,0.0616,4,44.74,0
44.0,222676.02,654.0,48,0.0347,12,24.96,0
18.0,29838.03,539.0,48,0.02,4,30.77,1
45.0,386234.33,716.0,60,0.0227,4,1.81,1
46.0,30598.08,654.0,36,0.0677,1,56.8,0
82.0,65460.24,570.0,48,0.0842,12,23.46,0
42.0,45197.47,730.0,12,0.0656,4,16.88,0
50.0,67739.12,679.0,24,0.0255,4,6.12,0
44.0,93394.9,731.0,36,0.0491,2,30.24,1
27.0,92395.66,611.0,48,0.0558,2,14.97,1
62.0,28194.51,749.0,60,0.0509,12,30.29,1
56.0,19478.87,568.0,48,0.0532,4,35.95,1
57.0,731733.6,617.0,12,0.0287,12,6.42,1
31.0,36901.8,676.0,48,0.0202,1,18.48,0
66.0,120476.79,850.0,36,0.0304,12,17.07,0
24.0,11996.36,778.0,60,0.0251,12,45.57,0
54.0,45269.43,808.0,60,0.0523,4,8.09,1
78.0,52722.66,842.0,12,0.0546,1,47.11,0
30.0,96068.34,850.0,36,0.0225,12,58.94,0
37.0,3934.53,704.0,12,0.0483,2,11.33,0
46.0,70695.74,842.0,12,0.0869,1,6.85,0
37.0,18963.26,801.0,12,0.0528,4,7.17,0
22.0,82813.45,800.0,48,0.0414,2,3.54,0
46.0,21240.62,850.0,24,0.0674,1,19.88,1
29.0,25451.18,658.0,48,0.0975,4,35.58,0
52.0,45541.19,650.0,36,0.0542,4,31.83,1
31.0,20903.47,732.0,12,0.0381,1,34.9,0
68.0,37214.94,682.0,12,0.0523,1,4.17,0
33.0,18153.6,732.0,24,0.0777,1,17.48,0
40.0,9574.22,850.0,60,0.0485,4,15.95,0
57.0,165703.79,652.0,12,0.0507,2,28.74,0
27.0,16382.21,670.0,48,0.0784,2,10.47,1
48.0,50077.1,717.0,12,0.0523,4,14.53,1
65.0,127120.54,677.0,36,0.0844,1,36.72,0
21.0,32372.22,509.0,24,0.0221,4,14.81,0
48.0,26234.59,642.0,60,0.0592,4,22.84,0
49.0,75074.64,769.0,36,0.0895,4,17.35,1
57.0,183126.75,844.0,48,0.0992,4,12.24,0
26.0,18595.68,585.0,36,0.0418,2,30.24,1
25.0,51526.53,584.0,12,0.0447,1,7.89,0
53.0,10588.31,703.0,24,0.0889,4,33.99,0
49.0,40408.64,492.0,12,0.0431,4,18.91,1
49.0,61957.55,656.0,24,0.0397,1,56.37,0
50.0,25473.03,526.0,48,0.0401,1,7.06,1
35.0,37911.44,837.0,36,0.0323,4,11.54,0
48.0,14643.81,623.0,24,0.0287,4,3.5,1
49.0,64671.68,850.0,36,0.0462,1,23.06,0
34.0,172076.47,811.0,24,0.02,1,14.96,0
73.0,19987.38,635.0,12,0.038,2,5.66,0
52.0,32123.02,593.0,24,0.0815,4,21.88,0
27.0,98967.45,681.0,24,0.0678,12,16.89,0
55.0,201207.24,690.0,60,0.0388,1,10.32,0
30.0,13451.02,735.0,48,0.0553,1,22.09,0
57.0,50575.13,622.0,12,0.0482,2,4.9,0
62.0,79469.68,775.0,12,0.035,2,12.98,1
33.0,54065.07,727.0,36,0.02,12,12.4,1
59.0,5030.16,666.0,24,0.0322,1,28.75,0
51.0,98823.43,629.0,24,0.044,4,7.78,0
57.0,273576.44,682.0,24,0.1001,4,46.65,0
73.0,67282.92,618.0,12,0.0626,4,4.52,0
41.0,21351.86,706.0,60,0.0481,2,59.11,0
34.0,35841.9,709.0,36,0.0602,12,50.56,0
32.0,351481.75,726.0,24,0.0551,12,12.2,1
33.0,148741.11,850.0,60,0.0361,12,40.31,0
44.0,113553.19,687.0,48,0.0489,1,5.34,0
50.0,85512.05,800.0,12,0.043,1,29.31,0
49.0,30910.86,723.0,48,0.02,12,49.17,0
57.0,48992.81,676.0,12,0.0389,12,4.69,0
45.0,55385.73,688.0,36,0.0481,12,13.02,0
67.0,103732.87,694.0,48,0.059,2,27.99,1
41.0,270741.26,728.0,36,0.0507,12,27.5,0
85.0,183200.81,604.0,36,0.0694,4,22.57,1
54.0,14481.33,553.0,36,0.0461,1,49.09,0
32.0,74906.43,765.0,48,0.076,4,6.88,1
29.0,125086.82,790.0,48,0.0541,1,4.07,1
52.0,111174.95,775.0,48,0.0595,2,10.83,1
42.0,31912.92,715.0,24,0.0558,2,29.98,1
56.0,1103623.28,777.0,36,0.0406,4,30.32,1
52.0,16695.85,771.0,24,0.0632,2,28.58,0
44.0,20268.26,779.0,12,0.0384,1,7.01,1
32.0,75629.0,614.0,48,0.0311,2,48.14,0
22.0,497227.55,590.0,60,0.0555,4,15.7,1
38.0,25946.84,661.0,12,0.0488,2,21.52,0
58.0,45897.76,698.0,36,0.0346,12,43.58,0
48.0,175833.65,676.0,36,0.0521,1,2.58,1
26.0,58814.16,512.0,24,0.0639,2,1.91,1
48.0,42847.22,850.0,48,0.0462,1,22.59,0
51.0,105412.12,673.0,48,0.082,4,2.55,1
32.0,78630.74,717.0,12,0.0732,12,6.84,0
47.0,167785.02,824.0,12,0.0417,1,4.91,1
46.0,217829.71,466.0,12,0.0272,12,22.0,1
28.0,81389.62,649.0,60,0.0477,12,26.58,1
50.0,80156.22,661.0,60,0.0592,12,4.35,0
53.0,74169.7,666.0,36,0.02,2,20.45,1
61.0,97648.6,683.0,36,0.02,2,6.59,1
61.0,63270.26,845.0,36,0.0252,4,29.92,0
24.0,59837.72,767.0,48,0.073,2,18.98,1
31.0,198119.79,796.0,36,0.0784,4,3.46,1
53.0,272696.89,705.0,24,0.0289,4,32.69,1
53.0,13259.2,560.0,12,0.0221,12,18.61,0
53.0,60477.17,492.0,48,0.0546,1,9.38,1
85.0,30070.67,547.0,60,0.0528,2,14.65,1
54.0,43871.87,736.0,12,0.0262,1,26.28,1
62.0,89546.76,703.0,36,0.0299,4,2.07,1
59.0,116942.59,679.0,60,0.0369,4,50.86,0
55.0,53523.36,663.0,60,0.0414,4,25.3,0
40.0,8836.62,850.0,60,0.0561,12,6.16,1
56.0,22810.0,618.0,12,0.02,1,5.79,1
33.0,146752.04,793.0,48,0.0881,12,0.47,1
41.0,3864.45,700.0,12,0.0575,1,57.16,0
38.0,196305.45,694.0,24,0.0517,12,3.03,0
46.0,100833.91,818.0,36,0.0374,4,15.68,0
80.0,223278.71,846.0,48,0.0331,2,23.82,1
18.0,49090.99,676.0,48,0.0342,12,7.69,1
55.0,7620.48,780.0,36,0.0402,12,20.42,1
21.0,92075.36,736.0,24,0.0582,2,17.41,0
38.0,214197.36,701.0,60,0.0728,2,7.7,1
61.0,150952.7,720.0,36,0.0217,12,2.55,1
46.0,30862.85,631.0,60,0.0412,4,8.03,0
29.0,65300.9,669.0,36,0.0528,4,7.34,0
34.0,35142.4,642.0,12,0.0542,2,12.5,1
55.0,26389.82,790.0,24,0.0384,12,24.06,0
34.0,155653.64,690.0,24,0.0427,1,17.33,0
48.0,18078.3,570.0,36,0.0453,2,4.84,1
46.0,24494.0,628.0,24,0.0262,1,23.93,1
35.0,19850.3,380.0,60,0.0314,2,39.23,1
77.0,13490.65,651.0,24,0.02,12,23.43,1
55.0,69314.84,704.0,24,0.072,4,13.71,1
18.0,191281.81,686.0,24,0.0614,2,6.05,1
48.0,49767.79,850.0,48,0.0229,1,3.96,0
35.0,13283.16,757.0,36,0.0275,12,7.32,1
58.0,138682.79,753.0,12,0.0228,12,23.92,1
33.0,323095.03,536.0,12,0.0311,12,5.17,1
43.0,31374.72,664.0,48,0.0549,1,28.2,0
53.0,37102.73,651.0,48,0.1074,2,19.55,0
58.0,100273.89,621.0,12,0.0412,4,9.81,1
27.0,303116.88,620.0,60,0.0595,4,3.3,1
40.0,35602.31,519.0,12,0.0476,1,14.53,1
38.0,15796.6,572.0,12,0.0549,4,20.91,0
35.0,112579.92,787.0,36,0.0443,2,7.12,0
71.0,133128.23,686.0,12,0.0731,1,6.37,0
51.0,60242.38,649.0,12,0.0619,1,1.76,0
26.0,34264.56,699.0,24,0.0499,2,59.63,0
59.0,161842.47,817.0,48,0.0629,12,21.76,0
77.0,101522.53,700.0,12,0.069,2,4.36,0
60.0,27765.92,754.0,12,0.0356,2,23.66,1
22.0,62887.0,615.0,60,0.0594,4,20.08,1
38.0,15495.31,638.0,12,0.0674,4,40.85,0
64.0,118882.45,735.0,36,0.0593,4,11.73,1
34.0,46063.05,850.0,60,0.0641,12,12.79,0
52.0,38726.88,843.0,12,0.0517,2,17.57,1
57.0,57937.81,758.0,36,0.061,4,33.06,1
31.0,62336.83,715.0,48,0.0805,12,27.47,0
44.0,146521.88,840.0,12,0.0298,4,37.61,1
18.0,108130.11,779.0,48,0.0499,2,12.11,0
30.0,51204.91,471.0,12,0.0346,2,20.37,0
41.0,128497.94,595.0,60,0.038,2,45.56,0
26.0,89387.6,734.0,60,0.0599,1,21.97,1
69.0,39081.34,521.0,36,0.02,2,4.67,0
24.0,52853.64,610.0,24,0.0276,2,40.36,0
38.0,51625.81,630.0,36,0.0742,4,56.59,0
47.0,99236.52,674.0,12,0.0235,1,6.18,0
67.0,41480.44,671.0,48,0.0788,4,10.98,0
23.0,40521.61,671.0,48,0.0498,12,32.05,1
62.0,428804.9,783.0,12,0.0486,12,37.93,0
45.0,153236.15,673.0,24,0.0364,1,17.91,0
30.0,27984.31,662.0,24,0.0435,2,56.19,0
52.0,105973.15,565.0,24,0.0546,1,10.92,1
48.0,67396.61,802.0,12,0.0456,2,20.48,0
36.0,88570.24,633.0,60,0.0323,12,14.0,1
46.0,68688.79,591.0,60,0.0624,12,24.43,1
39.0,196740.85,721.0,12,0.0748,1,16.58,1
47.0,84594.15,623.0,60,0.02,4,9.21,1
55.0,56269.69,647.0,24,0.0938,12,4.35,1
69.0,169768.42,726.0,60,0.0558,1,5.0,0
26.0,75605.56,667.0,12,0.0597,1,20.02,0
77.0,67607.8,850.0,60,0.0801,12,51.63,0
18.0,81962.95,693.0,60,0.02,2,43.95,0
43.0,54523.71,762.0,60,0.02,4,4.42,0
54.0,60429.16,506.0,60,0.02,4,2.84,1
49.0,33299.76,614.0,12,0.0253,2,18.48,0
36.0,28249.55,591.0,36,0.0617,12,1.11,1
42.0,22057.98,605.0,60,0.0255,12,8.63,0
38.0,14883.62,742.0,36,0.0315,2,8.69,0
36.0,24841.79,804.0,12,0.035,12,44.5,0
58.0,50298.62,734.0,48,0.047,4,32.91,1
50.0,66377.78,677.0,36,0.046,1,23.4,0
35.0,45647.47,637.0,12,0.0336,4,30.25,1
58.0,5677.67,811.0,48,0.0289,4,23.89,0
50.0,289116.89,850.0,60,0.0437,4,39.41,0
57.0,177456.38,714.0,12,0.05,12,5.26,1
54.0,93504.03,794.0,24,0.0779,2,44.59,0
33.0,403322.06,734.0,48,0.0299,12,3.43,0
37.0,22530.74,776.0,24,0.0472,2,32.97,0
56.0,395388.9,584.0,60,0.02,1,0.01,1
54.0,22806.16,651.0,60,0.0718,1,10.24,1
45.0,76018.95,740.0,36,0.047,4,13.81,0
47.0,16750.15,821.0,60,0.0656,2,18.34,0
64.0,60760.43,618.0,36,0.074,4,5.21,1
36.0,88094.6,497.0,48,0.0588,12,8.93,0
53.0,51293.01,650.0,24,0.0523,2,0.43,0
42.0,122256.61,801.0,48,0.02,4,46.37,0
42.0,66105.98,542.0,24,0.0464,12,21.11,1
61.0,35510.56,582.0,12,0.0299,1,40.37,0
57.0,33968.42,716.0,48,0.0276,4,1.33,0
57.0,134714.6,688.0,12,0.02,2,22.72,0
65.0,31140.3,759.0,24,0.0454,2,31.91,0
45.0,149552.53,577.0,36,0.0323,12,5.29,1
55.0,203355.67,668.0,48,0.034,4,37.74,1
40.0,11285.64,820.0,48,0.0293,1,17.19,0
50.0,185892.98,581.0,36,0.0762,4,54.42,0
43.0,469969.32,848.0,36,0.0281,4,40.33,0
46.0,77034.12,593.0,60,0.0415,2,23.91,0
54.0,108997.93,785.0,60,0.0458,12,10.93,1
33.0,168890.41,663.0,24,0.045,2,29.59,1
76.0,45456.8,586.0,48,0.0846,1,12.82,0
30.0,71846.0,650.0,36,0.02,4,0.37,0
27.0,16087.54,754.0,36,0.0545,1,7.36,0
62.0,68777.71,699.0,12,0.0675,12,0.57,1
57.0,98529.57,812.0,60,0.055,12,51.5,0
54.0,100324.28,844.0,12,0.0929,4,1.32,1
54.0,173759.03,582.0,36,0.0763,12,14.85,1
45.0,27589.7,574.0,48,0.0358,1,27.4,1
32.0,35150.47,570.0,48,0.0457,4,54.96,0
46.0,398517.76,610.0,12,0.0652,12,33.87,0
35.0,51517.23,810.0,60,0.0474,1,43.41,0
60.0,73132.91,756.0,24,0.0478,4,23.64,0
43.0,55993.45,645.0,48,0.0903,12,4.33,0
33.0,26326.18,699.0,24,0.07,2,1.79,1
40.0,303619.09,840.0,60,0.0913,4,13.59,1
51.0,35323.32,850.0,12,0.0481,4,24.42,0
37.0,19393.91,726.0,60,0.0529,2,10.43,0
33.0,38149.19,434.0,36,0.0567,12,44.11,0
49.0,8089.27,730.0,60,0.0638,4,56.9,0
49.0,31216.83,793.0,12,0.0436,1,3.41,1
37.0,22739.79,722.0,12,0.0315,12,24.38,1
38.0,111015.89,773.0,60,0.0337,4,25.16,0
48.0,30533.68,736.0,12,0.0475,1,33.06,0
23.0,145481.46,577.0,36,0.02,2,39.08,0
24.0,242433.81,611.0,24,0.0574,1,7.6,0
34.0,130767.38,668.0,60,0.02,12,47.44,0
42.0,48272.23,807.0,12,0.02,2,0.32,0
50.0,68948.46,623.0,24,0.0741,1,14.74,1
67.0,13030.07,746.0,36,0.0515,12,7.35,1
58.0,52376.88,730.0,60,0.0584,2,9.66,1
43.0,25325.36,850.0,12,0.0563,12,0.52,1
45.0,119889.57,696.0,24,0.0886,4,12.28,1
30.0,784461.2,525.0,36,0.0741,12,5.34,0
45.0,98698.17,765.0,48,0.0838,1,2.66,1
41.0,8175.2,850.0,12,0.0392,12,18.14,0
50.0,41721.41,771.0,36,0.0476,12,10.35,0
33.0,67676.27,621.0,24,0.0212,2,15.07,0
53.0,65339.85,592.0,60,0.0689,12,5.11,1
68.0,28830.43,605.0,24,0.0645,12,33.6,0
43.0,76518.8,850.0,60,0.0357,4,10.26,1
51.0,17283.35,667.0,36,0.0387,4,28.38,1
55.0,23273.98,634.0,36,0.0588,2,22.68,0
39.0,114210.4,684.0,24,0.0456,2,26.25,0
48.0,21684.15,668.0,24,0.0361,1,7.8,0
45.0,102560.85,850.0,60,0.0421,2,8.14,0
46.0,15222.6,599.0,12,0.0419,12,6.07,0
33.0,349698.24,818.0,24,0.058,4,8.79,0
45.0,27604.39,712.0,12,0.0455,2,7.66,1
52.0,47874.27,821.0,12,0.02,1,41.1,0
67.0,83334.11,850.0,12,0.0482,12,23.1,1
59.0,34018.17,708.0,36,0.036,1,8.75,0
77.0,69106.63,668.0,36,0.0634,1,19.97,1
33.0,106442.13,707.0,12,0.0532,1,29.32,0
58.0,156469.01,691.0,12,0.0361,1,1.89,1
48.0,132124.17,534.0,36,0.0368,12,13.57,1
78.0,50422.34,850.0,60,0.0534,12,1.89,1
33.0,51708.02,725.0,48,0.0492,1,17.89,0
32.0,627255.08,584.0,24,0.0434,12,7.86,1
36.0,154799.97,493.0,12,0.0476,2,18.78,1
18.0,23817.51,467.0,36,0.0582,12,30.83,0
37.0,66170.38,777.0,12,0.02,12,36.24,0
34.0,42824.12,638.0,12,0.0783,1,27.64,1
47.0,52295.51,655.0,12,0.041,12,9.46,1
50.0,17509.6,749.0,12,0.073,2,0.81,0
73.0,39659.14,648.0,60,0.0915,12,7.42,1
59.0,366427.43,755.0,24,0.0612,2,14.42,1
36.0,106838.79,710.0,24,0.02,12,25.82,0
32.0,4958.4,692.0,36,0.0267,4,16.56,0
52.0,202141.55,543.0,60,0.0584,12,1.09,1
25.0,178016.14,618.0,60,0.0366,2,5.19,1
72.0,41802.64,760.0,24,0.0795,2,34.03,1
63.0,122671.28,632.0,36,0.0352,2,2.31,1
38.0,25351.69,821.0,60,0.0611,1,2.64,1
19.0,37411.91,850.0,36,0.0478,2,20.62,0
65.0,267947.5,766.0,24,0.0507,12,1.64,1
43.0,45627.69,849.0,12,0.0628,4,3.88,1
64.0,9230.5,772.0,60,0.02,2,40.75,1
21.0,56201.39,647.0,36,0.0493,1,14.17,0
36.0,55348.87,720.0,12,0.068,12,32.31,0
45.0,198465.1,850.0,24,0.0265,2,59.63,0
46.0,60738.71,648.0,48,0.0631,1,38.68,1
38.0,39277.92,596.0,60,0.0454,1,2.97,1
54.0,170255.6,587.0,60,0.0369,1,17.02,0
29.0,67561.27,678.0,36,0.045,2,2.43,1
43.0,28281.9,600.0,24,0.0778,2,52.69,0
47.0,190041.46,850.0,24,0.0534,2,40.14,0
53.0,72668.39,722.0,60,0.0249,4,35.96,0
56.0,60049.59,797.0,60,0.0559,4,16.07,0
28.0,71532.59,670.0,36,0.0509,12,24.38,0
22.0,20523.62,586.0,36,0.0726,12,19.63,1
64.0,35325.0,569.0,48,0.0486,1,3.11,1
50.0,60089.03,609.0,12,0.0712,4,3.16,0
34.0,49283.09,735.0,36,0.0514,2,29.21,0
68.0,213721.36,752.0,12,0.0579,12,4.21,1
47.0,74414.48,760.0,60,0.0353,2,47.26,0
63.0,140773.0,551.0,48,0.0614,2,7.72,0
46.0,60439.33,700.0,48,0.0904,4,49.48,0
76.0,172178.75,597.0,48,0.0844,12,5.58,0
71.0,89101.17,740.0,24,0.0278,1,29.96,0
41.0,60683.1,748.0,60,0.02,12,5.09,0
60.0,59084.09,583.0,24,0.0575,12,17.18,1
55.0,23053.23,797.0,24,0.0451,12,27.83,0
66.0,99400.83,850.0,48,0.033,4,3.72,1
31.0,57514.67,783.0,24,0.0923,12,29.93,0
55.0,36243.24,684.0,60,0.1118,1,27.67,0
61.0,181037.92,668.0,60,0.02,12,10.96,0
19.0,17150.52,679.0,24,0.0343,2,56.61,0
27.0,39242.05,624.0,60,0.0242,1,18.44,1
18.0,167329.26,725.0,12,0.0335,12,34.01,0
41.0,82086.02,586.0,24,0.0725,4,6.83,1
56.0,57076.12,511.0,48,0.0551,4,5.87,1
68.0,76957.11,722.0,48,0.0666,4,6.73,1
46.0,71640.38,702.0,60,0.0764,2,33.75,1
69.0,13138.96,643.0,60,0.0568,2,10.47,1
24.0,42223.75,572.0,48,0.0311,4,40.04,0
19.0,301498.9,729.0,12,0.0603,2,54.15,0
44.0,30966.95,601.0,48,0.0479,12,6.54,1
51.0,43551.48,686.0,24,0.0467,12,20.37,0
45.0,34835.05,850.0,48,0.0334,4,9.1,0
18.0,54884.42,765.0,36,0.0692,1,15.66,1
44.0,33418.91,563.0,12,0.06,12,23.67,0
25.0,97415.59,573.0,12,0.0669,1,32.24,0
55.0,72934.23,715.0,48,0.0313,2,2.71,0
50.0,129773.72,562.0,36,0.0711,2,15.88,1
31.0,20932.51,500.0,24,0.057,12,28.05,1
37.0,42602.13,753.0,48,0.069,12,43.2,1
29.0,47775.94,732.0,24,0.0343,2,43.48,0
44.0,94433.1,745.0,36,0.0532,2,1.69,0
59.0,27086.18,726.0,48,0.0731,1,5.54,1
30.0,149590.05,693.0,48,0.0618,12,3.39,1
53.0,196106.98,634.0,24,0.0477,4,58.56,0
37.0,22272.94,752.0,48,0.0609,4,22.09,1
33.0,36648.48,850.0,36,0.0309,2,19.9,1
43.0,35174.21,650.0,48,0.0637,4,6.24,0
29.0,832664.6,598.0,60,0.0682,2,26.23,0
37.0,38952.56,586.0,36,0.059,4,1.34,0
27.0,320496.12,613.0,12,0.0485,2,14.9,0
74.0,16871.28,720.0,24,0.057,2,19.91,1
46.0,22255.6,486.0,36,0.0492,4,37.33,0
35.0,30133.58,744.0,12,0.0466,12,16.92,0
48.0,25701.66,764.0,12,0.0654,2,18.39,1
43.0,45802.83,520.0,36,0.0816,4,4.77,1
42.0,29472.76,602.0,12,0.0538,12,30.1,0
54.0,26387.84,708.0,12,0.0393,1,2.65,0
56.0,190702.9,686.0,60,0.031,2,54.38,0
37.0,203575.79,752.0,48,0.0369,2,40.14,0
36.0,154708.27,686.0,60,0.0937,1,4.31,1
41.0,101113.5,826.0,48,0.0826,2,44.55,1
18.0,65692.7,668.0,12,0.0692,1,8.3,0
22.0,36423.49,602.0,48,0.0755,4,18.99,1
66.0,23082.79,594.0,60,0.0393,1,9.27,0
70.0,86076.84,774.0,24,0.0709,12,21.72,1
41.0,18515.61,703.0,24,0.0726,4,14.29,1
54.0,22160.77,763.0,48,0.0483,1,31.22,0
50.0,189645.77,761.0,24,0.0263,12,21.1,1
85.0,400572.09,498.0,36,0.0211,1,14.66,1
62.0,88724.84,586.0,24,0.0582,12,46.08,0
43.0,181037.08,598.0,48,0.0403,1,5.36,0
31.0,46824.02,618.0,12,0.0566,2,13.9,0
21.0,15714.29,658.0,60,0.0445,12,2.71,0
48.0,110433.81,800.0,24,0.0278,2,10.63,0
34.0,105798.26,820.0,48,0.0854,2,24.46,0
24.0,64322.74,671.0,60,0.0289,12,1.79,0
35.0,46986.92,675.0,36,0.0367,2,13.61,0
29.0,156719.14,629.0,12,0.0499,4,2.44,0
70.0,22342.97,709.0,60,0.0529,1,12.88,1
58.0,27617.9,720.0,60,0.02,12,15.75,1
45.0,21848.63,781.0,48,0.0664,4,36.58,1
67.0,65184.24,780.0,36,0.0633,12,35.67,0
46.0,20173.13,470.0,24,0.0938,1,22.96,1
32.0,30204.85,685.0,36,0.0558,12,16.89,0
68.0,29561.98,838.0,12,0.0481,1,44.52,0
53.0,46137.98,656.0,24,0.0315,4,16.66,1
29.0,13529.47,814.0,36,0.0245,12,26.58,0
42.0,65329.89,669.0,12,0.0463,1,58.8,0
32.0,208418.56,717.0,60,0.0237,2,50.75,0
24.0,68561.84,586.0,60,0.0664,2,21.42,1
59.0,279657.56,590.0,60,0.0414,4,1.4,1
74.0,227293.68,773.0,60,0.0746,4,5.84,0
24.0,130318.28,788.0,24,0.0558,4,54.17,0
53.0,64517.12,703.0,60,0.0566,2,4.91,1
35.0,61236.6,577.0,24,0.0304,1,38.81,0
38.0,128514.85,704.0,24,0.0629,4,19.48,0
36.0,40470.53,826.0,36,0.0587,1,49.33,0
32.0,9113.2,850.0,60,0.02,1,16.33,0
46.0,97929.59,668.0,48,0.0756,4,0.63,1
33.0,19320.68,534.0,60,0.0675,4,1.34,1
49.0,22876.35,784.0,48,0.0341,2,7.73,0
44.0,59887.55,672.0,60,0.0687,4,21.44,0
41.0,54441.13,794.0,24,0.0416,2,34.79,0
31.0,14587.56,728.0,60,0.0371,2,12.45,0
36.0,70649.87,612.0,60,0.057,1,24.83,0
56.0,157336.12,706.0,60,0.0697,2,18.49,0
53.0,19373.44,831.0,60,0.0805,1,9.26,0
30.0,213733.1,685.0,36,0.0851,2,38.03,0
46.0,12579.57,597.0,36,0.02,4,36.01,0
56.0,497486.72,541.0,24,0.02,12,33.54,0
20.0,39685.44,623.0,24,0.0414,1,55.87,0
53.0,69259.6,659.0,48,0.0319,4,55.59,0
35.0,9026.92,782.0,24,0.0994,1,9.7,1
54.0,56267.02,588.0,36,0.0556,2,7.55,1
34.0,75243.3,850.0,24,0.0458,1,48.3,0
18.0,54931.26,566.0,48,0.0392,12,6.59,0
21.0,34095.44,850.0,48,0.054,4,50.7,0
46.0,23235.47,850.0,36,0.02,1,0.31,0
49.0,185447.41,714.0,24,0.068,12,0.12,0
31.0,61747.4,535.0,48,0.078,4,5.73,1
55.0,279498.55,694.0,24,0.02,12,47.58,0
20.0,35366.41,661.0,24,0.0617,1,6.08,1
44.0,38762.37,573.0,36,0.059,12,23.95,0
27.0,135346.61,729.0,36,0.0606,2,37.86,0
35.0,11813.82,618.0,24,0.0604,1,3.59,1
46.0,17792.58,629.0,60,0.0288,4,7.26,1
32.0,179420.05,680.0,60,0.0472,2,19.68,1
39.0,18547.05,643.0,12,0.0674,1,11.09,1
60.0,9710.36,850.0,12,0.02,2,41.36,0
36.0,387909.44,646.0,12,0.0523,12,37.03,0
58.0,14856.35,744.0,36,0.0614,4,2.92,1
28.0,71978.26,715.0,24,0.0428,2,44.54,1
53.0,64156.79,735.0,48,0.0595,12,2.31,0
67.0,3602.46,743.0,24,0.0508,12,19.87,1
18.0,45829.49,788.0,24,0.0457,4,8.48,0
33.0,93752.47,727.0,12,0.0414,1,32.84,0
54.0,85332.39,722.0,24,0.0755,4,7.08,1
42.0,147786.02,706.0,12,0.0476,4,58.17,0
51.0,40640.02,686.0,24,0.0329,12,25.95,0
36.0,122088.86,609.0,48,0.0247,4,2.88,1
46.0,30051.59,694.0,60,0.02,4,47.79,0
43.0,14611.04,724.0,60,0.021,1,7.28,0
63.0,16354.72,740.0,36,0.0409,4,9.07,1
49.0,13875.63,718.0,48,0.0474,4,16.7,1
50.0,164322.46,677.0,24,0.0438,12,22.93,0
39.0,13166.44,694.0,48,0.0333,1,5.73,0
38.0,78750.42,645.0,24,0.0391,4,12.24,1
39.0,45893.36,731.0,48,0.0634,1,29.15,1
51.0,54033.06,678.0,48,0.0706,1,6.99,1
39.0,234124.26,718.0,60,0.084,12,10.57,1
49.0,38621.82,800.0,48,0.0508,4,16.14,0
76.0,110370.87,629.0,36,0.0764,2,6.63,1
58.0,62165.99,760.0,24,0.0529,1,35.14,0
40.0,51430.21,703.0,12,0.0788,12,10.78,1
63.0,597177.18,850.0,48,0.0618,1,10.23,1
39.0,14166.83,678.0,12,0.0509,2,12.79,1
18.0,217321.22,770.0,60,0.02,2,42.91,0
30.0,115428.5,702.0,12,0.047,4,8.53,1
18.0,37066.73,561.0,36,0.0338,12,5.86,1
40.0,305381.93,648.0,36,0.0427,2,27.68,0
45.0,9432.25,788.0,60,0.0751,1,0.99,1
70.0,35533.58,657.0,36,0.0585,2,14.68,1
50.0,17881.43,478.0,24,0.0701,1,13.37,1
42.0,90407.59,697.0,36,0.0614,12,13.78,0
57.0,19671.69,591.0,48,0.0307,4,1.57,0
18.0,92324.42,713.0,36,0.0886,2,15.47,0
49.0,49690.23,850.0,24,0.0466,12,38.81,1
57.0,37073.07,777.0,60,0.0708,12,31.53,1
23.0,88313.41,850.0,36,0.0826,2,7.86,0
62.0,45769.74,644.0,24,0.0228,12,40.3,0
50.0,20158.17,686.0,48,0.0482,4,20.4,0
39.0,985961.9,596.0,12,0.064,4,18.06,0
54.0,36784.54,632.0,12,0.0444,2,2.15,1
79.0,6518.44,607.0,60,0.1047,2,2.96,1
48.0,25794.11,569.0,60,0.0553,12,1.31,1
49.0,16860.41,837.0,12,0.0624,12,38.44,0
38.0,136782.26,491.0,12,0.0867,12,6.87,0
32.0,82590.72,837.0,60,0.0224,2,7.24,0
57.0,89206.82,825.0,12,0.0412,2,30.14,0
32.0,41356.2,750.0,36,0.0308,1,43.1,0
46.0,45281.31,589.0,24,0.0586,12,11.73,0
38.0,41318.64,542.0,60,0.0827,2,11.2,1
52.0,55204.89,645.0,24,0.0291,1,9.45,1
50.0,138044.78,763.0,48,0.0218,4,15.83,1
61.0,83790.54,700.0,48,0.0536,1,28.84,0
37.0,98726.91,596.0,36,0.0772,4,24.8,1
41.0,98672.24,815.0,48,0.0342,2,0.87,1
30.0,144993.25,850.0,60,0.0297,12,5.0,1
38.0,79869.56,677.0,36,0.0817,4,20.08,0
51.0,85720.57,711.0,36,0.0461,12,9.39,0
56.0,196576.36,549.0,60,0.0627,12,14.86,1
31.0,30790.27,659.0,12,0.0776,4,2.85,0
58.0,25444.56,751.0,24,0.0603,12,27.65,0
65.0,18289.43,735.0,60,0.0507,12,4.2,1
51.0,71891.59,649.0,12,0.0306,12,19.11,1
73.0,9379.37,673.0,12,0.0394,12,30.38,1
33.0,95049.6,655.0,48,0.057,1,20.43,0
26.0,53680.6,672.0,36,0.0749,4,4.63,0
18.0,186211.74,742.0,36,0.0404,12,55.93,0
67.0,30579.43,503.0,48,0.0382,12,11.43,0
55.0,48858.41,693.0,48,0.0597,2,54.52,0
44.0,183910.28,735.0,36,0.0347,2,13.53,0
49.0,238741.26,643.0,60,0.0588,4,4.23,0
28.0,30328.64,652.0,60,0.0329,12,5.02,0
82.0,71810.16,655.0,60,0.0552,4,15.98,1
47.0,80371.83,652.0,60,0.0436,2,2.21,1
47.0,86999.13,701.0,48,0.0523,2,6.47,1
56.0,46047.3,713.0,24,0.0661,2,24.81,1
52.0,215643.83,490.0,24,0.0481,1,50.17,0
48.0,9047.98,765.0,36,0.0581,1,41.74,0
33.0,39295.68,671.0,24,0.0362,2,11.95,1
52.0,93707.24,850.0,60,0.039,2,35.44,0
73.0,94582.22,581.0,48,0.0281,1,2.84,0
65.0,231598.15,613.0,60,0.0488,2,0.96,1
69.0,198436.69,680.0,12,0.0559,2,8.87,1
37.0,45001.83,741.0,48,0.0577,1,8.06,1
30.0,219667.7,505.0,12,0.0839,1,14.8,0
43.0,29318.04,617.0,12,0.0595,1,40.21,0
46.0,151886.28,759.0,36,0.0414,2,36.23,0
61.0,366049.0,605.0,12,0.0965,2,6.72,0
20.0,201782.19,837.0,24,0.0343,12,8.18,0
68.0,66554.1,655.0,24,0.054,2,33.54,1
43.0,42968.44,610.0,12,0.0722,2,20.13,0
39.0,12983.16,761.0,36,0.0612,1,2.48,1
30.0,81677.97,850.0,12,0.02,4,51.33,0
20.0,19629.38,742.0,48,0.0636,2,25.69,1
57.0,27088.52,826.0,48,0.039,2,40.75,0
46.0,18201.41,850.0,48,0.0348,2,38.19,0
26.0,37782.74,608.0,48,0.02,12,19.4,0
26.0,58222.7,794.0,12,0.0531,1,27.47,1
40.0,78717.01,548.0,60,0.0409,12,2.02,0
70.0,32842.98,742.0,60,0.0568,12,12.3,1
41.0,174430.86,693.0,48,0.0324,4,31.09,1
22.0,48620.22,824.0,36,0.1215,2,22.71,0
41.0,27235.53,817.0,36,0.0418,12,1.01,0
41.0,75078.71,757.0,12,0.0732,12,11.52,0
18.0,426578.99,730.0,60,0.0728,12,56.65,0
44.0,83713.92,751.0,12,0.0695,1,50.96,0
42.0,41653.65,706.0,24,0.0328,2,11.72,0
55.0,12997.84,694.0,48,0.0884,12,58.65,0
73.0,48078.37,844.0,24,0.0556,2,1.52,1
62.0,75729.88,850.0,24,0.058,2,38.45,1
41.0,40636.38,686.0,36,0.0484,4,50.67,0
28.0,11323.27,724.0,60,0.0501,1,54.76,0
84.0,25576.64,708.0,48,0.051,12,8.38,0
46.0,256411.4,539.0,12,0.02,12,9.02,1
45.0,251199.07,666.0,48,0.0552,4,42.12,0
45.0,24670.43,850.0,12,0.066,12,30.32,0
48.0,117331.29,625.0,12,0.0386,1,17.5,0
43.0,18424.33,850.0,60,0.0479,12,35.71,1
36.0,243851.88,817.0,24,0.02,1,46.78,0
37.0,76514.52,740.0,12,0.0722,12,17.13,0
45.0,154761.65,756.0,60,0.0812,2,5.15,0
37.0,10774.17,608.0,24,0.0544,2,25.74,1
34.0,117905.31,673.0,24,0.0571,4,23.79,0
47.0,59416.42,844.0,48,0.0559,12,52.67,0
41.0,140354.84,639.0,48,0.065,12,2.7,0
68.0,149472.51,806.0,48,0.055,1,11.21,1
18.0,63945.39,562.0,36,0.0705,12,2.85,0
61.0,32832.38,580.0,24,0.0637,4,6.8,0
64.0,130574.1,850.0,36,0.0654,12,22.12,0
18.0,56378.63,699.0,48,0.0577,2,13.72,0
40.0,25014.6,646.0,60,0.0643,4,9.71,0
39.0,23857.35,836.0,48,0.0347,2,47.59,0
24.0,13668.31,825.0,12,0.02,4,13.94,0
33.0,35943.69,792.0,60,0.0484,4,21.88,0
28.0,180356.74,643.0,60,0.0872,4,40.98,1
71.0,71526.97,671.0,24,0.0633,4,47.13,0
59.0,35250.4,731.0,36,0.0647,1,31.44,0
64.0,133900.99,769.0,12,0.0299,4,5.63,0
56.0,26043.5,649.0,60,0.059,2,56.73,0
28.0,65864.2,717.0,36,0.0281,12,1.08,1
37.0,50029.58,727.0,36,0.0497,1,2.11,0
52.0,130500.28,829.0,12,0.0448,1,56.93,0
27.0,12366.81,775.0,12,0.0593,1,4.3,0
56.0,25586.04,549.0,48,0.0507,12,36.18,0
41.0,11634.78,679.0,48,0.0679,12,23.63,0
39.0,46184.67,607.0,60,0.0706,1,48.97,1
56.0,201073.84,757.0,60,0.0746,1,39.45,1
52.0,36118.22,792.0,60,0.1104,4,18.86,1
40.0,35929.58,710.0,48,0.0349,4,33.27,1
62.0,143160.9,673.0,60,0.0419,12,49.3,0
29.0,174302.85,707.0,60,0.0424,4,8.72,1
54.0,54799.09,721.0,48,0.02,2,35.95,0
54.0,118742.77,636.0,48,0.0557,2,12.67,1
40.0,20395.01,578.0,60,0.0481,4,18.76,0
50.0,237512.22,495.0,60,0.0731,4,0.1,1
26.0,513346.48,827.0,36,0.0683,1,4.16,1
59.0,100832.48,750.0,24,0.0589,4,22.29,0
42.0,7447.76,736.0,48,0.0554,2,36.09,1
37.0,34261.23,827.0,24,0.0388,12,11.04,1
61.0,110506.02,574.0,48,0.0539,12,17.78,1
34.0,39281.82,526.0,36,0.0576,1,12.56,0
24.0,213672.24,738.0,24,0.0495,12,21.18,0
22.0,107813.4,729.0,36,0.0496,4,32.76,0
54.0,29540.71,527.0,12,0.0528,1,2.26,0
26.0,61837.47,736.0,24,0.0542,4,2.51,0
71.0,24493.59,660.0,24,0.068,12,4.13,1
18.0,49881.98,619.0,24,0.02,4,49.67,0
70.0,34386.07,667.0,12,0.0556,1,12.99,0
48.0,193834.85,456.0,12,0.0552,1,23.18,1
44.0,496834.4,641.0,36,0.067,2,42.96,0
37.0,14311.4,630.0,12,0.048,12,41.34,0
51.0,8749.78,756.0,48,0.02,4,13.59,1
44.0,46855.68,684.0,60,0.02,2,0.02,1
62.0,13115.95,764.0,24,0.02,2,38.02,0
47.0,62705.95,445.0,36,0.0703,12,16.83,1
47.0,126618.78,616.0,36,0.0212,4,18.24,1
40.0,266769.93,756.0,36,0.0764,12,52.34,0
44.0,73232.5,669.0,36,0.0426,4,3.44,0
50.0,49357.49,785.0,24,0.0457,2,20.66,0
19.0,8280.14,520.0,36,0.0849,2,17.2,0
25.0,61462.66,773.0,24,0.0556,2,23.88,0
56.0,64298.22,636.0,36,0.0227,4,7.82,1
48.0,113431.77,626.0,36,0.0524,1,57.37,0
42.0,29481.31,799.0,60,0.0692,12,15.59,1
45.0,38752.38,816.0,48,0.0393,4,13.22,1
50.0,13656.87,803.0,12,0.0865,12,1.19,0
37.0,6055.41,850.0,12,0.025,12,33.34,0
33.0,19761.74,827.0,12,0.02,2,4.11,0
48.0,12452.47,620.0,48,0.0849,12,4.35,1
30.0,83843.92,714.0,24,0.033,1,8.24,1
51.0,35662.89,664.0,12,0.0305,4,13.9,1
19.0,34953.11,850.0,12,0.04,1,1.07,0
60.0,22372.48,810.0,12,0.0305,1,41.98,1
52.0,2362.4,681.0,24,0.068,2,3.49,1
49.0,270576.66,788.0,48,0.0407,4,1.94,0
60.0,22020.51,577.0,48,0.0262,4,2.45,1
70.0,39639.44,725.0,24,0.0445,1,55.24,0
60.0,13976.15,606.0,60,0.0319,4,4.04,1
18.0,158249.84,531.0,36,0.0492,12,27.38,1
26.0,69108.22,778.0,24,0.0309,4,27.46,0
36.0,26203.14,791.0,36,0.0461,4,11.44,0
45.0,40447.92,746.0,48,0.0466,12,22.21,0
53.0,320673.88,682.0,36,0.0873,12,37.16,1
34.0,55660.75,573.0,12,0.0736,12,0.15,1
48.0,49924.47,584.0,36,0.0535,12,1.06,1
34.0,23356.22,603.0,36,0.0439,4,31.78,0
36.0,9003.95,677.0,48,0.0436,2,4.2,0
24.0,51019.4,808.0,60,0.0526,2,23.99,0
31.0,82907.86,806.0,36,0.0332,12,14.59,0
25.0,179797.13,535.0,48,0.0425,4,34.52,0
30.0,6320.18,631.0,12,0.045,4,9.15,0
61.0,19436.42,628.0,36,0.0496,4,3.13,1
31.0,33498.6,447.0,36,0.0532,4,6.04,1
84.0,59666.09,757.0,12,0.0645,4,1.42,1
52.0,51790.72,675.0,24,0.0685,2,45.96,1
48.0,53014.0,689.0,60,0.0609,1,5.16,1
32.0,90047.81,835.0,12,0.0849,1,39.33,0
56.0,24262.98,709.0,12,0.0632,1,24.56,0
36.0,152381.34,657.0,12,0.0489,12,6.11,0
47.0,92360.29,757.0,24,0.0484,12,7.88,0
83.0,43484.84,806.0,12,0.0682,2,0.41,1
44.0,296827.96,730.0,24,0.0451,2,14.2,1
62.0,283910.99,769.0,60,0.0581,4,50.54,0
34.0,152191.57,685.0,24,0.0601,2,21.76,0
44.0,2926.15,692.0,60,0.02,12,5.66,1
72.0,290379.83,711.0,60,0.0201,2,38.5,0
36.0,132555.74,625.0,60,0.0675,4,9.21,0
72.0,445257.76,643.0,48,0.0589,4,4.04,0
56.0,206377.97,838.0,60,0.02,4,32.69,0
37.0,290204.95,850.0,24,0.02,12,11.92,1
54.0,144156.51,850.0,48,0.0791,1,1.08,0
60.0,230658.42,568.0,12,0.063,1,1.35,0
54.0,439821.28,558.0,12,0.0776,12,34.7,0
21.0,74351.17,581.0,36,0.0307,4,2.74,1
34.0,12428.77,713.0,60,0.0377,4,38.16,1
41.0,44026.15,419.0,36,0.0864,12,1.63,1
44.0,88428.15,641.0,60,0.0582,1,5.23,0
54.0,64530.13,841.0,60,0.0517,4,32.87,1
48.0,17213.31,798.0,24,0.0468,4,48.59,0
25.0,11718.6,649.0,24,0.02,1,5.53,1
51.0,28533.59,657.0,12,0.0726,12,2.14,0
54.0,134287.67,757.0,48,0.02,2,45.98,0
53.0,290785.1,794.0,12,0.0631,4,14.77,1
61.0,149726.81,647.0,60,0.0517,1,48.98,0
58.0,172374.94,677.0,48,0.0559,12,8.65,0
52.0,55225.74,643.0,36,0.0382,1,13.02,1
44.0,10487.27,567.0,60,0.0792,1,13.24,1
20.0,37978.65,678.0,24,0.0384,2,22.18,0
51.0,46223.13,670.0,12,0.0495,4,17.02,1
48.0,36422.7,574.0,12,0.0503,4,27.49,1
49.0,63240.16,765.0,36,0.0434,4,49.81,0
26.0,93099.1,748.0,12,0.0581,2,14.46,0
29.0,140507.37,770.0,12,0.0644,1,23.08,0
61.0,45337.06,623.0,48,0.0478,12,6.65,0
44.0,8921.69,502.0,60,0.0626,1,44.59,1
55.0,36942.66,747.0,48,0.0628,4,14.38,1
45.0,62549.3,634.0,48,0.0579,2,6.04,0
45.0,203375.22,611.0,12,0.0801,1,6.46,1
59.0,33934.66,574.0,60,0.0824,2,31.77,1
37.0,99961.82,672.0,12,0.042,12,20.14,0
46.0,80024.48,850.0,12,0.044,12,9.84,0
38.0,62561.2,649.0,48,0.0639,4,1.36,1
38.0,151832.52,591.0,24,0.0487,2,18.49,1
40.0,30920.01,765.0,24,0.0562,4,26.24,1
48.0,33685.19,717.0,48,0.0266,2,0.88,0
38.0,59165.81,488.0,48,0.0446,2,3.02,1
64.0,31566.56,766.0,12,0.0517,12,14.47,0
32.0,99509.89,850.0,60,0.0317,1,55.33,0
42.0,29342.95,440.0,12,0.02,1,8.31,0
38.0,75079.6,576.0,12,0.0755,12,12.15,1
67.0,54167.0,415.0,36,0.02,12,12.59,1
48.0,74230.17,692.0,12,0.0812,2,1.92,1
60.0,37807.34,799.0,60,0.0726,1,18.81,0
23.0,42655.51,711.0,12,0.0562,4,46.27,0
49.0,65907.62,839.0,48,0.059,4,22.92,0
58.0,73282.31,783.0,60,0.0649,1,17.03,1
46.0,59623.08,850.0,48,0.0417,1,58.27,0
61.0,329510.12,816.0,36,0.0426,1,24.21,0
37.0,22231.45,660.0,36,0.0461,2,7.8,0
66.0,56150.8,707.0,60,0.0569,12,1.39,1
79.0,12411.4,613.0,24,0.0366,12,29.69,1
40.0,86862.48,677.0,24,0.0398,2,15.71,0
38.0,19628.81,706.0,60,0.09,4,24.59,1
67.0,45328.43,692.0,60,0.0562,2,26.54,1
69.0,41271.84,834.0,48,0.0268,1,22.45,0
37.0,79291.89,667.0,36,0.0671,12,11.56,0
39.0,34448.1,607.0,60,0.0443,12,0.61,1
41.0,33014.24,613.0,12,0.0379,2,8.81,1
25.0,251665.59,766.0,48,0.0988,12,2.77,0
31.0,79583.88,560.0,36,0.0515,2,23.25,1
30.0,34164.73,680.0,48,0.0339,12,8.13,1
33.0,46591.17,833.0,36,0.0384,2,40.9,0
44.0,310318.65,729.0,12,0.053,1,44.12,0
49.0,47326.95,693.0,36,0.0528,2,38.74,0
68.0,30053.17,696.0,48,0.0593,12,20.3,0
30.0,30182.09,597.0,36,0.02,2,50.12,0
60.0,34574.56,614.0,48,0.0277,2,21.66,1
42.0,33040.93,680.0,60,0.0462,12,18.13,0
44.0,16653.11,727.0,12,0.0394,1,9.17,1
55.0,19453.84,795.0,48,0.0285,2,5.07,1
28.0,26125.83,709.0,24,0.0574,4,12.67,1
51.0,108182.08,835.0,24,0.0591,4,9.8,0
47.0,40894.98,850.0,36,0.0844,1,6.24,1
52.0,48670.98,780.0,60,0.0641,1,11.65,0
49.0,213221.76,822.0,60,0.0596,12,11.99,1
82.0,218601.81,601.0,24,0.0465,12,22.73,0
35.0,45155.85,585.0,36,0.1043,2,34.25,0
37.0,31860.95,752.0,60,0.0433,1,2.08,0
36.0,25224.47,566.0,60,0.0431,2,48.44,0
37.0,119703.82,671.0,36,0.0694,12,42.56,0
35.0,48790.59,777.0,48,0.02,2,59.99,0
63.0,40680.54,841.0,24,0.0484,2,15.34,0
66.0,26538.07,675.0,60,0.052,2,52.07,0
36.0,27731.76,635.0,48,0.0419,1,16.72,1
33.0,82459.14,732.0,48,0.071,4,13.86,0
52.0,16067.63,593.0,48,0.0599,1,16.11,1
37.0,161921.79,683.0,48,0.0559,2,1.22,0
54.0,35106.98,699.0,12,0.0513,12,10.29,1
48.0,51552.92,697.0,12,0.0428,4,3.95,1
22.0,15725.24,709.0,36,0.02,2,4.51,0
68.0,59138.3,617.0,24,0.0608,2,5.5,1
72.0,43117.28,627.0,36,0.0692,12,22.78,0
36.0,56949.46,625.0,12,0.0499,2,14.16,1
39.0,260852.11,538.0,36,0.0201,2,9.39,1
49.0,71517.54,734.0,36,0.0401,4,10.28,1
50.0,27047.26,789.0,48,0.0405,1,18.15,1
55.0,29397.95,780.0,60,0.0408,12,27.86,0
75.0,108567.91,674.0,12,0.06,12,55.7,0
42.0,219409.1,619.0,12,0.0238,12,31.16,1
33.0,79373.36,774.0,36,0.0461,1,36.88,0
24.0,119218.44,764.0,60,0.0468,1,25.09,0
34.0,110165.35,722.0,36,0.0802,4,13.5,0
45.0,247474.89,850.0,24,0.0579,4,0.11,0
72.0,8522.03,697.0,12,0.0412,12,19.74,1
37.0,116683.33,674.0,48,0.0778,1,14.17,1
48.0,160129.16,660.0,48,0.0259,4,59.64,0
45.0,15697.81,544.0,48,0.0366,2,46.21,0
63.0,24694.4,766.0,12,0.02,1,2.73,0
83.0,25571.08,689.0,12,0.0816,2,26.65,0
37.0,28888.82,751.0,48,0.0543,4,7.01,0
38.0,36985.56,850.0,12,0.0458,2,45.58,1
61.0,76313.32,661.0,48,0.0748,4,11.16,0
55.0,142297.42,466.0,24,0.0384,12,2.17,1
73.0,176542.51,748.0,24,0.0411,12,25.43,1
54.0,25904.63,717.0,24,0.0719,12,14.15,1
40.0,25727.02,627.0,36,0.0385,1,2.39,1
54.0,223199.63,740.0,36,0.0403,1,35.78,1
62.0,114318.53,779.0,60,0.0513,12,18.39,1
57.0,65046.97,605.0,60,0.0568,1,18.89,0
53.0,96118.46,670.0,60,0.0647,4,1.34,0
61.0,58116.0,848.0,24,0.0457,2,16.09,1
63.0,101172.75,628.0,24,0.02,4,6.21,0
66.0,42784.59,707.0,24,0.0571,12,16.11,1
55.0,78339.32,438.0,12,0.0541,2,30.51,0
42.0,13219.57,552.0,12,0.0535,4,15.91,1
47.0,30098.05,716.0,24,0.0349,2,2.01,1
63.0,30424.05,823.0,48,0.02,1,43.76,0
33.0,41175.96,564.0,60,0.0494,2,11.77,0
51.0,23706.08,707.0,36,0.031,2,4.42,0
39.0,35117.55,662.0,60,0.0611,12,51.45,0
45.0,13168.54,795.0,48,0.065,1,29.69,0
64.0,103642.26,578.0,12,0.02,4,7.64,0
48.0,55132.05,743.0,24,0.036,12,32.82,1
46.0,10881.21,635.0,12,0.0841,2,13.38,0
25.0,25982.28,722.0,12,0.0411,4,4.91,0
56.0,83834.63,707.0,48,0.0539,2,16.95,0
55.0,34786.27,675.0,12,0.0676,2,6.84,1
77.0,29823.7,748.0,12,0.0545,4,52.11,0
40.0,55570.48,704.0,60,0.0718,2,18.44,0
48.0,84423.2,687.0,60,0.0687,2,46.82,0
49.0,14237.68,664.0,48,0.0766,4,12.61,1
69.0,103790.37,708.0,24,0.0535,4,5.68,0
44.0,26895.3,722.0,60,0.0419,12,9.39,0
49.0,58810.28,601.0,12,0.0237,4,4.81,0
54.0,57790.51,665.0,36,0.0584,12,21.56,1
48.0,35345.77,594.0,60,0.0749,4,58.19,0
38.0,21511.44,696.0,36,0.0352,12,10.85,0
48.0,44995.31,641.0,24,0.0374,12,10.26,1
61.0,304166.43,777.0,12,0.0428,2,49.2,0
30.0,15341.62,767.0,60,0.032,1,26.71,1
47.0,325238.17,608.0,24,0.053,4,4.9,1
34.0,46178.93,700.0,48,0.0399,4,25.38,1
63.0,62029.88,764.0,24,0.0262,2,14.84,1
22.0,20197.0,682.0,48,0.0334,1,27.0,0
37.0,27687.34,627.0,48,0.0788,1,7.07,1
51.0,36209.99,591.0,60,0.0523,4,24.59,0
68.0,21042.62,785.0,36,0.079,4,49.07,0
44.0,48585.58,790.0,48,0.0392,12,35.14,0
37.0,39854.24,679.0,12,0.021,1,21.13,1
73.0,381086.3,777.0,60,0.0445,1,39.39,0
23.0,18657.92,403.0,48,0.0829,12,17.53,0
18.0,66349.43,833.0,60,0.02,12,12.02,1
52.0,76714.52,684.0,12,0.02,4,8.21,1
37.0,20530.76,714.0,60,0.0441,1,23.04,0
30.0,118993.9,668.0,60,0.0711,2,20.68,1
56.0,40202.04,840.0,48,0.0292,12,39.81,0
49.0,4952.31,594.0,24,0.0534,1,52.18,0
37.0,115826.61,847.0,60,0.0488,1,26.62,0
26.0,19595.58,740.0,48,0.0739,1,22.94,1
58.0,20998.89,762.0,12,0.0963,1,31.58,1
55.0,119121.84,667.0,12,0.0343,12,10.15,0
44.0,42312.53,569.0,24,0.0429,2,42.93,0
73.0,149907.27,793.0,12,0.0487,2,41.9,0
29.0,200820.37,731.0,48,0.0336,12,3.79,1
22.0,31415.97,836.0,24,0.0854,1,18.23,0
35.0,132357.58,681.0,48,0.0277,12,1.63,0
44.0,28128.52,658.0,24,0.0751,12,38.17,0
49.0,558559.22,839.0,24,0.0414,1,13.24,1
41.0,29942.76,850.0,48,0.0488,12,33.13,0
50.0,167056.51,701.0,24,0.0524,12,7.33,0
26.0,139217.12,625.0,48,0.0404,1,1.37,1
67.0,82132.4,781.0,12,0.0656,2,20.15,1
44.0,30621.47,675.0,12,0.0586,12,7.38,0
62.0,51462.18,760.0,60,0.0806,4,8.24,0
50.0,6949.41,674.0,36,0.0628,1,34.24,0
52.0,74938.27,850.0,36,0.026,4,43.87,0
54.0,84932.77,630.0,12,0.0469,12,0.48,0
52.0,68425.4,748.0,60,0.0816,2,26.53,0
55.0,3061.6,651.0,36,0.0386,12,37.88,0
65.0,16888.08,672.0,48,0.0797,1,38.87,1
48.0,28336.59,659.0,48,0.0644,2,2.24,1
56.0,80150.3,774.0,24,0.0661,12,0.97,0
44.0,79964.57,792.0,36,0.02,1,50.34,1
67.0,50502.4,756.0,48,0.0584,4,0.22,1
35.0,113011.58,689.0,36,0.0916,12,39.91,1
72.0,21455.96,714.0,24,0.0326,4,0.62,1
44.0,110220.15,790.0,12,0.0818,1,7.11,0
24.0,96253.64,793.0,60,0.0537,1,59.53,0
47.0,87339.21,431.0,24,0.0339,4,45.91,0
35.0,49909.15,673.0,24,0.0443,2,4.17,0
58.0,373526.35,678.0,24,0.02,12,40.73,0
35.0,98046.36,767.0,60,0.0508,1,32.13,1
38.0,22735.07,693.0,48,0.0582,2,37.76,0
18.0,76749.76,772.0,36,0.0973,1,21.63,1
38.0,127068.73,592.0,12,0.0577,1,44.93,0
18.0,33252.71,726.0,12,0.0786,1,9.7,0
21.0,177952.55,790.0,60,0.03,4,15.01,0
56.0,87731.27,553.0,12,0.0464,4,27.81,0
57.0,5753.26,850.0,60,0.0564,1,13.41,1
51.0,80795.13,819.0,60,0.0328,12,39.78,0
30.0,39893.59,700.0,36,0.0456,2,8.19,0
44.0,102455.09,617.0,36,0.0694,1,17.1,1
45.0,153924.09,682.0,60,0.0986,2,14.57,0
28.0,72777.49,708.0,36,0.0664,1,17.62,0
68.0,316554.99,744.0,48,0.0358,2,42.65,0
58.0,50075.8,850.0,24,0.0493,12,4.83,0
42.0,111839.25,652.0,12,0.029,2,11.35,1
45.0,133912.59,756.0,12,0.0551,1,32.42,1
48.0,54320.34,571.0,12,0.0798,12,2.75,1
18.0,130453.79,659.0,12,0.056,1,4.55,1
41.0,33035.14,738.0,48,0.0498,1,5.39,1
35.0,39239.2,769.0,48,0.0486,4,17.53,1
30.0,16115.09,625.0,24,0.0539,2,48.28,0
41.0,76222.28,656.0,60,0.0833,1,15.82,0
72.0,82888.51,846.0,36,0.0654,12,21.59,1
55.0,194709.34,816.0,24,0.0294,12,47.92,1
36.0,132076.95,721.0,12,0.0381,12,12.95,1
54.0,45035.41,476.0,36,0.0745,4,4.85,0
66.0,18431.57,850.0,24,0.0582,1,8.62,0
59.0,92304.71,698.0,12,0.02,12,30.79,1
46.0,181816.49,669.0,24,0.0711,4,6.17,1
35.0,127412.48,648.0,12,0.0415,12,0.24,1
55.0,177101.36,738.0,12,0.0359,4,35.35,1
51.0,48441.42,739.0,48,0.0709,2,8.17,0
58.0,37548.21,795.0,12,0.0696,1,57.03,0
55.0,28655.44,607.0,24,0.0478,12,1.27,1
61.0,56619.21,669.0,36,0.0588,4,5.34,1
37.0,55348.74,850.0,48,0.0379,1,2.86,0
65.0,73620.41,722.0,36,0.0352,2,26.2,0
48.0,52612.16,683.0,60,0.0429,4,14.32,1
76.0,52384.83,606.0,36,0.043,12,6.72,1
35.0,27537.55,751.0,60,0.038,1,44.99,1
71.0,153525.05,803.0,60,0.0676,2,1.45,1
48.0,64635.43,787.0,48,0.0521,2,25.92,0
35.0,50289.73,674.0,36,0.0308,4,9.83,0
38.0,28355.34,736.0,12,0.0374,2,18.25,1
40.0,15805.08,850.0,48,0.0256,12,37.43,1
51.0,221452.68,807.0,48,0.0485,4,14.24,1
53.0,104259.55,622.0,12,0.0789,2,5.21,0
36.0,11802.68,445.0,36,0.0559,1,12.6,0
45.0,128430.39,730.0,48,0.0521,12,33.36,1
77.0,150614.85,780.0,60,0.0204,1,31.05,1
71.0,67803.98,591.0,12,0.0774,2,4.58,1
52.0,295998.86,699.0,24,0.0509,12,17.64,0
46.0,74363.44,674.0,48,0.0521,1,9.8,0
47.0,14518.46,710.0,60,0.027,2,13.73,0
54.0,86264.12,646.0,36,0.0476,12,12.49,1
30.0,76488.62,829.0,36,0.0317,12,29.31,0
41.0,32751.47,715.0,12,0.0364,12,21.07,0
20.0,106250.93,612.0,60,0.02,2,8.15,0
51.0,11297.48,792.0,12,0.02,2,1.26,1
55.0,161226.72,574.0,48,0.0932,12,25.07,0
38.0,24881.46,828.0,12,0.054,12,53.16,0
69.0,22360.56,799.0,24,0.0729,12,22.19,1
27.0,53432.54,839.0,12,0.0442,2,27.96,1
23.0,92316.02,684.0,12,0.0465,4,23.29,0
48.0,70539.21,650.0,48,0.0288,1,6.63,1
61.0,28490.92,708.0,60,0.0622,1,50.47,0
70.0,36095.04,692.0,24,0.0649,1,3.03,0
38.0,19282.59,635.0,12,0.0605,4,2.32,1
61.0,47825.78,645.0,48,0.0501,2,23.92,0
44.0,175434.53,663.0,48,0.056,12,22.86,0
42.0,59619.45,583.0,48,0.0413,12,21.01,0
58.0,141409.36,768.0,60,0.0708,4,5.02,1
55.0,256632.75,695.0,12,0.0227,1,21.4,1
21.0,33255.7,669.0,36,0.0341,2,19.33,0
67.0,49683.43,589.0,24,0.0455,2,17.91,1
66.0,525020.64,584.0,36,0.0248,2,22.39,0
36.0,253810.55,850.0,60,0.02,12,2.08,0
51.0,11244.06,637.0,12,0.0456,1,25.06,0
52.0,88181.13,761.0,36,0.0413,1,11.77,0
49.0,59907.68,716.0,36,0.0468,4,5.99,0
37.0,136824.33,422.0,36,0.0503,1,25.5,1
35.0,28424.91,850.0,24,0.0621,12,41.51,0
45.0,25858.42,768.0,12,0.052,12,22.85,0
63.0,30452.68,623.0,48,0.0849,2,1.8,1
53.0,33795.11,697.0,12,0.0539,2,22.03,0
39.0,135310.06,585.0,36,0.0809,1,14.67,0
57.0,18375.96,850.0,12,0.071,2,4.27,1
18.0,32124.88,609.0,48,0.0729,2,56.73,0
62.0,10006.47,648.0,24,0.02,4,39.84,0
19.0,163917.38,627.0,12,0.0539,2,0.05,1
40.0,213422.72,708.0,12,0.0576,2,9.92,0
28.0,43171.1,837.0,24,0.0442,1,2.41,0
26.0,44446.91,850.0,24,0.0532,1,32.23,0
62.0,94204.37,660.0,36,0.0297,2,19.82,0
38.0,261576.49,738.0,36,0.0787,4,2.56,0
50.0,90094.17,708.0,24,0.0502,12,38.09,1
44.0,29805.79,602.0,48,0.0581,12,1.51,0
52.0,11862.97,850.0,36,0.0341,12,0.76,0
46.0,19631.17,836.0,48,0.0814,4,17.95,0
26.0,64422.58,719.0,24,0.0665,2,27.89,1
60.0,31090.96,850.0,12,0.0709,12,27.05,0
38.0,72763.35,821.0,24,0.0905,2,15.22,1
22.0,34443.51,708.0,24,0.0458,2,19.77,1
39.0,20782.23,733.0,60,0.0619,2,9.27,1
68.0,18452.74,850.0,24,0.0605,12,11.37,1
58.0,285602.0,605.0,36,0.0388,4,14.63,1
40.0,145653.79,850.0,12,0.0577,4,23.32,0
40.0,337904.28,677.0,48,0.0341,4,55.97,0
40.0,102739.39,850.0,60,0.0495,4,22.56,1
76.0,38949.01,699.0,36,0.02,2,7.06,1
51.0,224884.21,734.0,12,0.0343,12,10.48,0
51.0,57926.6,697.0,48,0.02,4,8.26,0
60.0,74670.6,647.0,12,0.0803,4,11.62,0
49.0,57364.2,673.0,36,0.0633,4,37.62,0
41.0,3143.51,838.0,12,0.0406,1,3.36,0
42.0,297966.1,469.0,24,0.0349,2,27.85,0
44.0,97831.7,576.0,12,0.0731,4,19.5,1
44.0,83268.29,627.0,24,0.0856,2,3.49,1
56.0,56287.28,592.0,36,0.0658,2,9.84,1
46.0,70504.22,850.0,60,0.0766,2,53.8,0
56.0,32949.16,826.0,24,0.0498,1,0.29,1
44.0,110921.65,759.0,12,0.02,1,23.41,0
46.0,16202.19,636.0,12,0.0479,4,31.59,0
18.0,72118.68,834.0,12,0.0526,2,5.65,0
59.0,104985.07,541.0,36,0.0713,1,53.38,0
50.0,49086.08,850.0,48,0.0423,12,37.89,0
60.0,86757.12,632.0,12,0.0269,12,7.56,1
18.0,22218.17,674.0,12,0.02,2,23.31,1
76.0,22792.19,657.0,24,0.0632,12,24.27,0
43.0,75865.49,593.0,60,0.044,4,27.66,0
62.0,118012.95,850.0,12,0.0278,12,25.32,0
29.0,9183.23,779.0,36,0.0624,12,59.79,0
54.0,100913.67,822.0,48,0.0659,12,18.3,1
29.0,34780.02,578.0,48,0.046,2,4.32,1
36.0,49374.72,718.0,48,0.0701,1,22.78,0
74.0,15685.34,752.0,36,0.063,12,29.41,0
42.0,25549.75,727.0,48,0.0472,12,8.72,1
48.0,157333.86,584.0,48,0.0457,2,0.61,0
58.0,61874.5,808.0,24,0.0433,4,10.56,1
52.0,40832.01,712.0,48,0.05,4,3.68,1
47.0,53290.41,605.0,24,0.08,1,20.62,1
50.0,97656.53,514.0,24,0.0737,2,7.85,0
81.0,93013.0,761.0,24,0.0603,1,13.76,1
44.0,55546.35,850.0,36,0.0864,12,17.76,1
48.0,178609.85,598.0,12,0.0728,1,6.77,1
61.0,158017.75,717.0,60,0.0469,1,56.21,0
62.0,90524.16,811.0,48,0.0614,12,16.99,1
63.0,63234.91,573.0,60,0.0772,1,28.39,0
55.0,115534.11,652.0,12,0.0518,1,4.98,0
28.0,81983.02,614.0,24,0.0458,12,27.6,1
70.0,172957.31,798.0,24,0.0865,12,21.38,0
28.0,147202.04,833.0,24,0.061,12,47.14,0
50.0,21628.04,716.0,24,0.0709,1,7.15,1
34.0,20212.1,616.0,48,0.0358,12,4.66,1
44.0,29695.49,656.0,12,0.0682,2,32.54,0
50.0,158917.22,637.0,12,0.0462,1,1.49,0
50.0,12378.19,602.0,12,0.0492,12,10.18,0
51.0,88854.67,690.0,60,0.0307,1,51.08,0
69.0,86037.89,757.0,24,0.0455,2,18.89,1
52.0,191500.95,749.0,36,0.0216,12,11.53,0
41.0,71706.64,699.0,12,0.0726,12,46.35,0
59.0,15627.55,706.0,60,0.0391,4,6.71,0
63.0,22940.18,692.0,48,0.0569,2,13.22,1
27.0,18361.37,570.0,24,0.0268,2,29.61,1
54.0,34963.36,716.0,60,0.0598,4,33.82,0
56.0,49866.19,642.0,36,0.02,2,21.69,0
41.0,18667.86,565.0,36,0.0319,12,10.39,1
66.0,260579.17,737.0,48,0.0771,4,14.2,1
43.0,15910.25,639.0,12,0.0368,1,29.11,0
47.0,230061.84,723.0,12,0.0459,12,1.19,1
42.0,195861.5,785.0,60,0.02,2,34.37,0
45.0,147016.86,605.0,60,0.0771,4,11.83,0
29.0,29918.53,709.0,12,0.0449,1,8.21,1
23.0,84326.45,519.0,12,0.0764,4,4.65,1
69.0,16691.07,850.0,60,0.0363,12,16.67,0
32.0,148881.66,564.0,24,0.0204,12,2.41,0
30.0,55604.27,649.0,36,0.0783,4,18.58,1
18.0,39762.51,834.0,36,0.0579,4,35.93,1
35.0,17610.58,677.0,48,0.0521,2,17.33,1
25.0,5026.57,580.0,36,0.038,12,50.57,1
70.0,21193.7,771.0,60,0.0739,1,6.42,1
60.0,182188.69,769.0,24,0.02,4,16.47,0
35.0,40021.28,637.0,60,0.066,1,37.84,0
79.0,50547.62,648.0,12,0.0261,4,4.51,1
60.0,115330.17,656.0,12,0.0592,12,4.86,1
40.0,364276.65,679.0,36,0.0898,4,29.01,0
18.0,225258.67,511.0,24,0.0492,2,19.98,1
79.0,22644.34,682.0,48,0.0483,1,19.86,0
24.0,8582.06,850.0,60,0.0397,4,29.47,0
20.0,633879.57,610.0,48,0.0469,12,38.62,1
60.0,578961.7,642.0,48,0.0411,4,10.52,1
82.0,72290.9,582.0,48,0.0504,1,21.04,1
66.0,16806.34,761.0,48,0.0443,12,8.86,0
53.0,156878.44,820.0,60,0.0466,4,13.84,0
54.0,53745.56,818.0,12,0.0388,2,23.21,0
58.0,53477.64,575.0,60,0.0475,2,30.58,1
56.0,146452.85,750.0,12,0.0492,2,1.7,1
49.0,83648.16,843.0,12,0.0832,12,54.93,0
47.0,18291.38,751.0,60,0.0818,4,31.06,1
44.0,43271.87,748.0,60,0.0565,12,13.68,1
34.0,115977.67,653.0,60,0.0411,2,22.22,0
41.0,99733.03,722.0,12,0.057,12,19.83,0
20.0,77809.33,824.0,60,0.0336,4,38.38,0
44.0,152271.89,733.0,24,0.0389,2,13.95,0
30.0,41701.11,575.0,36,0.0511,12,21.4,1
28.0,71587.07,654.0,36,0.0367,1,48.41,1
48.0,2047.59,821.0,24,0.0371,2,12.64,0
66.0,38190.8,732.0,36,0.0407,1,29.35,1
59.0,128528.11,712.0,12,0.0957,2,5.35,1
21.0,40522.21,645.0,60,0.0535,4,30.69,0
30.0,37562.92,819.0,60,0.02,12,36.82,0
59.0,21132.07,850.0,60,0.0539,1,37.88,0
30.0,163303.53,826.0,24,0.0591,1,25.25,1
42.0,103617.68,844.0,24,0.0488,12,42.09,0
53.0,136682.31,664.0,12,0.0622,4,21.48,0
30.0,10655.02,650.0,24,0.0386,1,9.99,1
47.0,50998.42,684.0,60,0.0471,12,2.3,1
25.0,45246.88,704.0,12,0.0482,1,42.86,0
36.0,45226.04,843.0,12,0.0362,4,23.13,0
50.0,32337.16,817.0,60,0.031,1,41.69,0
21.0,42357.29,754.0,48,0.0515,1,1.95,0
52.0,140034.6,557.0,60,0.0546,4,14.96,1
45.0,8840.94,531.0,12,0.02,1,12.16,1
53.0,354085.88,724.0,48,0.0397,12,15.4,1
48.0,97133.45,788.0,60,0.0443,4,0.49,1
65.0,57392.45,692.0,60,0.0536,1,14.85,0
47.0,148276.51,850.0,48,0.0664,4,29.49,0
39.0,14018.95,592.0,48,0.0438,2,17.54,1
47.0,30800.9,579.0,36,0.0616,12,20.31,0
53.0,53046.52,634.0,48,0.0225,1,21.3,1
46.0,234581.97,630.0,24,0.0768,12,18.2,1
46.0,57153.93,753.0,48,0.049,1,0.1,1
34.0,93906.48,658.0,12,0.02,2,4.06,1
35.0,33203.85,545.0,48,0.0619,2,5.56,1
24.0,97425.38,789.0,60,0.0447,12,6.07,0
71.0,320372.48,524.0,24,0.0867,12,13.6,1
26.0,162028.37,593.0,48,0.0819,4,1.17,0
35.0,55190.38,538.0,24,0.0678,1,17.0,1
34.0,117652.52,721.0,36,0.02,1,6.71,0
58.0,106672.32,719.0,24,0.0455,12,1.04,1
41.0,99368.22,850.0,60,0.0754,4,30.64,0
64.0,182034.84,791.0,36,0.0668,2,4.45,1
35.0,180679.08,844.0,48,0.0316,1,3.89,0
49.0,52724.81,729.0,24,0.0479,2,8.0,0
32.0,113763.73,602.0,36,0.0619,4,11.74,1
77.0,40819.09,713.0,48,0.02,1,11.58,1
27.0,23787.79,759.0,48,0.02,4,5.67,0
50.0,45729.84,770.0,24,0.0987,4,40.87,0
55.0,55476.89,653.0,24,0.0438,1,7.86,0
51.0,11366.42,749.0,36,0.02,2,43.96,0
42.0,141539.28,607.0,24,0.0361,2,38.12,1
43.0,3761.88,596.0,48,0.0565,4,38.02,1
46.0,904210.02,588.0,60,0.0659,12,49.43,0
43.0,268842.0,702.0,36,0.0368,4,9.02,1
59.0,46119.51,582.0,60,0.0261,2,0.22,0
78.0,60441.21,658.0,60,0.0674,4,5.47,1
37.0,81062.19,790.0,48,0.0311,4,24.25,0
24.0,33217.75,597.0,60,0.0449,1,23.17,1
44.0,72592.66,650.0,12,0.0634,4,34.37,0
84.0,51844.29,707.0,36,0.0403,12,1.76,1
33.0,54487.54,725.0,48,0.0901,12,3.29,0
70.0,71787.17,650.0,24,0.033,12,33.31,0
70.0,16098.35,779.0,48,0.0426,12,3.3,1
37.0,62290.84,759.0,24,0.0421,4,51.6,0
54.0,70505.62,814.0,48,0.0373,12,2.33,0
69.0,68107.98,692.0,12,0.0717,12,49.28,0
39.0,48250.88,649.0,36,0.043,1,24.34,0
42.0,186811.95,632.0,60,0.1071,2,31.7,0
36.0,42038.76,731.0,48,0.052,1,32.0,0
30.0,75156.35,662.0,36,0.0544,12,22.94,0
35.0,219103.07,643.0,36,0.02,2,7.14,1
27.0,55305.29,655.0,36,0.0384,1,4.73,0
46.0,74195.83,632.0,36,0.0637,4,12.42,0
33.0,54372.59,720.0,36,0.0609,2,31.19,1
49.0,206358.41,559.0,60,0.0288,1,40.94,0
22.0,46271.22,730.0,60,0.0408,1,35.39,1
50.0,216069.32,768.0,48,0.02,12,37.19,1
58.0,53982.33,642.0,24,0.0342,2,15.41,1
18.0,25350.16,850.0,48,0.0846,12,45.55,0
51.0,118110.18,702.0,36,0.0547,2,24.68,1
63.0,44149.29,544.0,24,0.0724,12,36.25,1
27.0,111357.49,672.0,48,0.02,2,40.19,0
70.0,3907.28,706.0,24,0.0519,2,8.99,1
51.0,60186.61,745.0,60,0.0477,1,44.65,0
34.0,37812.49,674.0,36,0.0376,12,21.48,0
44.0,20676.26,599.0,24,0.0454,2,15.3,0
53.0,34432.6,591.0,12,0.0395,2,16.69,0
46.0,33735.19,635.0,36,0.0267,2,2.72,1
53.0,57068.88,644.0,60,0.0527,4,27.17,0
31.0,15255.17,587.0,60,0.0675,2,28.15,0
48.0,82147.67,627.0,48,0.0344,4,0.64,0
24.0,234735.54,766.0,12,0.0353,2,16.21,0
43.0,79294.85,850.0,24,0.0661,2,53.0,0
31.0,134455.51,776.0,48,0.051,1,29.88,0
34.0,178896.46,831.0,60,0.043,1,24.98,0
64.0,206176.84,797.0,24,0.052,1,4.44,0
61.0,388535.06,783.0,60,0.0912,1,16.85,1
54.0,36344.49,666.0,60,0.073,12,3.1,1
29.0,29188.09,714.0,12,0.0845,2,9.86,0
40.0,131067.23,658.0,36,0.0647,4,20.33,0
63.0,121572.52,678.0,24,0.0347,2,4.03,0
47.0,130050.13,707.0,12,0.0412,2,46.7,0
80.0,396044.74,771.0,60,0.0349,2,37.31,0
51.0,60558.79,742.0,60,0.0625,1,3.79,1
48.0,91688.9,684.0,12,0.0439,2,7.96,1
40.0,22462.71,706.0,24,0.0333,2,13.33,0
47.0,506521.03,743.0,60,0.0477,12,35.4,0
43.0,42764.14,767.0,24,0.022,12,1.32,0
56.0,43992.92,548.0,12,0.0702,4,5.34,0
59.0,42329.95,592.0,60,0.0307,12,17.82,1
33.0,31416.99,811.0,48,0.0682,1,53.24,0
25.0,28870.14,694.0,48,0.0593,12,12.33,0
18.0,35464.79,658.0,60,0.0615,4,23.66,1
53.0,15278.53,674.0,36,0.0271,4,23.02,0
28.0,27301.09,674.0,60,0.0513,12,24.96,0
18.0,420400.5,756.0,60,0.0396,2,53.04,0
51.0,124948.28,589.0,60,0.02,4,21.55,1
82.0,151131.29,702.0,12,0.0787,12,16.27,1
45.0,194309.74,725.0,60,0.0481,12,1.69,1
58.0,374795.03,740.0,60,0.041,12,34.45,0
46.0,10184.04,722.0,12,0.0775,4,1.14,1
44.0,17502.81,752.0,60,0.0693,2,42.49,0
59.0,26803.19,643.0,48,0.1161,1,8.66,1
41.0,37431.59,606.0,48,0.031,12,5.23,1
49.0,44330.61,850.0,60,0.0386,2,15.98,0
50.0,38293.0,670.0,12,0.0888,1,22.58,0
35.0,74556.23,682.0,60,0.0329,12,35.2,0
60.0,62025.16,768.0,60,0.0354,4,17.87,0
42.0,29061.37,850.0,24,0.0484,1,12.32,0
34.0,6798.46,646.0,36,0.083,2,2.13,0
53.0,22184.1,600.0,12,0.0394,1,12.75,0
32.0,34570.68,576.0,36,0.0956,2,2.86,1
45.0,46766.41,850.0,24,0.0497,2,8.38,0
45.0,19347.77,596.0,36,0.0768,2,1.76,0
61.0,36650.91,697.0,60,0.0432,12,4.48,0
52.0,19322.25,602.0,48,0.0305,1,57.08,1
45.0,52795.47,555.0,12,0.0615,4,2.13,0
57.0,20473.95,671.0,12,0.0209,12,28.34,0
66.0,25619.15,606.0,60,0.02,4,12.03,1
53.0,16176.52,631.0,36,0.0641,4,13.39,0
45.0,51354.06,850.0,12,0.0385,1,11.9,1
25.0,25173.63,742.0,24,0.0224,12,1.36,0
29.0,148269.12,793.0,24,0.038,1,40.65,1
40.0,89845.81,782.0,36,0.0612,12,23.49,0
36.0,55834.55,690.0,24,0.0312,12,0.89,1
42.0,26970.92,656.0,48,0.02,1,25.77,1
46.0,87598.6,725.0,60,0.0468,12,1.1,1
53.0,119455.7,717.0,12,0.0572,1,15.5,1
44.0,69057.06,643.0,60,0.0662,2,16.97,1
52.0,297658.42,713.0,36,0.0704,2,1.67,0
46.0,94810.68,629.0,60,0.0468,4,11.38,1
18.0,149284.21,683.0,12,0.088,1,12.81,0
31.0,68429.92,666.0,12,0.0475,4,15.15,1
43.0,117672.95,573.0,36,0.0455,12,4.42,0
27.0,26989.92,465.0,12,0.0442,2,54.9,0
54.0,37858.15,606.0,24,0.0529,1,1.32,1
68.0,84911.39,850.0,60,0.0602,4,5.4,0
63.0,84296.83,669.0,48,0.0779,12,9.66,1
42.0,99470.05,778.0,48,0.0392,12,1.67,1
67.0,179942.55,488.0,48,0.0339,1,3.05,0
47.0,14400.65,599.0,36,0.0528,12,20.86,0
40.0,22596.44,565.0,48,0.0412,4,17.57,0
36.0,75325.4,680.0,60,0.0276,1,16.07,1
40.0,29016.98,850.0,12,0.0741,4,13.06,1
39.0,1754629.43,746.0,24,0.0734,1,9.61,0
48.0,100279.81,850.0,48,0.0206,4,55.89,0
47.0,55363.13,675.0,48,0.0473,12,43.08,1
45.0,35758.05,836.0,48,0.0615,2,29.45,0
52.0,37043.11,850.0,24,0.0884,12,25.96,0
63.0,61706.26,689.0,60,0.0488,12,50.75,1
59.0,66968.79,646.0,48,0.0673,4,13.28,1
23.0,37922.54,568.0,12,0.0426,4,7.45,1
18.0,45562.84,669.0,36,0.0591,2,38.49,1
59.0,229643.77,708.0,24,0.068,2,11.54,1
24.0,239068.4,850.0,60,0.057,4,10.23,1
42.0,77036.45,571.0,12,0.0505,12,17.87,1
27.0,15658.05,706.0,24,0.0694,1,15.37,0
18.0,102590.76,519.0,24,0.0773,2,20.85,0
53.0,283305.88,657.0,36,0.053,12,9.03,1
56.0,235574.17,731.0,36,0.0707,1,32.23,0
36.0,124794.77,751.0,60,0.0388,12,12.36,1
18.0,248307.45,759.0,48,0.042,2,43.08,0
37.0,63157.33,740.0,36,0.0814,4,28.28,0
51.0,112207.26,758.0,60,0.02,4,9.43,1
23.0,30309.74,705.0,24,0.0452,2,2.95,0
48.0,80198.93,595.0,48,0.0543,4,10.02,1
45.0,226281.31,515.0,12,0.0267,1,7.7,1
54.0,33209.01,645.0,24,0.0715,12,4.58,1
47.0,25299.92,687.0,60,0.049,4,0.28,0
30.0,66005.21,825.0,12,0.0643,4,27.41,0
63.0,47731.07,690.0,24,0.0802,4,1.31,0
43.0,114593.66,680.0,36,0.0746,2,34.41,0
45.0,38053.2,739.0,60,0.0431,2,37.96,0
31.0,333847.51,673.0,12,0.0273,4,12.08,0
38.0,16486.94,781.0,36,0.0419,2,28.59,1
32.0,209763.25,850.0,12,0.0531,12,3.32,1
42.0,27865.67,850.0,48,0.02,1,27.83,0
71.0,9936.97,710.0,48,0.0818,12,18.57,0
24.0,75953.39,734.0,60,0.0524,12,0.74,0
21.0,46415.65,850.0,12,0.0453,1,41.6,0
67.0,19739.77,685.0,48,0.02,1,15.77,0
42.0,11143.63,768.0,24,0.0503,12,5.41,1
35.0,59375.63,586.0,24,0.0519,1,25.72,0
61.0,158869.26,669.0,48,0.0332,12,51.23,0
36.0,107468.55,816.0,48,0.056,4,29.68,1
72.0,63367.52,628.0,60,0.0474,2,46.57,0
55.0,96649.62,687.0,60,0.02,1,7.08,1
38.0,58266.69,543.0,24,0.0637,4,29.68,0
77.0,14332.37,850.0,36,0.0994,1,47.47,0
36.0,14459.49,826.0,12,0.0858,2,51.49,0
56.0,48865.72,719.0,36,0.0598,2,29.91,0
49.0,50988.06,751.0,60,0.0555,2,13.45,1
65.0,140222.07,740.0,36,0.02,1,5.09,1
68.0,127682.78,838.0,60,0.055,12,10.52,0
45.0,109659.24,648.0,36,0.0441,1,39.22,1
34.0,45239.11,773.0,24,0.02,1,14.74,0
52.0,15053.23,808.0,60,0.0425,4,28.24,1
35.0,90406.47,822.0,24,0.0385,4,39.58,1
75.0,101231.91,474.0,36,0.02,12,11.44,1
47.0,5494.31,640.0,48,0.048,2,27.66,0
40.0,25995.06,598.0,48,0.0204,2,9.06,0
48.0,29999.79,715.0,12,0.0581,1,13.36,0
25.0,67396.62,498.0,48,0.0612,2,8.21,1
30.0,26812.93,495.0,12,0.02,12,14.98,0
63.0,57633.85,850.0,36,0.0418,2,58.04,0
35.0,48507.08,762.0,12,0.0406,4,9.36,0
29.0,51064.79,712.0,12,0.0453,2,33.48,1
53.0,29249.15,736.0,12,0.02,1,30.7,0
63.0,31603.24,715.0,24,0.0577,4,2.05,0
56.0,20327.56,800.0,12,0.0804,12,5.41,1
60.0,87558.94,637.0,60,0.0803,1,9.36,1
34.0,105990.28,719.0,36,0.0682,1,8.95,1
24.0,27705.38,723.0,24,0.02,4,35.16,0
68.0,273933.35,595.0,60,0.0374,1,4.6,0
40.0,43712.9,828.0,36,0.0601,2,8.31,0
41.0,276560.71,655.0,24,0.0592,2,1.57,1
65.0,31504.1,802.0,36,0.0732,4,38.41,1
53.0,7890.56,711.0,48,0.0448,2,2.68,1
52.0,89518.25,850.0,36,0.0256,1,12.34,0
77.0,76768.15,596.0,48,0.0606,4,38.94,0
35.0,61969.26,592.0,48,0.0405,4,25.85,0
59.0,31500.78,609.0,36,0.0779,12,6.83,0
46.0,57839.53,713.0,48,0.0634,1,20.17,0
49.0,35908.9,850.0,24,0.0426,1,2.88,1
68.0,44251.76,850.0,48,0.0534,12,4.05,1
53.0,138917.05,469.0,12,0.0723,12,17.39,1
53.0,71985.3,725.0,24,0.0606,1,33.16,0
61.0,110188.89,379.0,24,0.0528,12,34.68,1
40.0,47483.21,780.0,24,0.055,4,18.54,1
32.0,42530.75,812.0,12,0.0439,4,22.4,0
29.0,18892.45,696.0,12,0.0582,1,3.13,1
18.0,41355.61,708.0,12,0.0505,4,3.25,0
76.0,2162.21,707.0,12,0.0293,1,40.77,1
28.0,33182.5,622.0,12,0.0586,12,58.48,0
42.0,55167.31,743.0,60,0.061,2,3.32,0
41.0,105205.79,677.0,60,0.0701,4,42.55,0
50.0,45767.16,793.0,12,0.02,4,15.13,0
57.0,84768.01,689.0,24,0.0554,12,20.41,1
58.0,6769.7,614.0,48,0.0422,4,16.24,0
36.0,56565.99,546.0,48,0.0614,1,12.85,0
42.0,11164.53,514.0,60,0.0254,4,26.46,0
49.0,17884.62,831.0,12,0.0759,12,22.3,0
41.0,49654.01,654.0,36,0.0285,1,25.55,0
69.0,214542.68,734.0,48,0.0399,4,0.55,1
52.0,86786.54,850.0,48,0.1042,4,7.1,1
56.0,60975.72,644.0,24,0.0519,4,8.6,0
55.0,58716.12,637.0,48,0.0718,4,44.65,0
63.0,29330.15,687.0,60,0.055,2,32.95,0
48.0,34752.84,703.0,12,0.0754,2,22.38,0
26.0,91800.78,850.0,12,0.0661,12,6.49,1
51.0,14982.52,850.0,48,0.034,2,45.28,1
35.0,108342.64,762.0,36,0.02,12,38.49,0
37.0,40598.77,845.0,60,0.0245,1,42.22,0
54.0,136701.78,682.0,48,0.0399,2,2.76,1
64.0,156544.17,730.0,60,0.0613,1,42.78,0
45.0,11236.42,670.0,36,0.07,2,38.15,1
50.0,33470.48,571.0,60,0.0491,12,21.07,1
71.0,25450.03,820.0,60,0.0533,1,24.55,0
49.0,9771.96,753.0,60,0.02,4,52.94,0
84.0,21321.4,702.0,12,0.0443,4,35.48,0
53.0,687801.7,700.0,36,0.0481,2,7.1,0
19.0,110140.26,549.0,12,0.059,1,24.84,1
56.0,407292.94,602.0,24,0.0435,12,36.79,0
51.0,137186.75,734.0,48,0.04,12,6.35,0
64.0,28514.18,647.0,12,0.0878,4,27.13,1
55.0,40873.16,678.0,60,0.0224,4,36.8,1
43.0,107843.48,690.0,24,0.0773,2,14.24,0
27.0,92735.46,632.0,36,0.0625,12,18.65,1
42.0,33612.66,603.0,36,0.0475,1,17.48,1
32.0,13226.89,539.0,12,0.094,4,13.9,0
36.0,1603599.24,685.0,60,0.0487,1,5.96,1
54.0,51992.27,762.0,60,0.0329,12,18.84,0
70.0,43228.75,536.0,36,0.0543,1,23.27,0
51.0,67059.43,698.0,60,0.0675,12,2.0,1
27.0,46970.33,728.0,48,0.0611,12,49.41,0
52.0,67692.38,601.0,12,0.0392,1,0.5,0
63.0,216846.99,842.0,12,0.0633,1,7.32,0
36.0,52862.61,661.0,60,0.02,1,20.94,0
43.0,18718.91,690.0,36,0.0772,12,16.16,1
45.0,50937.58,684.0,48,0.066,2,2.19,1
33.0,37631.56,523.0,48,0.02,12,32.7,1
55.0,248674.21,801.0,48,0.0354,12,12.38,1
43.0,193130.05,604.0,24,0.0749,2,14.89,0
51.0,66670.98,676.0,60,0.0454,4,4.29,1
32.0,16668.3,760.0,48,0.0493,1,5.99,1
38.0,17572.8,846.0,60,0.0781,1,2.72,0
56.0,60786.52,592.0,36,0.0381,4,9.29,0
39.0,83811.29,655.0,36,0.02,1,9.21,1
71.0,41166.38,838.0,36,0.0776,12,29.14,0
39.0,37042.84,746.0,24,0.0413,4,3.58,1
48.0,33097.09,767.0,36,0.0495,2,58.4,0
59.0,58489.71,595.0,60,0.0461,12,1.71,1
24.0,5526.1,662.0,12,0.0403,12,58.09,0
19.0,19903.95,683.0,12,0.0327,12,35.46,0
22.0,31982.66,614.0,60,0.0464,12,0.09,0
64.0,200286.31,533.0,12,0.0309,1,5.63,0
37.0,26534.11,649.0,48,0.0774,12,2.14,1
83.0,71715.93,835.0,12,0.0743,1,8.26,1
37.0,75097.52,706.0,24,0.0611,1,24.83,0
48.0,219238.73,837.0,36,0.0604,1,40.53,0
68.0,211626.33,718.0,12,0.02,1,11.17,1
75.0,56528.32,624.0,12,0.0726,2,17.16,1
76.0,37216.79,828.0,24,0.041,1,15.86,1
63.0,30827.64,721.0,24,0.077,1,2.66,0
60.0,47048.62,796.0,12,0.0839,4,59.05,0
54.0,38791.9,593.0,48,0.0452,2,8.59,1
57.0,104154.16,804.0,12,0.02,12,21.03,0
37.0,91154.38,807.0,48,0.0546,1,34.66,1
33.0,108206.98,729.0,36,0.0269,1,51.65,0
45.0,210930.44,619.0,60,0.038,2,2.27,0
42.0,385720.82,695.0,36,0.0458,4,10.59,1
38.0,67823.46,761.0,12,0.069,12,23.09,1
55.0,179775.44,723.0,12,0.059,12,40.41,0
59.0,42122.61,760.0,48,0.0808,2,6.97,1
46.0,195830.93,801.0,24,0.0341,2,40.05,0
67.0,173079.99,635.0,48,0.0725,4,11.57,1
28.0,164130.31,584.0,24,0.0655,2,7.04,0
42.0,65779.92,696.0,24,0.0635,4,8.08,0
34.0,30688.46,667.0,24,0.0722,4,18.0,0
18.0,14845.79,779.0,24,0.0666,1,59.5,0
44.0,57524.3,593.0,12,0.02,12,3.26,0
43.0,277343.63,802.0,60,0.0384,12,19.85,0
68.0,43921.32,835.0,60,0.0695,1,31.5,0
54.0,131285.1,700.0,36,0.0597,12,0.06,1
30.0,139239.59,706.0,36,0.0708,2,57.7,0
73.0,45085.4,623.0,36,0.0541,1,16.92,1
63.0,223316.39,646.0,48,0.0394,4,41.56,0
54.0,3266.06,659.0,36,0.0336,4,21.6,0
42.0,17628.1,844.0,36,0.02,2,11.65,0
31.0,23965.43,693.0,36,0.0605,12,18.22,0
39.0,26377.98,568.0,12,0.0211,2,9.66,1
61.0,83806.26,726.0,36,0.05,1,13.04,1
73.0,80020.47,783.0,60,0.0477,2,0.89,0
68.0,88786.56,697.0,12,0.0723,2,41.81,1
38.0,108671.14,847.0,24,0.0959,2,0.36,1
28.0,23153.37,778.0,48,0.0422,4,37.01,0
47.0,17708.92,595.0,12,0.0605,1,48.33,0
18.0,88993.6,645.0,12,0.05,12,27.66,0
50.0,31881.08,723.0,60,0.0321,4,5.56,0
43.0,12450.61,533.0,36,0.0736,4,29.46,1
38.0,158157.13,734.0,24,0.058,2,7.29,0
21.0,241615.26,524.0,60,0.0618,4,49.48,0
53.0,284122.54,802.0,60,0.068,1,35.7,1
37.0,72186.46,791.0,12,0.0681,1,35.53,0
27.0,111963.94,750.0,24,0.0467,12,0.02,0
18.0,235594.7,632.0,60,0.071,1,57.6,0
45.0,31526.51,717.0,48,0.0468,4,7.82,0
72.0,181802.77,649.0,48,0.0259,12,11.01,0
70.0,78857.38,597.0,60,0.06,4,59.17,0
38.0,149299.8,666.0,12,0.0771,4,5.37,0
36.0,72120.46,770.0,48,0.0366,1,44.5,0
52.0,218875.14,704.0,12,0.02,1,5.7,0
30.0,74871.14,845.0,36,0.0525,12,43.05,1
50.0,13575.49,777.0,36,0.0291,1,53.36,0
56.0,255742.57,766.0,12,0.0386,4,13.13,1
63.0,23213.04,539.0,60,0.0519,12,5.86,1
43.0,209621.38,671.0,36,0.02,12,33.21,1
42.0,54707.56,594.0,36,0.0409,12,4.48,0
32.0,194077.14,682.0,48,0.0423,1,20.85,0
33.0,186235.75,631.0,60,0.087,12,39.18,0
42.0,92055.14,662.0,12,0.0469,1,41.25,0
51.0,99561.95,806.0,36,0.0926,2,27.18,0
59.0,91365.99,748.0,60,0.0747,12,13.08,1
33.0,7991.83,801.0,36,0.059,4,32.06,1
67.0,67395.28,540.0,48,0.0572,4,12.83,1
41.0,19612.76,706.0,60,0.0565,12,3.59,1
45.0,71053.41,797.0,24,0.0527,1,38.8,0
34.0,19092.63,850.0,48,0.0204,2,51.06,0
18.0,18307.17,545.0,12,0.057,2,5.66,0
58.0,298025.55,665.0,60,0.0519,1,14.68,0
56.0,174459.41,803.0,36,0.0542,12,3.18,1
41.0,59626.62,681.0,60,0.0848,2,8.41,1
46.0,72025.01,609.0,12,0.0459,1,31.81,0
53.0,46727.31,545.0,60,0.0287,4,21.02,0
22.0,105860.38,605.0,36,0.0388,12,23.53,0
37.0,30453.18,531.0,48,0.0667,2,27.29,1
57.0,161739.17,706.0,48,0.0557,12,12.55,0
26.0,46486.31,790.0,36,0.0509,12,16.75,0
49.0,39346.13,574.0,24,0.0225,12,13.13,1
25.0,61188.41,726.0,24,0.074,12,18.63,0
52.0,33151.83,785.0,48,0.0378,2,35.32,1
44.0,83173.36,700.0,12,0.0572,2,36.25,1
21.0,34983.7,539.0,60,0.048,1,30.22,0
62.0,95656.95,739.0,36,0.02,4,36.24,0
34.0,201996.68,695.0,12,0.0574,2,1.19,0
33.0,29163.65,684.0,60,0.026,4,3.89,1
48.0,52544.96,645.0,48,0.0567,4,20.13,0
62.0,94971.37,709.0,36,0.0395,2,36.49,0
30.0,38721.2,751.0,12,0.0462,4,35.78,1
46.0,95255.74,850.0,60,0.0642,1,16.88,1
51.0,104338.83,711.0,48,0.0248,1,2.22,0
55.0,176886.18,850.0,48,0.112,1,0.06,0
48.0,32663.38,736.0,60,0.0331,4,32.25,1
39.0,23323.69,690.0,24,0.064,12,19.47,1
33.0,44021.02,715.0,24,0.068,12,20.27,1
46.0,22748.34,578.0,60,0.0805,1,15.99,1
29.0,105292.58,731.0,60,0.0366,2,10.14,0
18.0,18736.87,501.0,60,0.035,4,2.29,0
52.0,617241.98,614.0,48,0.0719,1,11.61,1
59.0,218803.18,711.0,36,0.0609,12,7.15,1
18.0,60631.86,819.0,48,0.0613,1,25.07,0
30.0,142542.36,843.0,48,0.078,1,35.02,1
54.0,11651.59,676.0,24,0.0519,1,15.62,0
76.0,746666.07,716.0,60,0.0536,12,31.12,1
45.0,33182.75,798.0,48,0.0766,12,1.56,0
34.0,53077.19,567.0,48,0.0535,2,0.79,0
42.0,9358.75,740.0,60,0.0297,12,25.46,1
66.0,97371.35,617.0,36,0.032,1,10.23,1
35.0,19804.33,683.0,24,0.0447,12,19.74,1
33.0,66280.81,654.0,12,0.0571,2,1.78,0
38.0,34742.73,744.0,48,0.0692,4,59.27,0
31.0,20378.91,755.0,36,0.098,2,4.32,1
47.0,26786.1,789.0,12,0.0451,1,36.28,1
69.0,75040.86,735.0,60,0.022,1,32.66,1
50.0,16622.44,717.0,12,0.02,4,1.67,1
41.0,28316.17,850.0,60,0.0457,2,19.95,0
41.0,116223.85,548.0,36,0.0498,1,15.96,1
22.0,808131.34,850.0,12,0.0623,2,5.78,0
58.0,96528.04,671.0,24,0.0989,12,25.78,1
44.0,23926.42,757.0,36,0.0624,12,28.16,1
42.0,41476.65,667.0,12,0.0517,1,49.24,0
85.0,61795.7,630.0,48,0.07,4,22.48,1
49.0,42216.86,748.0,12,0.02,12,15.17,1
34.0,147717.68,804.0,12,0.055,2,44.64,0
39.0,74419.51,747.0,24,0.02,1,17.28,1
62.0,148427.57,646.0,36,0.0782,4,13.6,0
47.0,43719.79,850.0,48,0.023,1,4.98,0
23.0,225370.33,820.0,36,0.0699,1,10.71,0
59.0,50691.55,793.0,36,0.0662,4,11.59,0
35.0,22670.28,665.0,48,0.0795,2,45.47,0
73.0,528247.59,637.0,48,0.0316,12,13.21,1
61.0,9652.98,672.0,24,0.0488,2,40.87,1
38.0,28602.84,808.0,60,0.0697,4,59.53,0
64.0,31983.4,601.0,24,0.0569,4,2.62,0
46.0,735500.33,593.0,48,0.0598,12,1.93,0
58.0,364710.4,754.0,12,0.0648,12,41.01,0
52.0,266712.92,732.0,12,0.0434,4,1.54,0
32.0,43016.6,623.0,36,0.0307,4,7.97,1
35.0,677508.92,591.0,36,0.0342,12,21.04,1
60.0,86539.13,844.0,60,0.0482,12,55.46,0
40.0,159096.05,736.0,60,0.0351,2,14.41,1
39.0,71660.53,564.0,60,0.0443,4,14.81,1
31.0,56984.43,571.0,60,0.0495,4,41.94,0
51.0,46547.16,664.0,12,0.0804,2,4.42,1
76.0,48550.51,773.0,48,0.028,1,22.04,0
29.0,110028.16,760.0,60,0.0348,12,33.09,0
45.0,86439.48,813.0,24,0.0492,12,23.02,0
66.0,58019.16,551.0,60,0.0294,1,4.93,1
44.0,270905.14,722.0,12,0.02,2,16.0,1
52.0,3081.73,843.0,36,0.0377,2,28.14,1
29.0,99696.64,833.0,24,0.0448,2,4.32,1
51.0,122729.58,736.0,60,0.0536,2,2.62,1
42.0,188520.66,850.0,12,0.0306,4,6.17,0
60.0,56113.32,761.0,36,0.0835,4,1.45,1
63.0,73711.94,804.0,60,0.0655,2,0.52,0
84.0,160483.82,704.0,12,0.0278,12,43.19,1
54.0,265977.34,622.0,12,0.0378,1,2.83,1
50.0,44332.09,612.0,48,0.0363,1,8.04,1
48.0,78196.16,718.0,12,0.0285,12,27.11,0
40.0,320800.26,679.0,60,0.073,2,38.45,1
50.0,7157.91,523.0,12,0.0287,2,46.03,0
41.0,30031.06,597.0,24,0.0521,1,9.0,0
48.0,259324.64,668.0,12,0.0396,1,26.8,0
65.0,178534.62,773.0,12,0.046,4,8.64,1
30.0,100956.52,698.0,24,0.0706,1,42.71,1
62.0,38231.04,693.0,60,0.0564,1,51.34,0
65.0,24789.65,601.0,36,0.0573,1,7.82,1
43.0,33149.55,702.0,48,0.0563,1,25.78,0
18.0,281533.92,832.0,36,0.0597,4,26.68,0
36.0,31938.18,716.0,60,0.029,4,57.65,0
64.0,66265.39,549.0,60,0.0364,4,2.95,1
45.0,28177.87,575.0,24,0.0574,12,27.0,1
30.0,139075.75,759.0,36,0.0355,1,22.09,0
37.0,34936.02,678.0,12,0.043,4,41.73,0
58.0,54306.88,693.0,24,0.0555,12,19.21,0
53.0,11121.3,639.0,24,0.0721,12,22.58,1
41.0,11927.86,750.0,48,0.0671,2,22.64,1
39.0,60335.33,670.0,24,0.082,4,14.64,1
39.0,15912.22,681.0,36,0.0529,1,31.72,0
31.0,491435.82,615.0,60,0.0524,1,52.35,0
69.0,7619.58,792.0,48,0.0368,2,14.16,1
40.0,26898.47,678.0,12,0.0611,12,5.41,0
63.0,60882.49,761.0,36,0.0751,4,15.29,1
68.0,41558.9,581.0,12,0.0388,2,17.56,1
60.0,19847.92,850.0,24,0.0589,1,12.61,0
39.0,22972.94,828.0,36,0.0724,12,5.98,1
51.0,22233.29,509.0,48,0.0333,12,4.08,1
45.0,44948.75,620.0,48,0.061,4,10.14,0
31.0,421649.25,748.0,12,0.0621,4,14.55,0
50.0,64727.23,568.0,60,0.02,4,9.76,1
27.0,195418.85,687.0,48,0.0393,2,54.97,0
63.0,99406.85,743.0,12,0.0277,1,15.21,0
38.0,182382.68,682.0,60,0.0398,4,12.13,0
48.0,3641.08,754.0,36,0.0417,2,27.27,0
49.0,44158.56,631.0,48,0.0493,2,7.83,1
41.0,221269.22,476.0,48,0.0681,4,4.76,1
54.0,33801.63,798.0,12,0.0744,2,49.04,0
38.0,348876.46,798.0,48,0.0535,1,4.41,0
58.0,264049.05,850.0,12,0.076,4,6.8,0
25.0,37454.02,479.0,48,0.0666,2,38.18,0
47.0,36200.8,775.0,12,0.0483,2,12.25,0
74.0,21728.81,503.0,48,0.0793,4,3.75,1
30.0,31901.42,850.0,36,0.0513,2,19.73,1
35.0,17455.52,749.0,36,0.055,1,3.66,1
53.0,91932.62,605.0,12,0.0306,2,24.78,1
48.0,13960.03,778.0,36,0.0572,12,6.52,0
50.0,109505.82,645.0,12,0.0584,1,19.53,1
52.0,112204.54,730.0,12,0.0673,4,0.32,1
55.0,11370.71,721.0,24,0.0455,4,32.39,0
62.0,282044.07,850.0,36,0.0354,2,12.2,1
51.0,100068.41,850.0,24,0.0582,12,23.46,1
41.0,126715.29,640.0,24,0.0648,1,18.79,1
55.0,28038.53,806.0,48,0.0433,2,3.44,1
73.0,111566.84,735.0,12,0.0332,1,17.42,1
43.0,184682.51,559.0,60,0.0418,4,47.31,0
30.0,54251.81,630.0,24,0.0818,4,43.95,0
62.0,443264.73,850.0,48,0.0305,12,1.43,1
43.0,62571.47,736.0,36,0.03,4,1.72,1
18.0,187359.74,800.0,60,0.0874,12,11.4,0
58.0,80258.57,679.0,12,0.0469,4,8.53,1
37.0,107529.61,646.0,48,0.0255,1,2.32,0
44.0,11256.13,703.0,60,0.0217,1,16.21,0
50.0,86773.26,673.0,12,0.0615,2,14.27,1
48.0,28710.69,551.0,12,0.0567,2,50.79,0
56.0,25683.44,600.0,60,0.0616,2,11.81,1
38.0,342526.12,771.0,48,0.0328,2,25.38,1
53.0,48350.4,662.0,60,0.0262,2,6.31,1
41.0,21953.86,703.0,24,0.0608,2,10.53,1
56.0,41809.06,723.0,12,0.0291,12,40.66,0
54.0,16310.26,731.0,36,0.0467,12,58.61,0
31.0,251169.8,815.0,60,0.0323,4,36.65,0
61.0,29861.32,590.0,60,0.083,12,11.29,1
37.0,101650.93,757.0,12,0.0684,1,15.76,0
57.0,232374.77,776.0,12,0.1027,12,11.09,1
51.0,36309.96,799.0,60,0.0628,2,12.15,0
73.0,101928.05,559.0,36,0.0563,12,42.17,0
42.0,21373.65,725.0,12,0.0636,1,0.4,1
40.0,690913.26,850.0,12,0.02,4,46.77,0
45.0,152722.85,690.0,24,0.02,12,6.9,1
40.0,49384.58,748.0,48,0.0642,1,8.3,0
57.0,27644.06,778.0,24,0.0384,12,12.78,1
21.0,53423.36,597.0,36,0.05,4,44.91,0
29.0,42617.33,850.0,48,0.02,12,51.35,0
29.0,422077.64,750.0,60,0.0396,1,4.87,0
59.0,17579.09,752.0,36,0.0428,4,1.23,1
71.0,68514.55,534.0,36,0.0685,4,31.09,1
43.0,58786.17,779.0,24,0.0527,4,25.92,0
42.0,53241.3,751.0,48,0.0224,4,4.24,0
46.0,53711.55,850.0,36,0.0396,2,12.22,0
62.0,53312.66,669.0,48,0.0722,2,4.13,1
31.0,143353.1,601.0,60,0.041,12,19.2,1
49.0,110082.4,632.0,48,0.068,12,10.34,1
60.0,91027.02,650.0,24,0.0391,4,6.09,0
53.0,2881.34,588.0,24,0.0567,1,4.76,0
48.0,80805.06,829.0,36,0.0512,1,29.98,0
60.0,11434.16,833.0,48,0.0478,2,41.73,0
18.0,114270.09,680.0,24,0.0238,1,19.42,0
55.0,261580.5,661.0,12,0.02,4,5.17,0
35.0,23712.58,518.0,24,0.0549,12,24.11,1
18.0,46083.92,770.0,60,0.0507,12,13.14,0
53.0,32880.8,850.0,12,0.0393,4,10.86,0
66.0,205958.87,636.0,48,0.0325,1,46.48,0
43.0,65842.97,688.0,36,0.0768,2,36.26,0
59.0,337165.57,743.0,12,0.0698,2,17.41,1
69.0,90558.76,850.0,24,0.0649,12,11.48,1
65.0,76301.68,720.0,36,0.0822,1,11.07,1
70.0,64100.46,720.0,36,0.028,2,33.7,0
56.0,135671.54,718.0,36,0.0555,1,19.92,1
46.0,10533.48,557.0,36,0.0222,1,25.7,0
21.0,65208.42,555.0,48,0.042,2,2.8,1
41.0,55823.69,619.0,48,0.0438,12,15.11,0
32.0,123675.79,801.0,48,0.0364,1,19.41,0
78.0,49627.4,666.0,24,0.0492,2,21.6,0
42.0,21189.6,647.0,48,0.093,4,3.99,1
47.0,60315.88,645.0,36,0.0552,4,5.42,0
53.0,20275.32,686.0,12,0.0696,12,8.15,1
46.0,8731.9,850.0,12,0.0521,2,59.77,0
70.0,123886.67,685.0,12,0.02,1,21.78,0
36.0,106837.21,621.0,12,0.0374,4,48.32,0
48.0,95520.0,703.0,12,0.0393,1,43.04,0
34.0,220340.29,850.0,60,0.0492,4,33.85,0
25.0,30790.7,650.0,12,0.0621,2,4.54,1
36.0,14312.46,582.0,12,0.0672,1,22.09,1
44.0,55824.62,650.0,12,0.057,12,35.05,0
39.0,42298.2,713.0,24,0.0712,2,44.03,0
35.0,25789.02,769.0,60,0.037,1,59.63,0
24.0,55279.14,801.0,12,0.0612,4,18.89,0
44.0,32480.49,595.0,48,0.06,2,20.04,0
22.0,9547.12,605.0,24,0.068,12,12.49,1
56.0,38515.78,668.0,60,0.0353,4,24.55,1
46.0,19218.43,768.0,48,0.0868,1,0.79,1
23.0,75481.89,574.0,48,0.0342,1,51.28,0
40.0,31068.98,639.0,24,0.0407,2,53.79,0
34.0,181976.25,641.0,48,0.0649,12,4.69,1
50.0,297707.3,794.0,36,0.02,4,15.99,0
65.0,118111.15,753.0,24,0.0313,2,24.03,0
18.0,12695.13,790.0,24,0.0517,12,11.2,0
47.0,269735.2,834.0,36,0.02,4,3.55,0
43.0,289444.96,669.0,24,0.0341,12,0.95,1
55.0,61009.84,581.0,48,0.0518,12,34.19,0
48.0,224790.95,582.0,48,0.0335,4,3.67,1
34.0,34486.56,516.0,48,0.0856,1,5.67,1
40.0,9262.73,654.0,36,0.0645,1,33.15,0
33.0,27993.16,662.0,48,0.059,12,24.1,0
61.0,337493.28,779.0,36,0.0528,12,30.37,0
45.0,13479.43,702.0,36,0.0653,2,5.45,0
74.0,59845.49,651.0,36,0.0512,1,55.37,0
44.0,61953.78,688.0,24,0.0302,1,2.09,1
34.0,35847.38,596.0,60,0.0568,12,2.09,1
22.0,38425.57,803.0,36,0.0357,2,20.98,1
18.0,64360.1,621.0,48,0.0586,2,13.66,0
21.0,34126.78,586.0,36,0.0559,2,6.22,0
49.0,14442.66,782.0,12,0.0374,4,21.68,0
53.0,74238.04,757.0,24,0.0912,4,24.77,0
21.0,175144.49,528.0,48,0.0755,4,7.1,1
58.0,142853.16,786.0,24,0.0489,2,8.89,0
38.0,26642.54,626.0,24,0.0601,1,49.01,0
47.0,17133.18,663.0,12,0.0567,4,0.29,1
69.0,45062.79,719.0,36,0.0392,12,48.0,0
58.0,287159.05,759.0,48,0.0614,12,29.68,0
41.0,114187.61,745.0,60,0.0461,12,3.09,0
32.0,121050.69,695.0,24,0.0219,1,18.81,1
18.0,145780.44,658.0,60,0.0398,4,0.97,1
34.0,91196.02,741.0,60,0.0399,1,27.56,0
42.0,67549.0,688.0,36,0.02,4,28.88,1
30.0,116111.58,850.0,60,0.0767,12,13.35,0
43.0,34677.07,759.0,48,0.0395,12,1.54,0
46.0,14552.78,608.0,36,0.0425,1,16.6,1
42.0,123376.62,652.0,60,0.095,4,9.31,0
35.0,206434.43,705.0,36,0.0305,12,3.96,1
48.0,19570.29,830.0,48,0.0481,4,12.48,0
52.0,136205.69,841.0,24,0.02,4,5.82,0
29.0,321504.14,660.0,12,0.0372,2,12.41,1
66.0,59739.8,607.0,36,0.0396,4,12.57,0
44.0,26423.2,594.0,12,0.0724,1,3.04,1
45.0,67712.0,725.0,24,0.0333,12,0.11,0
56.0,34525.93,850.0,48,0.067,1,30.0,1
48.0,32314.45,754.0,24,0.104,4,16.41,1
59.0,92335.51,541.0,12,0.085,1,42.11,1
49.0,12043.38,627.0,48,0.02,12,3.17,0
36.0,14130.22,638.0,60,0.0599,4,9.83,0
50.0,61040.38,618.0,60,0.0814,1,4.72,1
28.0,58553.23,661.0,36,0.0334,4,53.29,0
47.0,84419.57,737.0,60,0.0483,4,21.24,0
45.0,390516.46,768.0,12,0.0437,1,11.21,0
42.0,66470.53,809.0,60,0.0691,4,48.09,0
43.0,108898.57,752.0,36,0.0405,1,18.14,0
18.0,22572.04,505.0,48,0.0882,12,20.98,0
37.0,129047.74,594.0,60,0.0746,4,23.35,1
46.0,35369.64,684.0,36,0.02,1,5.75,1
47.0,64306.81,715.0,60,0.02,12,0.99,0
30.0,53699.09,786.0,60,0.0542,2,59.35,0
64.0,168210.97,704.0,12,0.0457,4,14.32,0
32.0,16155.62,705.0,36,0.0485,12,14.66,0
60.0,6104.38,724.0,36,0.0386,4,2.9,1
51.0,48366.72,674.0,24,0.0287,4,9.48,0
35.0,95657.68,709.0,24,0.0505,2,30.12,0
72.0,69721.87,813.0,36,0.0594,12,5.36,1
27.0,205295.2,692.0,12,0.0708,4,9.87,1
59.0,92723.08,697.0,60,0.0741,12,1.49,1
60.0,34069.29,697.0,48,0.0508,2,21.69,0
35.0,5852.24,830.0,60,0.0571,12,48.79,0
66.0,47225.43,589.0,48,0.02,2,28.4,0
41.0,167369.46,850.0,12,0.0644,12,27.45,0
49.0,40455.27,582.0,24,0.0768,2,14.07,1
49.0,61594.03,635.0,36,0.0631,12,36.54,0
43.0,91250.18,774.0,12,0.049,1,52.09,0
57.0,21692.19,803.0,48,0.0308,1,31.47,0
57.0,111662.47,560.0,36,0.0309,4,9.7,0
19.0,307774.24,591.0,48,0.0461,2,59.24,0
65.0,50371.79,728.0,60,0.0592,4,6.3,1
20.0,19359.44,850.0,60,0.02,1,8.92,0
60.0,56016.35,825.0,60,0.0235,4,22.59,1
62.0,6474.43,675.0,36,0.0688,12,7.03,1
29.0,83859.94,458.0,24,0.0846,2,20.51,1
39.0,94115.16,708.0,24,0.0465,2,16.62,0
28.0,319859.24,736.0,48,0.0631,12,9.69,1
42.0,49316.07,662.0,24,0.0477,2,17.83,0
40.0,90082.87,615.0,24,0.0525,2,27.2,1
57.0,25303.85,716.0,48,0.0281,4,5.36,1
65.0,41922.29,606.0,48,0.0611,2,2.28,1
66.0,13027.46,850.0,48,0.0352,1,24.87,1
37.0,49276.88,850.0,36,0.0549,12,45.25,0
42.0,44120.99,766.0,48,0.0651,2,7.28,0
20.0,80756.99,709.0,36,0.0626,1,0.9,0
33.0,32093.32,634.0,36,0.0339,12,5.18,0
59.0,65078.23,698.0,36,0.0554,4,1.81,1
69.0,42899.69,850.0,48,0.0385,4,24.12,0
26.0,42980.45,787.0,24,0.0648,4,11.03,0
36.0,64884.39,720.0,24,0.0667,4,2.61,0
45.0,62350.25,792.0,48,0.0656,1,8.75,1
49.0,128177.85,755.0,24,0.08,1,6.92,1
33.0,53069.46,740.0,48,0.0607,2,58.71,0
51.0,42197.43,798.0,36,0.0811,2,6.21,0
38.0,49970.72,752.0,60,0.065,4,21.81,0
45.0,29299.8,786.0,12,0.0366,12,28.74,0
53.0,41776.49,716.0,48,0.0554,12,11.77,1
45.0,456415.43,675.0,36,0.0721,4,26.45,1
38.0,24036.32,645.0,60,0.0736,1,7.47,0
43.0,45312.75,633.0,36,0.0423,1,0.1,0
44.0,40640.13,539.0,12,0.0421,4,23.48,1
39.0,46762.1,609.0,24,0.0635,4,4.1,1
41.0,42991.63,606.0,24,0.0357,1,34.48,0
69.0,79161.08,649.0,36,0.0473,1,13.71,0
53.0,10827.29,850.0,12,0.0535,1,19.04,1
41.0,168918.47,684.0,36,0.0484,4,26.84,1
55.0,112711.06,724.0,24,0.0678,1,1.95,0
40.0,17276.95,727.0,36,0.0664,12,5.65,0
63.0,6191.44,850.0,60,0.0545,1,14.51,1
51.0,22537.32,642.0,12,0.0289,2,25.23,1
43.0,46973.25,678.0,24,0.0793,1,19.27,1
52.0,790398.0,689.0,36,0.0361,2,6.15,0
21.0,103079.62,814.0,12,0.0402,12,1.4,1
28.0,9822.3,834.0,36,0.0346,2,23.47,0
27.0,30041.78,747.0,24,0.0211,4,12.31,0
47.0,56771.38,823.0,12,0.0707,4,22.74,1
71.0,77163.63,718.0,24,0.0871,4,7.94,1
78.0,16078.71,683.0,60,0.0254,12,11.81,0
55.0,52313.5,818.0,60,0.02,4,27.86,1
53.0,29212.76,749.0,48,0.0533,1,15.87,1
18.0,19855.6,626.0,12,0.0573,12,12.47,0
37.0,77621.18,800.0,60,0.02,12,28.84,1
33.0,129816.5,679.0,48,0.0295,1,12.6,0
36.0,138834.98,667.0,12,0.0767,1,31.04,1
42.0,106338.89,789.0,24,0.0624,2,23.99,0
38.0,36411.16,691.0,36,0.0765,4,44.97,0
18.0,122338.83,739.0,36,0.0293,1,25.41,0
56.0,81556.76,766.0,24,0.0501,12,17.2,0
29.0,68455.69,622.0,60,0.0489,12,57.66,0
49.0,32477.63,738.0,36,0.0717,1,18.48,1
76.0,36429.13,835.0,24,0.0374,4,25.3,1
31.0,64465.59,604.0,48,0.0399,2,2.34,1
18.0,686852.24,745.0,48,0.0603,2,20.88,0
41.0,80922.12,617.0,24,0.0658,4,10.37,0
62.0,32494.02,802.0,12,0.041,4,26.8,0
74.0,26045.77,801.0,60,0.0547,12,21.01,1
27.0,36615.74,665.0,60,0.0689,1,27.76,1
52.0,528233.37,850.0,24,0.0564,2,39.96,1
38.0,40164.68,811.0,36,0.0412,4,44.25,0
43.0,148281.91,771.0,60,0.0561,12,12.17,0
85.0,41112.68,765.0,60,0.0631,2,3.36,0
22.0,77744.61,798.0,48,0.0517,12,7.3,0
49.0,132156.92,600.0,48,0.0608,12,7.58,1
52.0,33795.98,719.0,48,0.0692,2,8.43,1
61.0,31536.1,738.0,60,0.0584,12,0.18,1
46.0,314540.99,660.0,60,0.0673,1,6.97,1
50.0,160266.43,746.0,60,0.0468,12,5.82,1
39.0,132015.2,823.0,36,0.0405,1,41.8,1
49.0,131567.63,658.0,36,0.0785,4,4.38,1
40.0,94804.82,695.0,36,0.02,2,32.16,1
54.0,450347.96,618.0,12,0.0585,12,2.76,0
39.0,62561.68,521.0,60,0.044,1,21.56,0
51.0,106645.16,778.0,60,0.0637,12,35.66,0
45.0,14031.88,697.0,24,0.0264,12,31.45,0
62.0,26239.98,705.0,24,0.0573,1,43.66,0
44.0,18018.98,601.0,12,0.0619,12,33.47,1
18.0,214071.12,681.0,24,0.058,2,45.52,0
64.0,4663.21,810.0,36,0.0326,2,17.83,1
31.0,40042.23,700.0,12,0.038,2,26.7,1
35.0,2999.78,703.0,12,0.0641,2,55.14,0
36.0,26074.47,721.0,12,0.0479,1,15.99,1
66.0,36645.69,576.0,48,0.02,12,19.05,1
18.0,239155.94,762.0,24,0.0405,1,30.99,0
85.0,89021.03,574.0,60,0.0737,12,11.48,1
61.0,26026.19,606.0,48,0.0471,4,0.68,1
48.0,173852.71,595.0,36,0.0236,12,59.19,0
44.0,60951.41,682.0,48,0.0429,12,18.24,1
49.0,62166.21,665.0,36,0.0497,2,10.04,1
53.0,17985.63,700.0,60,0.035,12,31.23,1
55.0,22247.53,609.0,60,0.077,4,0.25,1
53.0,26236.39,801.0,24,0.044,1,9.59,0
46.0,62721.61,783.0,48,0.0455,2,15.93,1
42.0,64723.89,683.0,60,0.0469,4,51.54,0
43.0,280433.71,652.0,36,0.02,4,1.48,0
42.0,87996.75,642.0,60,0.0575,4,30.33,1
62.0,3993.54,669.0,24,0.0382,1,41.11,0
54.0,77858.0,560.0,36,0.02,1,43.54,0
18.0,14044.46,604.0,12,0.02,4,19.38,1
55.0,22788.91,786.0,24,0.049,1,20.17,1
48.0,26577.77,730.0,24,0.0746,12,17.71,0
45.0,30842.89,850.0,12,0.0644,12,40.88,1
39.0,15136.29,670.0,60,0.0611,1,12.99,0
62.0,73385.53,664.0,24,0.052,4,8.66,0
59.0,14606.15,659.0,12,0.0576,4,33.29,0
33.0,85533.86,668.0,12,0.052,2,23.78,1
51.0,560716.71,634.0,24,0.0353,4,0.44,1
30.0,15845.5,727.0,48,0.036,2,31.68,0
24.0,45048.26,703.0,24,0.0503,2,40.71,0
36.0,4800.82,649.0,48,0.0347,4,10.41,1
58.0,44314.39,825.0,60,0.02,1,1.91,1
59.0,113859.12,850.0,12,0.062,2,16.94,1
53.0,123086.08,817.0,36,0.0588,2,6.16,1
56.0,64690.12,756.0,24,0.02,2,43.4,0
53.0,145693.94,776.0,36,0.0254,1,18.63,1
35.0,763794.87,850.0,60,0.0567,1,16.82,0
51.0,331805.65,776.0,24,0.0271,2,15.77,0
57.0,35506.78,641.0,36,0.0506,1,39.2,0
56.0,14029.2,739.0,60,0.0668,2,27.62,1
63.0,39888.71,763.0,48,0.0408,2,16.42,0
56.0,23225.76,601.0,60,0.0632,12,14.99,0
50.0,94027.97,672.0,24,0.0399,1,19.77,1
61.0,18376.11,810.0,24,0.0434,12,0.55,0
45.0,55668.94,518.0,24,0.0583,12,18.88,1
32.0,138415.33,575.0,60,0.0634,4,22.76,0
43.0,54138.68,682.0,24,0.0249,2,33.21,1
34.0,23241.3,735.0,60,0.0236,2,42.51,0
35.0,193844.98,564.0,12,0.02,2,36.71,1
43.0,9145.52,687.0,12,0.0835,2,10.27,0
33.0,43139.96,815.0,12,0.0413,12,21.85,0
40.0,57431.03,707.0,36,0.036,12,16.83,0
18.0,60834.28,794.0,12,0.0558,12,42.91,0
48.0,71717.93,641.0,12,0.02,12,1.36,0
45.0,110242.73,619.0,60,0.0425,2,37.15,0
33.0,57791.24,785.0,60,0.0501,1,43.88,1
55.0,41437.51,737.0,24,0.0306,1,2.62,0
59.0,39831.39,581.0,24,0.0269,2,16.86,1
21.0,32483.39,620.0,24,0.0425,1,12.48,0
34.0,131602.77,850.0,60,0.0402,4,59.89,0
33.0,31365.74,608.0,60,0.0396,4,4.85,1
31.0,139632.76,793.0,12,0.0201,1,7.46,0
57.0,61022.57,652.0,48,0.02,1,11.69,0
42.0,35551.77,700.0,60,0.0752,12,1.38,0
41.0,111124.58,729.0,48,0.0238,2,21.57,1
18.0,28927.44,490.0,60,0.0459,2,17.53,1
55.0,113344.15,554.0,60,0.0467,4,12.99,1
26.0,74067.06,709.0,36,0.0404,1,8.41,1
46.0,32980.62,628.0,48,0.0467,1,12.2,0
49.0,101583.34,800.0,36,0.0429,4,3.34,0
65.0,103423.73,539.0,12,0.0417,4,37.96,0
25.0,190521.36,757.0,36,0.0711,12,14.73,0
18.0,157337.27,562.0,36,0.0309,12,5.32,0
48.0,97858.13,665.0,12,0.0373,1,21.27,0
72.0,19387.99,594.0,48,0.0683,4,8.91,0
64.0,692862.6,850.0,24,0.0382,1,30.37,0
48.0,14711.49,566.0,60,0.041,4,0.97,1
38.0,154703.12,688.0,48,0.0379,4,6.07,1
57.0,92160.22,527.0,12,0.071,4,20.13,1
30.0,18506.14,850.0,36,0.0678,2,28.28,1
52.0,52875.7,740.0,24,0.0263,2,35.8,0
53.0,55339.77,714.0,36,0.0783,2,28.08,1
61.0,220925.92,847.0,60,0.02,12,6.69,1
85.0,29339.47,715.0,12,0.02,12,22.02,0
51.0,46076.35,722.0,24,0.02,4,25.41,0
37.0,5790.25,713.0,48,0.0279,2,9.06,0
45.0,339341.68,756.0,48,0.0414,4,9.55,1
18.0,20527.73,651.0,12,0.0286,2,7.29,1
35.0,83026.15,679.0,12,0.0258,12,26.12,0
39.0,54100.15,781.0,36,0.0592,12,3.46,1
37.0,54284.77,728.0,24,0.0427,1,31.75,0
47.0,134572.99,689.0,60,0.0647,4,16.96,0
33.0,318463.28,560.0,12,0.0672,12,7.6,1
62.0,76994.84,850.0,24,0.0519,2,5.08,1
45.0,115275.25,634.0,12,0.0627,12,53.41,0
45.0,83190.76,799.0,12,0.0449,2,2.47,1
40.0,165633.27,718.0,48,0.0238,4,6.27,1
47.0,37687.49,571.0,24,0.0205,4,11.01,1
57.0,175499.34,825.0,48,0.02,4,6.38,1
32.0,181770.44,725.0,48,0.0639,12,49.2,1
35.0,176758.03,834.0,24,0.0516,12,16.51,1
40.0,30941.45,682.0,48,0.02,4,37.5,1
25.0,50597.75,770.0,36,0.0614,12,19.81,0
33.0,76074.39,524.0,60,0.0498,4,35.53,0
38.0,15201.63,650.0,60,0.0303,4,7.92,1
58.0,295055.93,573.0,36,0.0301,4,3.24,1
49.0,59143.59,663.0,12,0.0429,1,24.11,0
48.0,79533.05,747.0,48,0.0723,2,9.17,1
58.0,33624.01,640.0,60,0.0493,1,17.44,0
43.0,15884.87,786.0,24,0.0341,4,35.67,1
51.0,32727.47,614.0,12,0.0929,12,4.66,1
43.0,74548.42,789.0,60,0.0683,12,35.42,0
49.0,117410.17,831.0,48,0.068,1,2.65,1
36.0,70388.95,801.0,60,0.0693,4,6.72,1
18.0,84687.56,666.0,48,0.0736,2,49.2,0
43.0,42743.55,487.0,12,0.0584,2,7.49,0
66.0,98346.14,758.0,36,0.0504,12,38.56,0
59.0,263770.02,687.0,48,0.0521,2,4.33,1
59.0,121150.57,602.0,48,0.0224,1,6.47,1
64.0,134529.92,644.0,12,0.02,12,0.07,1
46.0,80339.48,843.0,12,0.0642,2,12.45,1
48.0,13317.64,586.0,24,0.0864,4,6.25,0
36.0,21064.27,747.0,12,0.0424,2,30.71,0
40.0,94360.31,722.0,60,0.0778,1,10.59,0
54.0,59222.74,664.0,48,0.0807,2,9.14,1
63.0,92952.41,764.0,36,0.0397,2,49.93,0
43.0,320111.11,850.0,12,0.0742,1,5.16,0
38.0,123752.14,670.0,48,0.0627,1,23.96,0
45.0,210846.62,676.0,36,0.0435,1,14.02,0
54.0,65820.16,762.0,24,0.0606,4,23.62,1
23.0,26709.76,792.0,60,0.0557,2,14.98,1
18.0,56507.79,687.0,24,0.02,4,11.84,0
37.0,26775.65,669.0,12,0.0998,4,40.58,0
27.0,284444.93,478.0,60,0.0285,1,5.59,0
37.0,131978.07,622.0,24,0.0539,12,24.51,1
43.0,100761.59,586.0,48,0.0867,4,40.56,0
38.0,206064.23,768.0,12,0.0446,2,40.25,0
67.0,7942.18,676.0,24,0.0352,1,1.27,1
50.0,107811.32,672.0,60,0.0526,4,25.04,0
50.0,16144.81,699.0,60,0.0431,2,25.48,1
54.0,59441.29,613.0,36,0.0745,2,10.24,1
28.0,43839.58,850.0,60,0.0333,2,19.38,0
61.0,116045.38,830.0,60,0.0386,4,19.32,0
44.0,75221.12,850.0,12,0.0482,1,9.02,1
55.0,229835.05,768.0,60,0.0242,1,43.23,0
29.0,32797.34,697.0,36,0.039,12,9.46,0
22.0,121675.68,850.0,60,0.0391,2,35.57,1
57.0,70419.34,632.0,36,0.0246,1,2.78,1
51.0,11669.22,613.0,48,0.0376,12,13.97,1
31.0,23894.02,640.0,36,0.0648,12,22.87,1
32.0,51540.44,752.0,12,0.02,1,40.26,0
62.0,182096.57,624.0,24,0.0703,1,0.01,0
27.0,95198.84,684.0,24,0.0395,1,5.6,1
70.0,18629.45,540.0,48,0.0565,4,4.2,1
31.0,52035.62,748.0,12,0.07,1,20.75,1
55.0,450361.76,548.0,48,0.0312,1,7.02,1
40.0,66918.0,607.0,48,0.059,4,2.27,1
54.0,43160.22,822.0,60,0.0238,1,12.4,1
37.0,97903.7,818.0,60,0.022,1,10.28,1
43.0,128462.6,737.0,12,0.0451,1,11.35,1
46.0,37942.67,728.0,24,0.0468,2,58.46,0
30.0,98970.27,647.0,36,0.0693,4,23.69,1
56.0,43092.77,623.0,60,0.0205,1,42.11,0
37.0,122924.74,664.0,12,0.0618,4,7.3,1
42.0,70947.34,549.0,12,0.0417,12,20.78,0
30.0,96951.66,725.0,24,0.0472,12,17.67,1
18.0,28024.0,705.0,12,0.02,4,26.77,0
42.0,26336.57,607.0,12,0.0454,1,28.0,0
81.0,154121.62,850.0,24,0.0647,4,13.3,0
57.0,55304.17,761.0,60,0.0436,2,47.48,0
45.0,79621.13,769.0,24,0.0423,12,47.46,0
41.0,44073.09,651.0,48,0.0866,4,18.06,0
45.0,147079.24,700.0,60,0.0486,1,17.35,0
53.0,32603.99,763.0,48,0.02,1,16.68,0
27.0,52281.55,715.0,12,0.02,12,9.76,0
62.0,131398.87,850.0,48,0.079,2,9.68,1
56.0,193487.41,680.0,24,0.0395,12,15.93,0
56.0,35462.84,650.0,24,0.0657,1,15.76,1
52.0,424931.81,763.0,36,0.042,2,3.06,1
45.0,81898.97,574.0,12,0.0575,4,21.71,1
55.0,21100.92,792.0,24,0.0405,12,8.84,0
54.0,86599.74,570.0,60,0.0467,4,0.76,1
40.0,40822.99,764.0,24,0.0587,4,49.89,0
36.0,92417.21,635.0,60,0.0245,1,13.25,1
47.0,57362.37,748.0,12,0.0554,1,10.34,0
68.0,64490.53,791.0,36,0.0534,2,31.99,1
26.0,24062.42,715.0,36,0.02,4,4.49,0
23.0,161145.22,580.0,48,0.1033,2,18.73,1
47.0,18842.55,610.0,24,0.0425,2,27.26,1
46.0,19756.45,627.0,12,0.0286,12,14.9,0
48.0,86453.36,510.0,48,0.0794,12,6.14,1
49.0,297403.25,813.0,12,0.0247,1,3.23,0
42.0,42083.33,711.0,12,0.0375,4,28.68,0
67.0,120689.01,586.0,48,0.0528,2,6.65,1
21.0,175139.87,846.0,12,0.038,4,10.42,1
33.0,135223.53,630.0,48,0.0605,1,0.72,1
43.0,43861.48,725.0,24,0.0608,4,0.35,0
20.0,20109.61,617.0,48,0.0343,2,15.36,0
42.0,6584.36,498.0,24,0.0793,2,14.43,1
70.0,46035.1,564.0,36,0.0438,4,22.65,0
45.0,194480.54,655.0,48,0.054,4,8.63,1
48.0,19454.51,790.0,36,0.0422,4,1.42,0
26.0,120597.02,735.0,48,0.0411,2,31.87,0
36.0,23152.26,714.0,12,0.0486,2,15.08,0
39.0,66574.21,499.0,36,0.0869,12,3.94,1
40.0,121514.83,827.0,60,0.0584,2,36.05,1
64.0,30961.65,722.0,60,0.0289,4,14.9,1
53.0,71003.52,688.0,60,0.0516,2,23.88,0
28.0,39533.7,813.0,36,0.0388,4,3.24,0
49.0,121194.1,825.0,24,0.0694,2,14.36,1
52.0,75759.35,815.0,48,0.0478,2,23.94,0
62.0,63354.91,675.0,12,0.0216,4,28.77,0
69.0,284460.58,600.0,12,0.0581,1,5.14,0
30.0,116111.49,799.0,36,0.0334,12,41.55,0
33.0,30020.87,563.0,60,0.0581,2,38.71,1
26.0,54947.64,850.0,12,0.0691,1,24.52,0
41.0,55497.94,703.0,12,0.0443,2,21.0,1
52.0,64881.61,594.0,24,0.0468,2,2.92,0
60.0,747514.72,577.0,12,0.0534,2,18.45,0
44.0,86755.74,572.0,12,0.0368,4,12.41,0
40.0,7817.32,714.0,48,0.0518,2,41.87,0
47.0,34794.03,699.0,12,0.0542,1,12.28,0
32.0,8670.03,576.0,48,0.0323,2,35.07,1
76.0,43053.63,664.0,60,0.074,2,10.03,1
21.0,8206.57,563.0,24,0.02,2,46.99,0
48.0,25044.5,759.0,12,0.0661,4,1.68,0
75.0,13085.74,695.0,24,0.0776,4,1.16,1
45.0,87918.03,662.0,24,0.0658,1,42.88,0
42.0,59906.44,571.0,24,0.0288,4,29.66,1
40.0,81061.41,670.0,36,0.0673,2,33.25,1
42.0,53930.35,659.0,48,0.0921,4,7.3,1
66.0,14849.21,732.0,24,0.0464,12,0.39,1
18.0,100059.61,717.0,60,0.05,4,21.61,0
68.0,409308.55,779.0,12,0.0654,2,27.47,0
24.0,90148.41,652.0,24,0.0325,2,42.75,0
41.0,39107.73,514.0,24,0.02,12,25.7,1
39.0,14356.14,799.0,12,0.0584,4,20.62,1
54.0,24147.43,606.0,60,0.0507,2,2.95,0
21.0,94187.21,589.0,24,0.0293,4,4.69,1
52.0,175100.96,696.0,24,0.0577,4,23.07,1
75.0,77719.87,730.0,60,0.043,2,27.82,0
25.0,133237.33,647.0,24,0.0575,1,20.28,0
48.0,121501.06,646.0,60,0.0538,4,43.02,0
35.0,99362.93,661.0,24,0.0527,12,5.57,1
51.0,30993.3,842.0,12,0.0497,1,54.5,0
45.0,71248.11,700.0,60,0.02,1,31.9,0
35.0,25632.65,603.0,12,0.02,4,5.05,1
52.0,60926.83,604.0,12,0.0859,12,12.39,1
72.0,83354.97,675.0,24,0.0777,4,8.05,0
42.0,320867.58,724.0,60,0.0445,2,0.58,0
56.0,16159.57,748.0,36,0.0586,2,40.61,0
26.0,96907.06,712.0,12,0.02,1,3.92,0
31.0,263349.31,616.0,12,0.0203,12,7.88,1
52.0,127880.02,658.0,12,0.02,12,3.99,1
67.0,137715.53,773.0,24,0.0284,1,28.69,0
50.0,107763.57,585.0,24,0.037,4,25.26,1
40.0,219330.39,653.0,12,0.0641,4,3.69,0
45.0,20181.5,760.0,24,0.0453,2,50.6,0
26.0,14974.04,788.0,24,0.0553,4,55.89,0
54.0,59496.09,681.0,24,0.0426,4,3.14,1
58.0,6896.97,659.0,48,0.0473,12,11.97,1
38.0,204975.51,568.0,60,0.0427,1,5.71,0
38.0,202950.06,753.0,24,0.0552,4,3.58,1
49.0,38818.39,832.0,48,0.02,1,9.44,0
38.0,41325.27,850.0,48,0.0499,12,32.76,0
44.0,55695.38,739.0,24,0.0469,1,24.05,1
76.0,63071.27,695.0,48,0.0833,2,57.47,0
41.0,67993.94,608.0,36,0.0545,2,24.96,0
40.0,104634.87,512.0,48,0.0818,1,16.0,1
35.0,50381.21,718.0,60,0.0343,4,35.21,0
56.0,153766.93,850.0,48,0.0349,4,31.67,0
42.0,93521.61,827.0,24,0.0836,4,15.19,1
35.0,32631.6,812.0,12,0.0453,12,13.51,1
65.0,227547.13,725.0,36,0.0338,1,5.91,0
66.0,15394.15,736.0,48,0.0504,2,27.78,1
36.0,54602.46,458.0,36,0.0538,4,15.02,0
18.0,157458.53,776.0,60,0.0747,1,34.21,0
60.0,29054.45,642.0,48,0.0339,12,2.13,0
35.0,81597.64,630.0,48,0.0648,2,17.74,0
57.0,103088.14,668.0,36,0.085,12,37.77,1
18.0,25323.2,664.0,48,0.0724,4,5.93,1
58.0,55688.13,628.0,48,0.0862,1,17.1,1
27.0,51200.07,701.0,12,0.0502,1,9.32,0
56.0,34484.39,644.0,36,0.0621,12,22.11,1
45.0,598196.67,710.0,24,0.0345,2,26.74,0
31.0,27914.28,551.0,24,0.0992,2,32.33,0
39.0,163559.2,679.0,60,0.0679,12,6.8,1
55.0,40424.81,590.0,12,0.0546,4,12.7,1
47.0,20198.5,636.0,36,0.0489,2,39.28,0
54.0,66357.64,714.0,36,0.02,1,8.88,1
75.0,114587.43,540.0,12,0.02,12,16.79,1
22.0,150318.19,618.0,12,0.0281,4,8.85,1
69.0,285576.47,757.0,60,0.0392,1,10.7,1
47.0,1138527.47,559.0,24,0.063,1,10.5,1
32.0,76919.46,850.0,36,0.0662,1,12.73,0
25.0,30850.49,820.0,12,0.05,1,3.0,0
42.0,94171.64,651.0,36,0.0565,4,18.96,1
59.0,45880.11,621.0,24,0.0464,1,14.11,0
43.0,151140.65,720.0,36,0.0719,12,34.63,0
68.0,16363.94,555.0,36,0.0354,12,17.87,0
23.0,639431.35,500.0,12,0.0437,12,39.49,0
45.0,140934.16,654.0,12,0.0538,2,13.96,1
26.0,11114.39,687.0,12,0.0346,12,4.46,0
50.0,29465.37,709.0,24,0.0202,12,3.0,0
58.0,135412.51,639.0,48,0.0571,1,43.76,1
39.0,194141.79,827.0,24,0.0951,1,19.15,1
18.0,16776.97,550.0,12,0.0523,4,15.7,0
48.0,122152.54,586.0,60,0.0649,4,29.48,0
52.0,8541.23,749.0,36,0.0432,12,2.67,1
51.0,54757.2,584.0,36,0.058,12,3.34,1
64.0,182051.85,580.0,36,0.0217,4,0.9,1
29.0,34492.05,712.0,36,0.0284,2,2.25,0
55.0,13267.57,595.0,60,0.0622,12,3.9,1
63.0,69301.01,687.0,12,0.0453,12,22.54,1
18.0,32704.93,630.0,48,0.02,1,24.41,1
50.0,112370.68,614.0,36,0.0416,1,1.75,1
37.0,24702.84,490.0,48,0.0685,12,17.75,1
44.0,27649.51,714.0,24,0.0375,2,24.44,0
50.0,7934.68,575.0,24,0.02,2,18.72,1
38.0,70965.19,683.0,36,0.0851,4,10.73,1
35.0,50975.23,649.0,12,0.0523,2,20.44,0
46.0,18244.43,679.0,60,0.0826,2,24.54,1
29.0,72678.34,685.0,36,0.057,4,27.66,1
29.0,167220.79,719.0,24,0.037,2,6.25,1
55.0,48263.56,627.0,24,0.0571,4,20.17,1
28.0,78289.36,824.0,48,0.0563,1,42.19,0
55.0,78693.14,515.0,60,0.0867,4,42.5,1
52.0,17955.83,677.0,36,0.0757,12,19.0,1
19.0,468169.56,784.0,12,0.0637,2,21.48,0
35.0,37389.69,748.0,48,0.0577,2,25.93,0
63.0,115394.99,603.0,60,0.0516,4,7.48,1
30.0,129212.71,619.0,48,0.0384,12,16.26,0
38.0,52073.16,599.0,12,0.0715,2,11.87,1
52.0,109841.65,760.0,24,0.0415,1,38.38,1
57.0,76559.17,626.0,36,0.0451,4,6.65,0
41.0,14506.62,726.0,36,0.0514,12,1.69,1
36.0,42947.22,726.0,12,0.0375,4,56.9,0
66.0,32449.79,850.0,36,0.0411,2,35.65,1
71.0,37731.67,731.0,36,0.05,2,4.33,0
60.0,16252.42,619.0,48,0.0484,2,4.15,1
46.0,184689.94,554.0,12,0.0791,4,4.69,1
33.0,297150.09,672.0,48,0.02,12,16.21,1
33.0,159213.76,688.0,36,0.0612,4,27.35,1
53.0,213315.85,479.0,60,0.0404,2,21.55,0
51.0,42419.57,629.0,60,0.043,4,11.06,0
66.0,31689.58,730.0,48,0.02,1,2.56,1
55.0,27485.47,647.0,24,0.0351,12,20.58,1
22.0,114012.68,797.0,24,0.0604,2,2.07,0
61.0,75136.6,544.0,12,0.0362,4,12.27,1
30.0,55424.57,768.0,60,0.0405,1,17.35,0
39.0,218632.72,791.0,60,0.0439,2,22.44,0
49.0,89764.19,796.0,48,0.0541,4,14.23,0
75.0,25883.02,543.0,36,0.0833,2,9.26,1
85.0,30305.7,731.0,12,0.0485,12,42.57,1
54.0,118420.05,633.0,48,0.1078,2,35.61,1
42.0,169690.73,559.0,24,0.1017,2,0.96,0
53.0,103951.55,659.0,36,0.0828,12,51.13,1
58.0,399068.65,610.0,12,0.0704,4,22.46,1
40.0,307124.1,792.0,36,0.0569,1,29.34,0
72.0,93063.36,751.0,24,0.0804,1,46.38,0
48.0,25885.01,585.0,48,0.0922,12,17.7,1
52.0,16155.45,628.0,48,0.0522,2,7.28,0
55.0,40644.48,662.0,60,0.0553,4,6.32,0
51.0,127161.53,693.0,48,0.0654,4,15.13,0
58.0,371999.24,801.0,60,0.048,12,4.23,0
36.0,90893.8,769.0,48,0.0795,4,49.98,0
37.0,192667.81,705.0,12,0.0254,1,2.37,0
28.0,46849.35,674.0,24,0.0569,4,3.49,1
52.0,111610.36,523.0,36,0.0262,2,6.67,0
57.0,136401.34,829.0,24,0.0492,4,7.7,1
52.0,8270.13,655.0,24,0.0353,12,9.87,1
70.0,39599.08,850.0,60,0.0489,12,39.64,0
45.0,154770.77,720.0,60,0.02,1,20.53,0
55.0,78784.25,850.0,12,0.062,1,4.04,0
29.0,18096.7,761.0,36,0.0423,1,43.83,0
39.0,5270.48,557.0,48,0.0712,1,11.91,1
55.0,41531.99,639.0,48,0.0489,4,13.8,1
58.0,55737.83,683.0,24,0.0668,4,7.8,1
41.0,24737.54,613.0,12,0.0407,12,27.45,0
44.0,69084.45,662.0,36,0.066,12,17.38,1
22.0,99348.26,563.0,48,0.0922,1,0.48,1
40.0,117088.71,701.0,24,0.0347,4,26.46,1
58.0,5676.45,724.0,12,0.0662,2,2.24,1
54.0,16086.17,600.0,36,0.0251,1,6.6,0
53.0,44151.29,850.0,24,0.0473,1,47.3,0
46.0,106103.8,706.0,24,0.02,4,19.76,1
45.0,97658.7,618.0,12,0.0633,2,1.57,0
35.0,95977.58,537.0,12,0.0382,1,3.62,1
55.0,40805.9,706.0,12,0.0649,2,15.99,1
51.0,43146.93,674.0,12,0.0561,12,31.77,1
52.0,28902.13,778.0,36,0.0452,12,5.3,1
37.0,129080.84,686.0,12,0.0656,1,19.4,1
18.0,23849.33,581.0,12,0.0712,4,14.76,0
61.0,140089.45,850.0,12,0.0416,1,9.37,1
38.0,73707.01,744.0,36,0.072,4,41.77,1
32.0,57236.98,675.0,48,0.0455,2,35.46,0
55.0,31048.0,716.0,24,0.02,4,12.51,0
39.0,15436.01,747.0,60,0.0543,4,53.64,0
61.0,31330.5,557.0,24,0.037,1,1.95,1
54.0,43044.65,716.0,36,0.0423,1,8.67,0
55.0,5602.54,655.0,12,0.02,12,17.79,0
25.0,49150.63,751.0,36,0.056,2,44.97,0
63.0,150897.69,626.0,48,0.0362,12,7.41,0
49.0,105579.33,640.0,60,0.0395,2,17.68,1
39.0,36453.55,850.0,48,0.0711,12,13.11,0
47.0,62751.41,823.0,12,0.02,2,39.86,0
18.0,34332.08,370.0,36,0.0574,4,21.59,0
51.0,69477.67,816.0,36,0.0578,4,50.89,0
30.0,279318.45,693.0,12,0.0547,12,27.5,0
25.0,157707.73,629.0,12,0.0721,12,16.03,1
22.0,100789.99,599.0,60,0.0677,12,46.32,1
62.0,36574.81,605.0,48,0.0526,1,4.94,1
36.0,126745.75,632.0,12,0.035,2,48.53,0
68.0,11082.51,587.0,12,0.041,12,0.75,0
37.0,46520.41,565.0,48,0.0495,1,39.44,0
19.0,107335.15,596.0,12,0.02,12,27.96,0
28.0,125545.21,732.0,60,0.04,1,5.82,1
64.0,116994.77,705.0,60,0.0739,12,2.3,0
43.0,80404.92,756.0,48,0.0422,4,16.47,1
37.0,49230.81,693.0,24,0.0661,1,8.13,0
47.0,102536.69,569.0,60,0.0675,4,10.68,1
53.0,23089.63,749.0,36,0.0742,1,2.5,1
62.0,25727.68,600.0,36,0.0436,2,11.85,0
67.0,63686.93,765.0,24,0.0449,2,9.11,1
40.0,71196.41,583.0,60,0.0562,1,28.55,1
25.0,9646.83,631.0,12,0.0341,12,10.03,0
39.0,94385.84,664.0,24,0.036,1,25.23,1
49.0,129667.45,767.0,12,0.07,2,9.22,1
31.0,55421.05,718.0,36,0.0361,2,1.9,0
31.0,643364.22,702.0,24,0.0602,4,0.11,1
50.0,30244.36,850.0,60,0.0579,2,7.88,0
44.0,41727.38,516.0,36,0.0498,12,9.42,1
45.0,40333.32,596.0,60,0.0553,4,12.69,0
34.0,55481.91,592.0,12,0.0636,2,50.4,1
42.0,43099.87,523.0,60,0.0788,1,1.63,0
31.0,14664.57,628.0,24,0.0312,1,8.96,1
58.0,34663.82,769.0,12,0.0305,2,5.37,0
61.0,54305.42,641.0,24,0.048,12,53.42,0
18.0,204550.89,667.0,12,0.0571,1,2.47,0
31.0,541578.48,528.0,24,0.0556,4,0.39,1
23.0,227629.34,620.0,36,0.0844,12,16.66,0
35.0,27573.79,654.0,24,0.0308,4,6.04,0
44.0,29857.47,764.0,36,0.02,4,3.31,1
23.0,51055.65,533.0,48,0.0603,2,7.94,0
31.0,356667.37,654.0,60,0.0545,4,4.98,0
30.0,50745.38,809.0,12,0.0473,1,3.59,0
48.0,15874.87,655.0,60,0.0661,12,34.98,1
46.0,36272.78,488.0,36,0.02,4,6.31,1
34.0,127651.1,828.0,36,0.02,2,45.41,0
48.0,119364.88,773.0,36,0.02,4,42.3,0
37.0,49010.18,787.0,24,0.0358,1,6.19,1
41.0,118588.49,526.0,60,0.0744,12,46.11,0
70.0,6166.14,850.0,36,0.0203,1,7.67,1
65.0,66425.03,623.0,48,0.0508,2,17.39,0
26.0,141589.23,649.0,36,0.0561,4,6.61,1
57.0,26033.43,630.0,60,0.0809,1,18.76,0
57.0,25943.11,795.0,36,0.0328,2,11.18,0
28.0,9260.86,682.0,36,0.032,2,23.59,0
57.0,293577.11,748.0,12,0.0707,2,6.6,0
68.0,29139.39,708.0,36,0.0286,2,17.83,0
28.0,76194.4,690.0,60,0.0742,12,10.51,0
31.0,109525.98,605.0,12,0.0571,2,4.1,1
60.0,271595.19,850.0,12,0.02,2,27.67,0
49.0,51333.67,554.0,36,0.0631,1,2.62,1
53.0,34911.45,741.0,36,0.059,4,16.48,1
50.0,71187.15,738.0,48,0.0452,2,9.62,1
51.0,216226.18,815.0,60,0.0375,4,0.19,0
25.0,50504.99,839.0,60,0.0823,12,0.77,0
61.0,23043.31,686.0,24,0.02,2,16.73,0
63.0,12826.16,753.0,24,0.02,1,3.54,0
42.0,17653.73,850.0,60,0.0394,1,5.95,1
44.0,142114.95,693.0,36,0.0597,4,37.08,0
22.0,43450.41,593.0,12,0.05,12,2.97,1
53.0,32613.42,662.0,48,0.0359,12,27.18,1
54.0,29261.64,570.0,36,0.0606,2,33.26,0
44.0,65188.99,737.0,12,0.02,4,4.88,0
62.0,47124.34,806.0,60,0.0573,2,7.7,0
40.0,45563.76,688.0,36,0.044,12,2.46,0
53.0,230803.95,538.0,48,0.0634,2,48.75,0
30.0,278734.86,802.0,24,0.0599,2,13.07,1
45.0,11967.84,522.0,12,0.0652,2,9.57,1
42.0,83082.78,545.0,36,0.0378,2,37.45,0
48.0,27532.93,682.0,48,0.0353,2,58.13,0
39.0,46711.65,725.0,36,0.0539,1,28.61,1
43.0,81575.02,742.0,60,0.0208,1,7.04,0
57.0,48401.21,693.0,12,0.0943,2,24.79,1
38.0,75392.26,850.0,60,0.0822,12,13.78,0
21.0,117356.34,707.0,60,0.02,4,1.8,1
71.0,80384.51,803.0,24,0.0546,4,44.86,0
66.0,31356.09,779.0,60,0.0736,12,3.33,1
26.0,31914.01,571.0,48,0.0422,1,3.66,1
55.0,14190.03,683.0,12,0.035,4,13.72,0
37.0,25490.97,850.0,24,0.0736,12,1.72,1
49.0,425946.22,650.0,36,0.0771,2,58.76,0
49.0,27119.18,633.0,60,0.02,12,25.63,0
41.0,18153.55,717.0,36,0.0523,2,46.32,1
33.0,82448.4,653.0,24,0.0476,2,15.14,0
35.0,53617.74,621.0,36,0.02,2,7.24,0
31.0,49237.3,652.0,48,0.02,2,4.84,1
33.0,245007.96,843.0,24,0.0316,12,22.56,0
44.0,103686.45,686.0,12,0.0503,4,46.79,1
34.0,35242.47,567.0,12,0.0758,4,1.77,0
55.0,39164.42,549.0,12,0.02,2,37.69,0
67.0,36221.69,850.0,12,0.0524,2,0.2,0
36.0,143593.21,678.0,24,0.031,4,30.27,0
49.0,43995.93,743.0,24,0.0606,12,40.3,1
52.0,9965.12,623.0,24,0.0704,4,9.44,1
52.0,57049.83,732.0,60,0.071,2,0.22,1
46.0,12874.12,846.0,24,0.048,4,19.6,0
56.0,531910.54,635.0,24,0.0433,2,19.77,1
52.0,22795.81,746.0,24,0.0767,12,51.29,0
26.0,50926.32,559.0,12,0.0434,1,29.8,0
58.0,77513.14,850.0,48,0.0511,2,32.5,0
58.0,44861.8,727.0,12,0.0408,4,6.86,1
34.0,44800.28,659.0,48,0.0567,1,7.31,0
46.0,91292.81,670.0,48,0.0227,4,36.07,0
55.0,275465.03,649.0,48,0.0441,4,0.84,1
42.0,128992.44,654.0,12,0.0518,4,25.04,0
61.0,262633.26,455.0,60,0.0707,1,24.46,0
80.0,21023.18,690.0,36,0.0466,2,37.97,0
33.0,82237.17,686.0,60,0.02,1,12.65,1
24.0,69929.72,749.0,12,0.0382,1,39.0,0
50.0,85058.22,648.0,48,0.0792,1,15.86,0
56.0,237098.74,623.0,36,0.0531,12,8.27,0
42.0,48012.22,699.0,60,0.0355,12,58.69,0
67.0,39914.57,539.0,24,0.0298,1,1.98,1
25.0,102127.86,714.0,60,0.0575,1,27.97,0
55.0,10115.23,514.0,12,0.0363,2,1.04,0
36.0,47247.17,812.0,36,0.0505,12,29.65,1
71.0,52354.98,768.0,24,0.0347,2,47.59,0
75.0,23852.43,607.0,36,0.0322,4,14.79,1
34.0,172311.47,766.0,36,0.0423,4,21.36,0
37.0,20697.32,711.0,60,0.0475,4,22.42,0
58.0,52267.34,599.0,48,0.0489,12,29.76,0
39.0,80270.48,498.0,60,0.0444,4,5.72,1
44.0,231758.59,732.0,24,0.0719,12,10.11,0
45.0,59245.41,621.0,12,0.0418,12,13.86,0
18.0,152688.26,809.0,60,0.0788,2,19.85,0
45.0,120643.52,701.0,48,0.0468,4,1.19,0
35.0,67741.72,630.0,48,0.0368,2,20.12,1
38.0,20140.47,850.0,60,0.0559,4,48.74,1
67.0,14262.93,758.0,24,0.065,1,16.98,1
26.0,66603.03,334.0,48,0.0336,2,11.14,0
57.0,34797.58,651.0,48,0.0213,12,24.04,1
41.0,150130.63,562.0,24,0.0699,2,1.3,0
41.0,126229.44,620.0,24,0.0768,4,9.27,0
57.0,49781.02,686.0,24,0.0608,12,0.56,1
50.0,18812.69,735.0,24,0.0351,12,40.34,0
54.0,99781.25,726.0,60,0.047,12,17.68,0
60.0,21634.63,808.0,60,0.026,4,16.68,0
40.0,28044.17,764.0,36,0.0706,1,1.24,0
36.0,22484.56,757.0,36,0.0544,1,9.5,1
29.0,52130.16,720.0,36,0.059,2,7.32,1
33.0,192951.15,829.0,48,0.0526,12,23.82,0
85.0,59573.08,668.0,24,0.0501,4,3.18,1
64.0,38437.21,671.0,60,0.0542,2,21.53,1
25.0,13021.86,509.0,60,0.05,4,59.35,0
25.0,103997.75,806.0,24,0.0733,2,26.26,0
52.0,27435.56,692.0,36,0.0219,2,5.7,0
53.0,67340.53,850.0,48,0.0327,4,43.05,0
53.0,42014.98,659.0,60,0.0427,4,13.07,1
41.0,138437.91,709.0,12,0.0463,1,40.82,0
43.0,51162.58,755.0,48,0.07,4,15.05,1
50.0,56447.92,590.0,48,0.0227,2,14.79,0
46.0,97318.77,736.0,36,0.0608,12,26.76,0
18.0,492347.57,703.0,24,0.0472,4,12.8,1
42.0,145575.03,670.0,12,0.0671,4,39.82,1
32.0,54797.17,817.0,36,0.0579,12,2.22,0
48.0,60065.93,610.0,24,0.0475,1,21.88,0
85.0,35423.85,727.0,12,0.0301,12,18.66,0
51.0,23155.89,845.0,60,0.0568,12,58.93,0
40.0,34449.48,629.0,12,0.0421,4,0.39,0
59.0,27663.0,670.0,36,0.0479,1,5.93,1
52.0,115078.34,850.0,12,0.0657,1,58.43,0
51.0,20512.82,747.0,12,0.0795,12,9.55,0
54.0,227114.72,649.0,12,0.02,2,47.36,0
76.0,127013.21,780.0,60,0.0657,2,33.82,0
28.0,61114.33,643.0,24,0.076,2,30.57,1
52.0,59893.22,544.0,12,0.0467,4,11.43,1
31.0,34293.76,837.0,48,0.0269,4,34.57,0
53.0,78439.62,590.0,36,0.0572,2,33.26,0
31.0,177742.73,850.0,48,0.0463,12,9.07,0
39.0,29638.92,651.0,24,0.1202,4,3.63,0
41.0,12920.98,850.0,36,0.0567,1,43.93,0
60.0,120960.37,563.0,24,0.0403,12,0.86,1
59.0,82815.12,803.0,36,0.0206,2,47.72,0
26.0,19531.84,750.0,48,0.0306,4,1.09,0
46.0,28756.2,784.0,48,0.0677,4,44.46,1
34.0,25359.17,797.0,60,0.02,1,4.38,0
26.0,29012.08,650.0,24,0.02,2,1.46,1
42.0,43317.73,569.0,48,0.0699,2,11.03,1
40.0,45864.78,695.0,36,0.0425,4,15.6,0
81.0,31232.25,722.0,12,0.0447,2,5.07,1
51.0,28052.59,653.0,12,0.0616,1,24.61,1
24.0,47629.88,728.0,12,0.0452,12,16.56,1
37.0,70805.47,733.0,60,0.02,2,29.11,1
60.0,43638.87,609.0,48,0.0368,1,12.01,1
76.0,190740.1,739.0,24,0.0594,4,8.15,0
21.0,99517.39,673.0,24,0.0513,12,32.43,0
18.0,12199.55,630.0,60,0.08,1,14.56,1
73.0,101086.09,779.0,36,0.0582,12,16.58,1
51.0,109704.32,622.0,48,0.0328,12,0.3,0
32.0,38764.69,654.0,48,0.0781,4,34.82,0
53.0,13424.04,707.0,36,0.0795,4,30.96,0
18.0,60359.09,837.0,36,0.0359,1,50.98,0
45.0,59414.37,719.0,48,0.0613,1,14.53,1
50.0,19503.59,753.0,48,0.0633,1,59.74,0
59.0,14027.58,670.0,12,0.0568,12,1.59,0
30.0,54854.88,692.0,24,0.0225,4,16.32,1
46.0,47425.85,695.0,12,0.1098,12,31.73,1
31.0,39447.84,729.0,12,0.0414,2,10.11,1
49.0,55082.61,670.0,24,0.0572,4,13.12,0
32.0,19875.11,834.0,60,0.0684,1,20.18,1
39.0,38761.37,663.0,60,0.0417,12,5.13,1
30.0,102060.91,529.0,60,0.0748,4,29.76,1
55.0,42193.86,850.0,60,0.05,1,30.56,0
58.0,11248.92,667.0,36,0.0373,1,5.9,1
41.0,37320.86,831.0,12,0.0215,2,47.19,0
46.0,20534.09,840.0,36,0.0425,4,8.68,1
23.0,78208.71,795.0,36,0.0573,1,18.55,0
41.0,82358.54,680.0,24,0.0437,12,41.0,0
44.0,11398.37,729.0,60,0.0631,4,4.1,1
84.0,127901.15,573.0,48,0.0831,2,5.32,1
28.0,19688.97,850.0,60,0.0439,1,38.97,0
67.0,284697.44,615.0,12,0.0729,1,27.49,0
60.0,57023.78,675.0,36,0.0536,4,18.65,0
49.0,17216.21,710.0,12,0.0561,4,52.5,1
71.0,19110.9,689.0,36,0.0502,4,20.14,0
51.0,84803.77,634.0,36,0.0579,2,15.31,0
51.0,40485.54,839.0,36,0.0336,12,28.12,1
44.0,54357.95,795.0,48,0.0354,2,29.86,0
63.0,300372.98,732.0,60,0.038,1,10.99,0
61.0,29755.1,660.0,36,0.02,4,21.54,0
36.0,63574.19,806.0,24,0.0258,12,12.21,0
25.0,247668.02,654.0,36,0.0482,2,8.71,1
42.0,78473.28,850.0,60,0.0385,4,4.55,0
33.0,12008.83,711.0,60,0.0491,4,3.57,1
44.0,99249.19,823.0,48,0.0625,2,22.28,0
64.0,18713.44,689.0,36,0.055,12,3.57,0
38.0,244460.14,707.0,24,0.0478,4,39.06,0
44.0,26294.96,823.0,48,0.02,1,17.81,0
46.0,1166489.66,850.0,48,0.051,1,9.72,0
58.0,259724.31,850.0,36,0.0365,4,18.02,1
18.0,26994.47,788.0,36,0.0639,2,4.49,0
36.0,61084.52,759.0,48,0.0341,12,1.68,1
48.0,127216.33,649.0,48,0.0271,4,31.52,1
63.0,131092.76,730.0,48,0.0784,1,59.6,0
38.0,93184.46,609.0,12,0.02,12,4.95,0
18.0,209432.97,738.0,48,0.0838,12,44.37,1
54.0,52946.17,744.0,60,0.0521,4,52.85,0
35.0,41493.1,504.0,24,0.0433,2,16.34,1
27.0,42325.12,704.0,24,0.0413,2,6.16,0
36.0,141262.23,741.0,36,0.0676,2,17.45,0
42.0,86265.16,692.0,48,0.0543,12,0.45,1
36.0,80120.23,736.0,24,0.0535,2,32.06,0
18.0,132618.82,566.0,24,0.0487,1,7.2,0
58.0,7699.78,622.0,60,0.0408,4,48.98,0
64.0,81639.53,803.0,60,0.075,1,5.33,1
55.0,74501.08,700.0,12,0.0405,2,51.66,0
28.0,317682.61,734.0,12,0.0243,4,12.08,1
42.0,12983.21,645.0,24,0.0561,4,34.07,1
45.0,284129.85,702.0,36,0.0214,2,17.58,1
54.0,64563.8,470.0,24,0.0795,4,3.03,0
55.0,97634.83,785.0,36,0.0582,2,29.4,1
34.0,319949.61,850.0,24,0.02,4,43.63,0
46.0,104899.84,593.0,60,0.0576,2,22.29,0
52.0,89354.63,606.0,48,0.0425,1,21.21,0
67.0,76289.55,744.0,24,0.0755,4,1.94,0
56.0,36920.49,847.0,12,0.0472,12,29.38,0
57.0,58192.45,700.0,36,0.0476,1,2.21,1
46.0,29274.94,577.0,36,0.042,12,16.11,1
66.0,57264.32,679.0,24,0.0441,1,5.18,0
51.0,5791.05,597.0,36,0.02,1,12.34,1
32.0,91953.62,633.0,12,0.0386,1,15.45,0
66.0,53011.43,670.0,60,0.0299,12,10.54,1
55.0,42778.73,607.0,48,0.0416,1,14.74,0
38.0,74589.73,622.0,48,0.0718,4,21.63,0
38.0,14277.44,707.0,36,0.0824,4,14.71,1
49.0,412202.49,722.0,24,0.0542,4,26.14,0
52.0,54026.64,558.0,36,0.0379,1,3.79,0
48.0,51748.75,740.0,12,0.0217,2,20.84,0
50.0,22802.01,662.0,24,0.0402,2,6.58,0
70.0,61325.22,772.0,60,0.025,4,12.71,0
61.0,239656.01,778.0,12,0.0455,1,7.76,0
48.0,168706.57,646.0,60,0.0488,12,56.45,1
59.0,140707.39,761.0,24,0.0537,12,20.6,1
30.0,103404.0,616.0,60,0.052,4,37.5,0
51.0,41833.7,832.0,12,0.02,1,3.89,1
72.0,14042.4,620.0,12,0.0308,12,10.46,0
42.0,48969.91,735.0,36,0.0312,12,21.84,1
32.0,47293.52,681.0,24,0.0411,12,4.36,0
35.0,170893.26,598.0,48,0.052,2,41.59,0
29.0,81584.16,790.0,48,0.0346,2,6.84,1
33.0,300232.22,639.0,60,0.1132,12,6.53,1
39.0,198290.53,530.0,48,0.0746,1,28.61,1
24.0,37930.26,412.0,48,0.0293,12,2.18,0
45.0,9945.45,612.0,12,0.0766,12,7.55,1
59.0,239324.4,838.0,12,0.0833,2,16.59,1
31.0,233137.86,826.0,12,0.025,1,11.72,1
68.0,15272.18,628.0,48,0.0263,4,15.49,0
53.0,270828.22,663.0,60,0.0525,1,8.98,0
60.0,87738.6,654.0,24,0.0712,1,55.49,0
35.0,70311.14,567.0,36,0.0565,2,1.21,1
58.0,300975.23,605.0,60,0.02,1,17.02,1
29.0,229735.79,798.0,12,0.0341,2,7.48,0
58.0,114844.11,750.0,60,0.0382,1,11.99,1
48.0,96106.96,727.0,24,0.0668,2,2.31,1
53.0,110901.12,566.0,12,0.0216,1,2.87,1
27.0,40132.53,710.0,24,0.0248,1,12.78,1
32.0,56664.24,470.0,36,0.0512,1,10.6,1
54.0,24286.67,784.0,60,0.0499,1,6.77,0
31.0,42914.29,726.0,36,0.068,4,13.42,0
52.0,41496.57,565.0,48,0.0375,4,1.17,1
24.0,31719.74,850.0,60,0.0716,2,11.3,1
58.0,68647.95,520.0,48,0.0683,4,7.18,0
27.0,43304.82,753.0,24,0.0479,12,35.04,1
53.0,98936.62,756.0,48,0.0392,4,3.11,1
54.0,11821.55,576.0,24,0.0837,2,2.47,0
35.0,53457.66,696.0,36,0.0593,12,13.72,1
54.0,68292.25,536.0,12,0.0442,4,51.69,0
49.0,43886.88,415.0,36,0.0306,12,7.06,1
37.0,50392.99,593.0,48,0.076,12,8.5,1
30.0,12268.05,638.0,24,0.0371,12,20.27,0
18.0,85517.57,764.0,48,0.0392,2,5.28,0
50.0,114417.12,707.0,12,0.0349,4,34.87,1
22.0,98079.86,709.0,60,0.0425,2,5.45,1
46.0,169181.45,599.0,60,0.058,2,7.03,1
41.0,73242.39,647.0,60,0.0397,4,15.92,0
55.0,96633.54,607.0,48,0.048,2,42.89,0
40.0,69988.82,578.0,60,0.0359,1,43.69,0
40.0,119079.99,641.0,24,0.0598,4,29.85,1
56.0,12366.8,707.0,12,0.048,1,22.83,1
50.0,24499.77,643.0,36,0.0254,4,13.8,1
50.0,292698.88,668.0,24,0.0475,4,25.38,0
52.0,5113.12,769.0,12,0.0547,2,48.28,0
22.0,52042.82,650.0,36,0.0417,2,16.03,0
56.0,193353.42,567.0,60,0.02,2,6.53,0
54.0,54542.71,756.0,36,0.075,12,13.08,0
30.0,39934.22,727.0,48,0.0299,4,30.32,0
41.0,68146.95,733.0,48,0.0623,12,34.23,0
44.0,42061.15,763.0,60,0.0424,2,4.24,0
43.0,61750.01,746.0,60,0.0481,1,1.94,1
50.0,30230.87,703.0,24,0.046,1,44.96,0
66.0,181438.93,850.0,24,0.0701,4,51.75,0
61.0,248516.6,572.0,48,0.0547,12,7.8,0
25.0,52397.27,641.0,12,0.0529,4,31.12,0
54.0,14965.62,797.0,24,0.0256,2,8.98,0
65.0,35459.87,714.0,12,0.08,12,11.72,1
51.0,49812.01,776.0,48,0.02,1,9.42,0
61.0,99264.06,717.0,24,0.076,2,5.8,0
75.0,21850.67,837.0,12,0.02,2,26.44,0
60.0,27745.74,599.0,12,0.0862,2,5.68,0
49.0,99775.32,834.0,24,0.0582,12,33.91,1
61.0,153109.53,817.0,60,0.0397,2,49.61,0
47.0,32157.66,579.0,36,0.0223,1,6.87,1
45.0,15784.49,763.0,60,0.0497,2,4.37,1
40.0,1597767.98,696.0,36,0.0592,12,7.85,1
68.0,131046.07,639.0,12,0.0511,12,16.6,0
33.0,45843.85,511.0,24,0.0419,1,5.87,1
68.0,142775.86,599.0,48,0.0355,12,12.54,1
52.0,52867.46,771.0,24,0.0736,1,23.67,0
24.0,142508.49,781.0,60,0.0436,4,11.74,1
51.0,70220.33,679.0,36,0.0574,2,28.02,1
18.0,65596.12,782.0,24,0.0609,4,26.67,0
54.0,53445.52,795.0,36,0.0252,4,2.03,1
58.0,14081.52,715.0,60,0.048,4,4.79,1
36.0,415856.24,628.0,60,0.0763,1,26.25,0
47.0,23352.66,744.0,24,0.0558,2,33.63,0
74.0,15366.98,749.0,48,0.0589,4,16.0,0
37.0,48394.44,767.0,48,0.0415,1,3.99,0
29.0,22891.67,787.0,36,0.0718,12,9.87,0
67.0,56856.58,564.0,24,0.089,4,41.52,1
74.0,119105.37,649.0,12,0.0345,1,16.59,0
45.0,161992.11,510.0,60,0.0657,1,7.58,0
60.0,135229.79,775.0,36,0.0225,1,19.98,1
65.0,44106.74,679.0,60,0.0622,1,28.68,0
34.0,62918.27,743.0,36,0.0588,2,1.39,0
38.0,90028.27,552.0,24,0.0271,12,59.45,0
63.0,10323.86,840.0,36,0.0685,1,22.93,0
70.0,105935.39,581.0,36,0.0301,4,5.72,1
53.0,13942.55,777.0,12,0.0887,12,2.11,1
32.0,460628.25,712.0,36,0.0529,2,30.14,1
75.0,39954.03,681.0,48,0.0469,4,18.7,0
37.0,49767.87,673.0,36,0.0367,12,29.3,0
40.0,27730.63,636.0,36,0.0622,12,6.17,0
50.0,31889.43,830.0,24,0.0568,2,10.15,0
68.0,581923.09,701.0,36,0.0528,4,18.7,0
58.0,153333.37,573.0,12,0.035,4,5.09,0
51.0,12718.3,662.0,24,0.0446,1,6.81,0
52.0,269470.15,713.0,60,0.0352,12,50.37,0
46.0,197450.32,790.0,48,0.02,4,14.98,0
53.0,45197.07,640.0,48,0.0472,2,19.35,0
18.0,81364.71,646.0,60,0.0277,4,10.42,0
41.0,58986.03,702.0,36,0.0904,1,21.81,1
49.0,430447.18,787.0,12,0.0875,12,21.09,1
28.0,27003.18,563.0,12,0.0571,1,56.72,0
51.0,69286.86,751.0,12,0.02,2,4.04,1
42.0,39020.98,654.0,12,0.0592,4,18.01,0
71.0,14284.92,668.0,36,0.0456,1,28.11,1
69.0,535865.38,850.0,60,0.0723,2,7.66,0
38.0,18369.25,680.0,60,0.0704,2,31.67,1
43.0,74617.41,775.0,48,0.0349,1,19.71,0
44.0,10501.77,772.0,60,0.0427,2,6.39,1
38.0,40172.16,582.0,12,0.0412,4,39.51,0
48.0,91305.73,515.0,36,0.0417,4,28.57,0
34.0,26245.93,782.0,24,0.02,4,13.83,0
28.0,107667.37,592.0,24,0.0576,2,5.52,0
54.0,45750.54,534.0,12,0.0516,2,11.29,0
54.0,191010.28,803.0,48,0.0435,4,34.2,0
33.0,233692.38,598.0,24,0.0555,4,0.11,1
58.0,33298.09,623.0,12,0.0565,12,0.57,0
36.0,64649.32,850.0,36,0.0733,1,44.64,0
49.0,71930.4,534.0,24,0.0679,4,2.41,0
57.0,111229.32,574.0,12,0.0706,2,4.68,0
44.0,60741.47,654.0,24,0.032,1,0.95,1
52.0,72418.06,676.0,36,0.0276,2,11.05,1
37.0,46938.5,611.0,60,0.069,2,6.57,1
42.0,67187.32,584.0,60,0.0842,12,5.07,1
42.0,219243.92,850.0,36,0.067,4,1.14,0
34.0,114243.02,726.0,36,0.0566,12,16.69,0
42.0,120723.2,759.0,60,0.0501,1,7.03,1
22.0,123385.68,686.0,36,0.1072,2,28.48,0
38.0,51338.24,729.0,36,0.0667,2,3.76,1
41.0,82357.68,793.0,36,0.046,4,5.03,1
41.0,20228.07,600.0,60,0.0897,2,29.55,1
41.0,212948.93,726.0,60,0.0844,2,29.17,0
44.0,3703.52,770.0,24,0.0213,12,6.09,0
52.0,54877.11,850.0,60,0.0254,4,2.8,0
58.0,187380.39,850.0,24,0.0459,4,0.08,0
35.0,15308.02,707.0,60,0.0755,4,38.22,0
27.0,89302.07,814.0,48,0.0384,2,1.07,1
29.0,30310.02,433.0,24,0.0296,12,2.99,1
38.0,41406.65,850.0,36,0.0663,1,0.2,1
40.0,154190.01,627.0,48,0.02,2,0.8,1
33.0,72988.48,676.0,60,0.043,12,26.97,0
26.0,7829.42,744.0,60,0.0285,1,7.12,1
38.0,22551.9,685.0,48,0.0498,2,15.19,0
48.0,158789.66,720.0,12,0.031,2,5.94,0
54.0,93802.12,850.0,36,0.047,1,20.1,0
37.0,343910.1,662.0,24,0.0584,2,2.85,1
39.0,322109.75,591.0,48,0.0526,2,46.66,0
31.0,42521.06,850.0,24,0.0393,2,59.2,0
45.0,731781.91,753.0,60,0.0432,12,59.95,0
32.0,61357.93,850.0,12,0.0951,12,23.16,0
54.0,22864.29,786.0,12,0.0677,2,37.29,1
18.0,31772.62,568.0,24,0.0454,12,16.75,0
40.0,6268.39,765.0,60,0.0536,2,8.58,0
50.0,298647.43,602.0,12,0.059,12,13.43,1
48.0,295009.25,701.0,36,0.0348,12,28.61,0
85.0,21687.53,692.0,60,0.05,12,1.46,1
50.0,47672.77,538.0,48,0.0285,1,21.98,0
30.0,65881.14,619.0,48,0.0301,2,18.12,0
44.0,22917.29,850.0,48,0.0675,1,53.03,1
18.0,10351.62,724.0,36,0.0701,12,53.01,0
44.0,48515.68,682.0,60,0.0731,12,4.77,1
33.0,43430.64,850.0,24,0.0486,2,11.06,1
59.0,40602.66,660.0,24,0.0401,4,2.61,1
37.0,74810.69,691.0,60,0.0502,2,34.05,0
43.0,250075.88,799.0,36,0.02,4,12.43,0
35.0,44218.89,660.0,60,0.0778,12,2.94,1
71.0,71000.56,625.0,24,0.02,1,18.59,0
40.0,123855.46,475.0,60,0.0695,2,12.65,1
72.0,104207.87,606.0,48,0.0302,4,5.17,1
57.0,32389.08,605.0,60,0.0498,4,8.02,0
52.0,65931.86,716.0,12,0.033,4,20.86,0
51.0,103522.04,639.0,60,0.0333,2,25.65,1
51.0,19373.25,850.0,24,0.02,2,51.66,0
18.0,211829.93,594.0,24,0.0246,4,35.46,1
41.0,250593.88,840.0,24,0.0682,1,18.53,0
58.0,29062.96,722.0,48,0.0255,4,9.84,0
44.0,72668.99,781.0,24,0.0247,1,44.63,0
24.0,113809.16,775.0,12,0.0478,2,12.25,0
44.0,34696.21,478.0,60,0.02,2,4.91,1
71.0,96917.35,699.0,36,0.043,2,31.75,0
64.0,70492.08,674.0,24,0.0552,12,5.55,0
44.0,13795.28,587.0,60,0.0574,1,34.08,1
59.0,94765.56,746.0,48,0.0293,12,10.44,1
40.0,19927.53,850.0,60,0.0742,2,8.8,0
19.0,153154.55,433.0,24,0.0704,4,1.71,1
31.0,30601.03,647.0,24,0.02,4,22.85,1
68.0,50955.84,575.0,24,0.0643,12,8.15,0
41.0,236163.33,707.0,12,0.053,4,17.25,1
41.0,98359.23,667.0,60,0.0602,2,10.86,1
41.0,20343.69,639.0,36,0.0377,12,57.44,0
74.0,21700.34,769.0,12,0.0241,4,43.19,0
69.0,32882.54,850.0,36,0.047,12,29.61,0
78.0,88844.6,850.0,24,0.0576,1,11.2,0
43.0,85673.58,626.0,36,0.0579,12,36.0,0
49.0,25768.23,518.0,36,0.0569,1,36.8,0
22.0,18634.88,756.0,12,0.0285,1,6.67,0
67.0,79346.8,850.0,12,0.0774,1,15.23,0
27.0,49918.15,781.0,60,0.0739,4,18.44,0
48.0,517733.49,850.0,36,0.0549,1,16.17,1
29.0,62106.36,677.0,12,0.0309,4,35.01,0
36.0,367417.04,639.0,60,0.0553,2,14.64,0
32.0,18575.83,712.0,36,0.0414,4,18.6,0
36.0,12416.57,667.0,36,0.043,12,8.75,0
37.0,19534.06,766.0,24,0.0634,4,2.66,0
37.0,196639.97,797.0,12,0.0416,4,30.58,0
58.0,346660.64,805.0,48,0.0783,4,1.91,0
28.0,27386.91,751.0,12,0.0626,2,42.38,1
48.0,37776.18,725.0,24,0.0702,4,37.1,1
63.0,18601.9,779.0,60,0.0321,12,40.47,1
37.0,9782.6,504.0,12,0.0377,12,0.59,1
34.0,122812.21,721.0,36,0.0251,1,38.47,0
42.0,74833.45,705.0,48,0.0764,4,1.45,1
63.0,60505.41,721.0,60,0.1076,2,16.21,1
48.0,14763.95,691.0,12,0.0604,1,1.79,1
37.0,308647.98,743.0,60,0.0552,12,17.89,0
52.0,36193.81,643.0,36,0.0405,1,14.04,1
28.0,102091.67,813.0,48,0.0823,2,19.24,0
55.0,13980.78,747.0,36,0.0491,12,27.67,1
51.0,49487.47,715.0,48,0.037,12,0.45,0
40.0,80127.5,630.0,60,0.0205,4,21.98,0
32.0,83039.79,782.0,12,0.0291,12,52.55,1
32.0,69887.95,721.0,48,0.0514,12,8.98,1
53.0,98176.53,624.0,36,0.02,12,5.13,1
63.0,19331.28,694.0,48,0.0255,4,15.26,1
35.0,72938.55,763.0,60,0.0833,4,13.02,1
52.0,67087.81,755.0,60,0.0666,12,7.33,0
18.0,75483.75,749.0,60,0.0435,2,50.15,0
36.0,64366.28,709.0,12,0.0689,2,2.55,1
45.0,16760.62,803.0,60,0.0347,1,14.22,1
31.0,16029.73,824.0,12,0.0656,12,35.44,1
31.0,6540.26,774.0,24,0.0427,12,4.97,0
35.0,135609.47,641.0,48,0.0894,4,6.06,1
49.0,136989.22,594.0,36,0.0272,4,42.36,0
42.0,139183.75,646.0,12,0.0806,2,25.83,1
18.0,81372.28,850.0,12,0.0474,2,0.05,0
18.0,7093.12,728.0,36,0.02,1,40.93,0
36.0,21445.92,850.0,48,0.0562,12,30.9,1
52.0,70998.6,688.0,60,0.064,4,43.81,0
18.0,68563.66,674.0,48,0.08,1,25.14,0
38.0,47918.25,693.0,12,0.0652,1,46.98,1
37.0,86588.06,691.0,60,0.0314,2,52.72,0
66.0,60575.86,623.0,24,0.0708,12,21.83,1
39.0,67559.94,585.0,36,0.0511,12,39.97,0
51.0,31600.7,750.0,48,0.02,4,20.66,0
47.0,159853.17,805.0,60,0.0483,12,14.55,0
18.0,38918.63,850.0,36,0.0265,1,37.79,0
57.0,15825.07,657.0,48,0.0472,12,0.47,0
48.0,27694.83,665.0,12,0.0646,12,23.64,1
53.0,42257.36,623.0,12,0.0275,4,27.9,1
85.0,161781.64,813.0,12,0.0559,2,1.79,1
18.0,57396.12,781.0,24,0.0717,1,34.35,0
71.0,49704.55,612.0,12,0.0375,4,0.06,1
41.0,17177.17,610.0,12,0.0443,4,22.19,1
49.0,131331.85,795.0,12,0.0714,12,38.31,0
44.0,31196.08,738.0,60,0.0723,4,16.53,1
39.0,54174.85,776.0,36,0.0268,2,53.69,0
36.0,263072.01,612.0,24,0.0292,1,17.46,1
50.0,99584.65,512.0,48,0.0658,1,5.56,1
22.0,11751.61,613.0,24,0.0454,4,34.83,0
56.0,10203.54,769.0,36,0.0469,1,0.16,0
39.0,56144.81,850.0,12,0.02,2,7.82,1
28.0,17805.44,657.0,12,0.0408,4,30.21,1
38.0,114524.81,850.0,48,0.0467,4,59.64,0
64.0,62458.84,783.0,24,0.0645,2,32.14,1
37.0,70642.33,561.0,24,0.0425,4,5.68,0
50.0,29532.8,721.0,48,0.0645,1,25.03,0
34.0,341595.87,786.0,24,0.0466,1,3.28,0
56.0,1027453.25,457.0,24,0.0751,2,26.92,1
55.0,45315.99,764.0,24,0.0497,12,40.67,1
73.0,85224.08,817.0,48,0.0397,12,55.3,0
42.0,66000.48,740.0,48,0.0354,12,30.1,0
55.0,46180.51,694.0,36,0.0293,2,6.2,0
46.0,26054.08,683.0,24,0.0563,12,9.56,1
64.0,20232.23,677.0,36,0.0892,1,21.79,1
34.0,19233.38,582.0,60,0.0657,4,3.0,0
56.0,89791.0,631.0,60,0.0583,12,11.46,1
42.0,35608.0,658.0,24,0.0254,2,0.26,1
44.0,4544.66,711.0,12,0.0264,1,7.93,0
46.0,93419.77,644.0,60,0.069,12,17.26,1
49.0,57626.55,613.0,12,0.0592,12,3.73,0
43.0,230192.92,776.0,36,0.0373,1,10.47,0
48.0,86952.95,737.0,24,0.02,2,3.5,0
69.0,13647.7,646.0,36,0.046,4,13.09,1
60.0,6440.25,751.0,36,0.032,1,10.55,1
58.0,29159.25,655.0,48,0.0394,4,17.31,0
38.0,32044.88,706.0,24,0.0243,12,38.79,0
32.0,153761.69,798.0,48,0.0661,1,6.6,0
59.0,59345.35,640.0,36,0.0378,12,37.99,0
58.0,186034.7,583.0,12,0.0602,12,41.87,0
67.0,15917.38,685.0,24,0.0577,12,51.45,0
36.0,157198.46,564.0,24,0.0384,12,33.75,1
42.0,123129.16,672.0,60,0.0463,12,39.21,0
20.0,7956.67,672.0,12,0.0852,2,14.15,1
39.0,224721.66,454.0,12,0.0294,12,2.47,0
60.0,65739.71,753.0,36,0.0332,1,3.16,1
38.0,88613.94,682.0,36,0.02,4,18.21,1
55.0,25212.72,818.0,36,0.0471,1,19.74,1
42.0,214324.61,722.0,60,0.02,1,17.47,0
50.0,18290.69,774.0,12,0.0402,2,9.03,1
28.0,137598.05,819.0,48,0.02,12,10.8,1
46.0,136026.84,687.0,12,0.0645,4,32.48,1
18.0,22602.88,700.0,48,0.0466,4,11.1,0
42.0,435118.46,543.0,24,0.02,12,18.28,0
21.0,75472.87,824.0,48,0.0306,4,17.77,1
63.0,115138.68,685.0,24,0.0405,2,45.48,0
57.0,13002.27,599.0,36,0.0605,12,16.42,1
52.0,497688.67,774.0,12,0.0674,4,12.01,0
68.0,17596.28,482.0,36,0.0579,1,19.73,1
31.0,166856.0,657.0,12,0.0561,4,44.65,0
71.0,22141.93,791.0,48,0.0583,1,17.67,1
59.0,32241.55,656.0,12,0.063,12,0.77,0
41.0,131762.2,628.0,48,0.0502,1,3.11,0
62.0,167301.48,658.0,12,0.0457,1,10.52,1
28.0,16792.97,499.0,24,0.0537,2,20.72,1
33.0,178166.21,772.0,48,0.0733,2,12.82,0
36.0,170242.73,688.0,36,0.02,12,26.48,0
37.0,23436.42,673.0,36,0.02,2,2.02,1
29.0,296157.77,673.0,36,0.0612,12,0.92,0
63.0,13948.71,701.0,36,0.032,2,40.63,0
41.0,32055.61,765.0,24,0.0514,1,15.14,1
50.0,96664.61,695.0,24,0.0494,12,4.84,1
36.0,25500.0,564.0,60,0.0933,1,9.81,0
18.0,77949.7,758.0,60,0.0635,4,10.43,1
49.0,76196.9,750.0,60,0.0701,12,37.58,0
18.0,49658.54,721.0,60,0.0438,12,20.66,0
44.0,137640.51,808.0,12,0.0339,12,6.61,0
24.0,47650.06,703.0,48,0.0331,2,49.58,0
75.0,75473.82,811.0,36,0.0745,4,0.9,1
59.0,188428.12,841.0,12,0.0605,2,16.97,0
47.0,132017.03,758.0,24,0.0515,2,10.83,1
64.0,131402.09,625.0,36,0.0842,4,20.18,0
32.0,18973.91,687.0,48,0.0472,12,5.66,1
53.0,101193.78,824.0,48,0.0346,2,16.66,0
48.0,24872.08,550.0,24,0.0432,4,21.66,0
49.0,16623.71,661.0,36,0.0715,1,2.61,1
64.0,55731.1,666.0,60,0.0226,12,14.09,1
56.0,24238.68,613.0,36,0.049,1,15.45,0
49.0,132007.99,787.0,36,0.0822,12,23.86,1
20.0,135203.38,738.0,48,0.0581,12,11.53,0
31.0,8931.8,629.0,24,0.0461,4,33.41,0
43.0,26152.43,761.0,36,0.0885,4,30.54,0
46.0,13907.91,684.0,12,0.057,1,19.8,1
28.0,37698.32,611.0,12,0.02,1,21.38,0
81.0,94388.61,629.0,24,0.0466,2,24.05,1
68.0,46991.02,744.0,60,0.0743,2,4.16,1
54.0,33197.86,794.0,36,0.0534,12,52.28,0
46.0,219734.77,651.0,36,0.0811,1,3.16,1
42.0,5973.83,754.0,48,0.0285,2,12.69,1
31.0,206255.69,850.0,36,0.0483,4,0.6,0
46.0,34742.25,574.0,60,0.0571,4,10.95,1
49.0,55375.41,736.0,36,0.0251,1,15.39,1
26.0,35335.26,783.0,36,0.0499,4,17.86,0
50.0,280096.12,690.0,48,0.0585,2,19.29,0
43.0,17483.65,824.0,12,0.0247,2,23.82,0
18.0,60580.99,850.0,12,0.0204,1,16.15,0
32.0,101461.9,734.0,60,0.0738,2,7.23,1
39.0,11956.1,677.0,24,0.0523,1,2.95,0
73.0,23863.42,798.0,24,0.02,2,3.83,1
53.0,51628.1,784.0,48,0.0364,2,18.43,1
25.0,24669.8,448.0,36,0.0516,2,7.62,1
52.0,26486.97,700.0,48,0.02,1,13.51,0
22.0,42198.39,661.0,12,0.0316,1,56.93,0
61.0,114643.36,740.0,60,0.0436,2,9.85,0
38.0,42500.97,681.0,24,0.0436,2,6.38,0
44.0,176032.9,691.0,36,0.0289,2,47.6,0
65.0,22075.91,614.0,24,0.0472,4,10.01,1
26.0,17121.29,773.0,12,0.0419,12,19.21,1
24.0,410998.73,850.0,36,0.0461,12,13.6,0
36.0,31009.28,615.0,12,0.0562,4,22.56,0
61.0,16140.52,560.0,24,0.02,12,8.21,1
22.0,10487.57,702.0,24,0.0643,12,9.7,0
18.0,175448.96,697.0,12,0.0605,12,29.74,0
38.0,42561.08,817.0,36,0.0597,2,40.36,0
53.0,46457.36,577.0,12,0.0464,4,2.55,1
63.0,51062.12,646.0,36,0.046,2,1.21,1
38.0,164875.0,485.0,48,0.0475,12,20.08,1
39.0,50034.61,837.0,48,0.0515,4,8.1,1
62.0,624092.44,725.0,36,0.0658,4,42.2,0
18.0,68443.27,654.0,12,0.0651,2,37.51,0
39.0,173127.7,568.0,36,0.0444,1,22.92,1
48.0,133952.41,577.0,24,0.0618,4,16.08,0
52.0,57731.18,741.0,12,0.0598,1,10.98,1
37.0,33290.56,589.0,36,0.0639,12,11.97,0
46.0,83446.75,710.0,24,0.0423,4,0.82,1
18.0,99717.73,850.0,60,0.0757,1,33.49,1
35.0,33772.9,665.0,24,0.0662,1,3.32,1
52.0,70709.76,604.0,36,0.0282,2,18.09,1
30.0,206118.18,738.0,12,0.034,1,17.86,0
46.0,474467.19,577.0,12,0.0804,12,13.79,1
52.0,140697.76,850.0,48,0.02,12,41.16,1
40.0,385678.61,840.0,36,0.0495,4,57.92,0
48.0,31908.44,684.0,24,0.092,2,6.58,1
31.0,120798.88,610.0,24,0.0715,2,8.23,0
42.0,228323.67,657.0,36,0.0705,2,34.3,0
54.0,24432.43,670.0,24,0.0262,12,2.19,0
47.0,36842.59,738.0,60,0.0659,1,7.11,1
36.0,340409.56,804.0,48,0.0807,12,40.27,0
48.0,22581.84,596.0,12,0.0438,12,59.54,0
56.0,15660.08,801.0,24,0.0501,1,29.11,1
18.0,275951.82,762.0,60,0.0702,12,13.09,0
62.0,198146.76,649.0,36,0.0457,4,26.63,0
40.0,92237.33,591.0,24,0.02,4,15.44,0
51.0,57198.86,712.0,36,0.02,4,2.86,0
63.0,38618.07,594.0,60,0.0563,4,22.95,0
24.0,79375.8,802.0,60,0.0399,4,6.46,0
34.0,290630.2,588.0,12,0.02,2,27.78,1
41.0,76005.89,755.0,36,0.034,12,23.37,0
33.0,522802.62,692.0,48,0.0422,1,1.87,0
71.0,24393.16,644.0,12,0.0403,2,3.13,1
32.0,58707.29,690.0,36,0.0726,1,5.12,1
37.0,41230.82,808.0,36,0.0632,12,27.19,0
48.0,20228.72,581.0,60,0.0471,2,38.35,1
27.0,51375.48,659.0,60,0.0245,1,47.27,0
39.0,90883.1,625.0,36,0.0641,4,7.46,1
50.0,101136.89,696.0,60,0.0794,2,51.25,0
40.0,524631.91,632.0,36,0.0846,4,8.81,1
44.0,95269.74,523.0,36,0.0445,2,4.91,1
37.0,189119.96,594.0,12,0.0618,12,14.13,1
22.0,63965.19,850.0,12,0.0371,2,25.34,0
50.0,320634.01,725.0,48,0.0335,12,1.4,1
71.0,658980.54,721.0,12,0.0645,2,8.12,1
45.0,101832.56,672.0,24,0.025,12,10.13,0
48.0,22188.76,695.0,24,0.0403,4,0.76,1
55.0,34585.68,657.0,60,0.073,12,10.26,1
26.0,79374.65,753.0,24,0.04,4,11.1,0
71.0,94513.51,710.0,12,0.0293,2,41.99,0
48.0,120381.98,583.0,48,0.0899,2,43.61,0
69.0,94863.82,725.0,36,0.0613,2,18.44,0
34.0,60293.82,454.0,48,0.02,2,14.84,1
72.0,31691.43,741.0,12,0.0567,4,42.68,0
57.0,89423.45,559.0,12,0.0476,1,6.53,1
53.0,382692.61,690.0,12,0.0662,1,10.16,0
49.0,166030.8,581.0,60,0.0601,12,17.44,1
41.0,102201.74,700.0,24,0.0491,2,16.79,0
63.0,167638.8,758.0,12,0.0553,2,6.43,0
47.0,41313.14,850.0,36,0.0564,1,31.21,0
18.0,36016.59,546.0,24,0.058,1,38.63,1
28.0,28345.25,798.0,24,0.0425,2,18.37,0
42.0,52823.6,713.0,60,0.0212,2,15.63,0
50.0,39261.28,655.0,48,0.0456,1,12.47,0
44.0,200440.9,776.0,24,0.0409,4,28.6,0
63.0,37222.79,676.0,24,0.0488,2,16.63,1
18.0,26830.06,772.0,12,0.0721,1,8.07,0
47.0,417724.41,601.0,36,0.0791,4,0.49,1
18.0,38124.97,637.0,12,0.0644,1,31.8,0
56.0,69809.71,794.0,36,0.0662,2,5.93,1
44.0,94025.64,849.0,24,0.0482,12,7.05,0
51.0,19212.32,696.0,36,0.0423,1,12.01,1
32.0,205969.58,421.0,12,0.0647,12,13.87,1
64.0,113223.5,680.0,12,0.0695,12,24.23,0
61.0,284470.27,703.0,48,0.0692,2,1.98,1
54.0,30356.87,677.0,60,0.0472,4,14.01,0
43.0,66113.34,734.0,48,0.0517,12,7.31,1
54.0,62277.52,652.0,24,0.0888,4,24.8,1
34.0,77955.12,784.0,36,0.02,2,34.97,0
58.0,13980.03,583.0,12,0.0696,2,5.73,1
70.0,66892.12,824.0,12,0.0432,2,0.26,1
61.0,14379.17,850.0,12,0.0432,4,4.57,1
34.0,85676.52,609.0,12,0.0443,1,6.29,0
50.0,7124.9,609.0,24,0.02,12,20.53,1
26.0,9399.51,741.0,60,0.0458,2,30.21,1
54.0,135747.08,581.0,48,0.0756,12,33.19,0
52.0,34653.76,651.0,48,0.0441,4,3.31,0
18.0,22295.54,810.0,12,0.0469,4,31.4,0
28.0,213383.36,774.0,12,0.0322,12,28.12,0
41.0,83085.56,850.0,36,0.0504,1,13.41,0
40.0,143213.27,717.0,12,0.02,2,50.01,0
27.0,50703.89,639.0,48,0.0341,1,19.23,0
51.0,872945.75,705.0,36,0.0577,12,29.66,1
49.0,32711.64,685.0,36,0.0235,2,27.03,0
42.0,342660.54,686.0,12,0.0252,2,52.71,0
34.0,56310.37,698.0,36,0.0407,12,30.06,0
61.0,11447.08,607.0,60,0.06,2,1.78,1
70.0,97037.11,728.0,12,0.0702,1,43.33,0
38.0,82023.62,559.0,60,0.05,4,46.04,0
36.0,20924.55,628.0,12,0.0437,4,56.08,0
52.0,23808.09,688.0,60,0.0581,12,7.99,1
40.0,58413.5,474.0,12,0.0455,4,2.98,0
43.0,84944.03,777.0,48,0.0647,4,26.63,1
56.0,5061.09,495.0,12,0.0797,12,11.74,1
18.0,171634.32,767.0,48,0.0468,12,8.77,0
65.0,36515.86,571.0,24,0.0272,2,58.71,0
46.0,15807.7,660.0,24,0.0488,12,39.0,0
39.0,153440.25,752.0,12,0.0903,1,14.93,1
44.0,58476.6,850.0,48,0.0563,12,10.66,0
44.0,202028.85,712.0,48,0.0304,2,33.27,1
19.0,92776.83,502.0,36,0.0507,2,18.2,1
67.0,59783.53,795.0,36,0.0485,12,9.59,1
46.0,51393.66,677.0,60,0.0334,1,12.82,0
52.0,97023.91,707.0,36,0.0752,2,2.86,1
59.0,39595.42,756.0,12,0.0624,1,32.05,0
30.0,25525.35,477.0,36,0.0732,2,43.98,0
52.0,110184.24,701.0,36,0.02,4,26.16,0
41.0,51819.0,659.0,12,0.0556,2,23.55,0
58.0,61918.09,822.0,12,0.0516,2,0.51,0
18.0,177971.7,773.0,60,0.0303,2,56.96,0
44.0,53429.77,537.0,48,0.0588,2,12.03,1
36.0,60781.09,826.0,36,0.0307,2,59.75,0
51.0,32871.14,745.0,24,0.02,12,32.82,1
52.0,92110.11,545.0,48,0.0645,12,13.62,1
34.0,84950.83,706.0,12,0.0469,1,3.48,0
34.0,147380.82,803.0,36,0.02,4,36.94,0
43.0,33552.65,579.0,60,0.0787,12,13.52,0
32.0,37880.17,838.0,24,0.0512,4,12.44,1
58.0,132208.75,549.0,48,0.0339,1,14.07,1
39.0,77050.24,621.0,36,0.02,1,10.22,0
18.0,24192.11,606.0,12,0.0279,2,14.78,1
39.0,221140.62,838.0,48,0.02,12,59.21,0
29.0,10954.98,651.0,24,0.0843,2,21.45,0
21.0,131174.63,584.0,12,0.09,2,10.81,1
26.0,16895.25,745.0,24,0.0745,1,1.51,0
47.0,394663.4,766.0,36,0.02,2,12.1,1
65.0,12776.98,767.0,48,0.0608,1,10.14,1
50.0,189520.15,673.0,60,0.0967,12,2.8,0
36.0,55180.54,725.0,36,0.0339,12,0.98,1
52.0,41497.87,635.0,36,0.0482,2,4.41,0
38.0,72070.25,850.0,60,0.0859,1,34.13,0
35.0,112634.16,814.0,60,0.057,12,20.38,1
28.0,24236.12,808.0,12,0.0634,4,1.02,1
19.0,26481.78,779.0,24,0.0363,12,8.0,0
39.0,114646.05,752.0,36,0.0207,1,16.34,1
47.0,10858.0,576.0,12,0.0596,2,0.23,1
44.0,33381.96,763.0,12,0.0401,1,13.94,1
39.0,1252543.64,711.0,36,0.0369,2,5.89,1
31.0,22742.42,826.0,24,0.0341,12,6.73,0
54.0,188679.07,781.0,60,0.0665,2,0.07,1
25.0,33324.54,755.0,36,0.0596,2,33.92,1
57.0,99612.72,532.0,24,0.0883,2,16.78,1
30.0,115192.01,691.0,60,0.0731,2,3.66,0
34.0,185156.51,644.0,48,0.0531,4,31.94,1
23.0,49008.36,725.0,36,0.0521,4,8.04,1
37.0,437523.04,658.0,36,0.0712,2,20.83,1
60.0,33211.9,672.0,24,0.053,1,56.29,0
53.0,75676.31,746.0,12,0.0749,1,9.82,1
60.0,76517.67,657.0,12,0.0536,12,1.99,0
53.0,19497.31,712.0,24,0.0634,4,39.57,0
28.0,44986.95,548.0,36,0.0801,12,16.33,0
40.0,70369.38,617.0,36,0.02,12,11.94,0
33.0,38866.15,766.0,36,0.0782,4,45.65,0
65.0,687573.47,577.0,48,0.0795,2,2.28,1
27.0,25883.9,825.0,12,0.0455,1,8.62,0
58.0,194740.75,797.0,48,0.0524,12,10.25,0
58.0,140992.19,673.0,36,0.044,1,40.64,0
72.0,59049.88,850.0,12,0.039,2,10.39,1
39.0,25204.83,824.0,36,0.0756,12,12.52,0
56.0,27770.92,605.0,36,0.0221,1,4.78,0
79.0,35668.84,775.0,24,0.0532,4,27.96,1
36.0,10039.26,707.0,12,0.0245,12,4.91,1
22.0,21950.27,622.0,36,0.0399,2,23.65,0
18.0,13595.9,593.0,60,0.028,12,14.92,0
56.0,230009.3,799.0,60,0.0522,12,2.51,0
18.0,111130.71,640.0,36,0.061,1,18.44,0
39.0,131396.41,690.0,24,0.074,1,0.29,1
52.0,107886.17,608.0,36,0.0501,4,0.22,1
48.0,70754.23,625.0,60,0.0896,2,5.79,1
51.0,257991.09,687.0,12,0.0415,4,13.24,1
48.0,32507.87,739.0,24,0.0658,1,12.18,1
64.0,66613.97,441.0,36,0.078,2,13.16,1
31.0,126381.3,702.0,60,0.0435,4,0.53,0
35.0,15975.17,625.0,12,0.062,12,21.23,1
33.0,1324557.36,840.0,60,0.02,4,34.99,0
57.0,61609.16,850.0,24,0.073,2,9.49,0
59.0,69008.81,664.0,48,0.0339,12,11.23,1
52.0,210423.62,528.0,36,0.0814,1,1.19,0
63.0,149485.6,712.0,12,0.0495,12,43.53,0
27.0,62197.99,679.0,24,0.0696,2,8.97,0
70.0,68195.2,850.0,24,0.0383,12,33.98,1
68.0,13304.42,850.0,48,0.1136,4,30.68,0
56.0,34321.74,787.0,48,0.054,4,0.64,0
72.0,100429.39,641.0,36,0.0972,12,3.78,1
20.0,93329.62,768.0,36,0.0503,2,49.49,0
37.0,203041.52,727.0,24,0.0435,2,37.94,1
34.0,53077.0,724.0,36,0.0638,2,32.28,0
56.0,14953.69,544.0,36,0.0747,2,2.63,1
29.0,172254.86,806.0,48,0.0686,4,38.4,0
56.0,251724.21,711.0,24,0.0615,2,34.69,1
66.0,147008.34,690.0,60,0.0512,2,29.58,0
55.0,50836.32,640.0,60,0.0674,12,1.95,1
49.0,170141.56,621.0,12,0.0586,12,13.58,1
30.0,1846699.37,732.0,48,0.0474,4,17.55,1
32.0,67181.44,525.0,12,0.0471,4,42.28,1
64.0,16127.21,779.0,24,0.0791,4,11.22,0
57.0,33313.4,595.0,60,0.0239,2,8.94,1
44.0,111912.88,494.0,60,0.0678,12,6.03,0
39.0,12030.44,850.0,60,0.0657,12,12.63,0
18.0,70926.76,614.0,12,0.0949,2,6.5,0
29.0,87582.51,628.0,36,0.02,1,16.38,0
74.0,277929.22,813.0,12,0.02,2,14.98,1
26.0,221947.21,850.0,60,0.0324,1,49.18,0
48.0,142142.42,547.0,48,0.0374,2,5.78,0
60.0,6886.52,604.0,48,0.0691,4,9.45,0
26.0,150399.92,612.0,12,0.0235,1,17.39,0
48.0,121238.31,793.0,12,0.0443,1,20.52,1
59.0,77338.28,850.0,24,0.0363,4,0.36,1
45.0,10612.39,592.0,12,0.0443,1,13.17,1
85.0,27535.35,841.0,12,0.078,12,7.68,0
20.0,18642.09,629.0,60,0.0615,2,23.74,1
61.0,7982.38,734.0,36,0.0378,1,28.9,1
42.0,59699.85,573.0,60,0.0224,4,47.11,0
57.0,26961.84,688.0,36,0.0608,2,7.45,1
52.0,826789.64,689.0,60,0.0369,1,35.25,1
34.0,50575.78,668.0,60,0.0447,2,26.36,0
48.0,218327.86,738.0,24,0.0451,1,12.86,1
18.0,12467.75,599.0,36,0.0722,12,17.78,1
54.0,35239.06,612.0,60,0.043,4,8.15,1
49.0,65966.21,744.0,60,0.0418,12,5.62,1
55.0,24145.32,834.0,36,0.0318,12,0.06,0
61.0,39253.63,698.0,24,0.0348,1,11.1,1
51.0,48148.68,750.0,36,0.0683,12,17.91,1
47.0,47386.47,776.0,24,0.0501,4,13.96,1
32.0,382742.83,783.0,24,0.0461,2,0.75,0
34.0,87397.88,605.0,48,0.0235,2,27.86,0
63.0,96713.72,622.0,24,0.0293,2,30.99,0
67.0,102708.97,631.0,48,0.0607,1,19.16,1
41.0,110484.04,850.0,12,0.0457,4,41.83,0
46.0,55111.46,751.0,24,0.0457,1,7.58,0
31.0,43445.11,746.0,36,0.0571,12,33.32,0
63.0,70743.51,737.0,48,0.0629,4,9.24,0
55.0,190385.06,568.0,12,0.0639,12,6.62,1
74.0,184653.83,850.0,12,0.0444,4,21.8,0
32.0,47079.9,748.0,24,0.0476,2,39.66,0
39.0,129035.61,772.0,36,0.0605,4,53.67,0
48.0,49286.99,523.0,24,0.02,1,47.5,0
55.0,61936.85,778.0,60,0.0533,2,2.6,1
42.0,37289.86,664.0,12,0.0642,4,16.83,0
32.0,49928.88,568.0,60,0.0361,1,17.85,1
58.0,228966.29,605.0,60,0.0245,1,11.26,0
56.0,65671.55,574.0,48,0.0786,12,0.3,1
31.0,68547.52,572.0,60,0.0342,2,42.47,0
65.0,14083.82,706.0,12,0.0492,4,22.41,1
63.0,43947.72,661.0,12,0.0562,4,53.31,0
47.0,47036.78,733.0,36,0.0318,2,17.39,1
46.0,26130.45,850.0,24,0.02,12,4.14,0
53.0,61185.49,687.0,36,0.0556,12,19.71,1
32.0,38980.54,476.0,36,0.0222,2,8.04,0
45.0,64860.61,676.0,24,0.0635,2,28.75,1
18.0,67609.45,819.0,12,0.047,2,1.43,0
58.0,23022.92,691.0,48,0.0929,1,33.7,0
22.0,40186.98,850.0,60,0.0529,2,21.86,0
68.0,64690.8,745.0,48,0.0357,12,27.41,1
40.0,195692.42,516.0,60,0.0658,4,24.71,1
42.0,77398.23,711.0,24,0.0715,4,2.16,1
36.0,30886.2,730.0,24,0.0231,12,10.95,0
41.0,89232.87,808.0,36,0.0586,4,7.18,0
66.0,330231.4,850.0,24,0.0569,12,44.99,1
18.0,149747.6,791.0,60,0.0694,1,55.91,0
64.0,103520.66,744.0,48,0.0295,4,21.31,0
50.0,123696.98,768.0,48,0.0644,1,21.21,1
27.0,252698.93,683.0,48,0.0583,4,5.39,1
29.0,175540.8,554.0,48,0.0452,2,23.66,1
70.0,105531.04,704.0,36,0.1035,1,20.61,1
31.0,174319.0,737.0,48,0.0262,1,1.85,1
28.0,20299.45,580.0,60,0.0452,1,10.22,0
62.0,13329.5,833.0,36,0.0321,12,17.68,0
50.0,70059.39,801.0,36,0.0568,4,30.67,1
31.0,64130.84,563.0,36,0.0841,2,11.49,1
48.0,34755.39,837.0,24,0.0786,12,29.45,1
30.0,136742.2,669.0,36,0.02,4,46.69,0
62.0,9294.11,622.0,60,0.0816,1,42.52,1
61.0,35074.43,808.0,48,0.04,12,20.17,0
53.0,36865.98,695.0,24,0.036,2,10.35,0
50.0,11657.42,850.0,48,0.053,1,41.14,0
71.0,266927.14,615.0,12,0.0443,12,19.89,1
45.0,15379.62,527.0,24,0.0433,1,26.23,1
27.0,33245.01,672.0,60,0.0353,4,35.62,0
52.0,148446.48,779.0,24,0.0564,4,47.91,0
76.0,114238.69,607.0,36,0.0744,2,14.28,1
30.0,19768.11,567.0,24,0.0529,4,14.3,1
40.0,118478.79,723.0,36,0.048,4,35.88,1
51.0,80000.21,554.0,48,0.0624,4,3.85,1
44.0,617253.8,731.0,24,0.0754,1,36.45,0
30.0,89674.38,666.0,24,0.0526,1,5.07,0
62.0,51987.48,749.0,60,0.0468,4,34.97,0
80.0,25425.25,562.0,12,0.0627,1,46.08,1
48.0,28445.82,830.0,24,0.0363,4,2.26,0
31.0,26218.77,682.0,48,0.02,2,23.94,0
22.0,235884.8,776.0,36,0.0622,12,23.58,0
49.0,60959.8,796.0,48,0.0416,12,15.24,0
62.0,105371.46,584.0,60,0.0394,4,10.46,1
52.0,272187.81,788.0,24,0.02,2,10.24,0
45.0,5662.02,557.0,12,0.0351,4,11.11,1
36.0,215103.32,563.0,12,0.0429,12,9.34,0
29.0,63284.58,850.0,24,0.0788,2,57.9,0
58.0,92507.81,811.0,12,0.0851,1,0.7,0
59.0,26149.8,850.0,48,0.0464,12,29.28,0
22.0,28137.98,663.0,36,0.061,12,2.17,0
69.0,97620.8,710.0,24,0.027,4,8.24,1
54.0,649915.61,753.0,36,0.0525,2,47.92,0
66.0,163294.94,699.0,12,0.0418,2,8.17,1
25.0,212250.6,625.0,60,0.02,1,8.28,0
25.0,49414.48,610.0,36,0.0726,2,12.72,0
43.0,32852.92,721.0,60,0.054,4,4.7,0
53.0,27424.58,593.0,48,0.0639,2,9.31,1
72.0,36743.85,591.0,60,0.0422,2,4.09,0
56.0,7686.47,739.0,36,0.02,2,21.31,1
41.0,29000.86,690.0,36,0.0215,1,10.93,1
30.0,34188.58,794.0,24,0.0683,1,8.25,1
63.0,50243.77,658.0,60,0.0451,12,55.19,0
31.0,68305.81,642.0,48,0.0622,12,17.67,1
69.0,86029.96,742.0,24,0.0415,1,10.73,0
41.0,58987.13,619.0,24,0.0519,2,16.13,1
69.0,33475.09,634.0,48,0.05,1,7.42,0
55.0,8405.5,638.0,24,0.0315,1,49.34,0
43.0,33681.08,679.0,48,0.0552,4,45.63,0
37.0,22641.72,850.0,12,0.0809,2,3.6,1
40.0,95422.22,562.0,24,0.0402,1,8.21,1
51.0,148640.72,830.0,36,0.02,4,16.84,0
46.0,153057.82,774.0,12,0.0644,12,7.87,0
36.0,127637.91,850.0,24,0.0226,4,14.72,0
43.0,52390.17,850.0,48,0.0303,2,2.0,1
46.0,35526.86,843.0,12,0.0445,12,39.04,0
18.0,28364.6,793.0,12,0.0626,12,11.21,0
52.0,13259.92,569.0,36,0.0597,2,35.75,1
30.0,161434.33,581.0,24,0.0436,12,13.75,1
28.0,50276.29,736.0,24,0.0236,12,25.76,0
20.0,17217.12,530.0,48,0.1037,4,33.32,1
18.0,26199.84,762.0,12,0.0537,12,20.0,0
25.0,25160.4,487.0,36,0.0664,2,15.68,1
34.0,62506.42,815.0,48,0.0597,12,21.22,1
74.0,174114.4,668.0,48,0.0801,4,20.39,1
37.0,42277.51,713.0,36,0.0288,1,28.51,0
48.0,6294.72,625.0,24,0.0573,12,20.93,1
51.0,49554.07,510.0,36,0.0436,2,12.1,1
47.0,51215.94,823.0,24,0.0283,1,39.34,0
44.0,47814.29,834.0,60,0.0761,12,17.26,1
27.0,31969.54,665.0,12,0.0311,2,18.76,0
67.0,74416.95,766.0,36,0.0597,4,53.37,0
72.0,63968.18,661.0,48,0.0837,1,27.44,1
20.0,58405.75,729.0,24,0.0833,4,21.65,1
30.0,90458.04,776.0,12,0.0315,4,28.28,1
41.0,38955.19,756.0,12,0.0695,4,38.98,0
31.0,36805.93,834.0,36,0.0618,2,42.63,0
53.0,238023.17,752.0,48,0.0264,2,48.16,1
34.0,104752.47,703.0,36,0.02,4,37.88,0
77.0,136891.79,624.0,48,0.0501,4,21.76,1
63.0,204046.79,652.0,60,0.0742,2,26.54,0
48.0,101310.38,781.0,36,0.1082,12,58.79,0
60.0,151507.24,550.0,24,0.0379,1,1.3,1
62.0,12340.66,811.0,36,0.0536,2,30.27,1
37.0,73434.85,672.0,36,0.0292,12,5.76,0
33.0,49875.32,618.0,60,0.0817,2,35.28,0
46.0,320514.91,590.0,60,0.0564,2,2.46,1
58.0,151394.69,767.0,36,0.0588,1,23.39,0
47.0,31874.28,699.0,48,0.0526,2,33.44,0
21.0,86924.41,850.0,60,0.0333,12,0.48,0
33.0,70804.75,574.0,60,0.0682,2,12.02,1
44.0,94308.96,642.0,48,0.0706,1,26.32,0
44.0,21615.32,691.0,12,0.0756,2,11.98,1
75.0,85820.78,625.0,60,0.0712,4,12.12,0
24.0,47660.04,701.0,60,0.0309,1,42.07,0
53.0,79415.57,732.0,48,0.0461,2,18.6,0
67.0,29016.35,748.0,48,0.0586,4,27.67,1
79.0,33354.13,850.0,36,0.0374,4,19.39,0
39.0,193656.65,570.0,36,0.0271,1,12.02,1
52.0,20919.82,734.0,12,0.0444,1,1.51,1
54.0,22521.95,635.0,12,0.0531,2,1.74,1
48.0,56864.06,743.0,12,0.1169,12,10.69,0
44.0,27670.15,743.0,24,0.0759,1,3.93,1
52.0,24710.2,601.0,48,0.0357,2,4.45,1
18.0,66507.9,610.0,60,0.0354,4,12.46,1
55.0,13292.22,751.0,48,0.0286,4,11.73,0
47.0,21851.78,702.0,48,0.0651,2,2.8,0
42.0,467005.16,678.0,12,0.0424,1,6.25,0
76.0,94795.3,766.0,48,0.0473,2,23.91,1
35.0,28379.91,773.0,24,0.0404,2,11.68,0
39.0,90963.63,647.0,60,0.0959,1,29.9,0
75.0,105591.22,615.0,12,0.0761,12,11.91,1
33.0,161848.25,574.0,36,0.0301,12,15.01,0
37.0,52724.95,703.0,60,0.0272,12,56.97,0
43.0,158974.28,558.0,36,0.0742,2,15.4,0
58.0,7797.46,710.0,36,0.0309,1,9.73,0
48.0,20820.47,822.0,48,0.0763,12,27.41,0
26.0,70535.5,665.0,60,0.0646,1,26.53,0
37.0,83252.51,646.0,24,0.0316,12,24.73,1
36.0,24057.88,850.0,48,0.0631,4,2.84,0
44.0,77607.55,850.0,36,0.0582,4,16.19,1
51.0,32085.51,624.0,60,0.02,1,52.74,0
51.0,45389.72,714.0,48,0.0501,12,45.52,0
18.0,166837.21,733.0,60,0.0429,1,0.23,0
61.0,148588.72,720.0,12,0.0574,1,24.36,1
49.0,22091.31,850.0,24,0.0467,1,8.46,1
66.0,20800.84,709.0,24,0.0575,2,59.3,0
52.0,39688.89,724.0,24,0.0376,12,59.01,0
62.0,58293.96,769.0,36,0.0476,12,49.82,1
52.0,31011.13,819.0,36,0.0236,1,0.6,0
65.0,169505.8,794.0,24,0.042,4,33.24,1
53.0,84743.97,754.0,60,0.0416,1,19.6,0
44.0,89866.91,544.0,12,0.0212,4,38.51,0
79.0,16872.85,651.0,36,0.0512,12,5.18,1
58.0,192392.09,782.0,48,0.0824,12,17.9,1
54.0,3568.25,725.0,48,0.0358,1,8.56,1
26.0,137868.48,783.0,36,0.0733,2,13.71,1
26.0,152407.29,850.0,24,0.0557,12,17.82,0
49.0,38855.26,582.0,60,0.02,12,18.55,1
47.0,213824.36,814.0,12,0.0993,12,26.22,0
36.0,56212.95,667.0,48,0.0317,2,0.01,1
47.0,63731.34,794.0,36,0.0505,12,0.53,1
69.0,84080.4,696.0,60,0.0577,1,15.6,0
55.0,1449276.34,850.0,24,0.0493,4,14.26,1
28.0,229678.07,713.0,12,0.0664,12,0.12,1
43.0,120708.18,636.0,12,0.0745,12,9.77,0
33.0,24033.3,742.0,48,0.0319,2,14.61,1
39.0,69119.34,732.0,48,0.0455,4,2.83,1
39.0,26552.41,814.0,36,0.0365,4,41.29,0
38.0,136231.49,745.0,12,0.0364,2,8.96,1
26.0,68903.83,850.0,24,0.0522,1,40.45,0
43.0,19447.59,689.0,24,0.0699,12,13.52,1
37.0,64933.87,690.0,36,0.02,4,15.61,1
18.0,25606.01,640.0,12,0.047,4,4.06,0
76.0,69648.48,709.0,48,0.0331,1,26.57,0
61.0,25359.85,723.0,24,0.0626,1,3.41,1
39.0,61542.77,728.0,60,0.0607,12,7.38,1
45.0,126813.13,707.0,36,0.0696,2,20.83,0
27.0,56780.49,639.0,24,0.0249,2,27.21,0
70.0,40502.21,612.0,60,0.0569,1,2.49,1
73.0,73370.43,662.0,60,0.0484,1,14.68,1
47.0,120232.5,814.0,24,0.02,4,29.05,0
60.0,19787.72,836.0,36,0.02,1,42.31,0
48.0,77703.54,692.0,60,0.0408,4,16.54,1
25.0,223583.63,606.0,60,0.05,2,11.74,1
39.0,106261.36,692.0,12,0.0742,2,15.7,0
47.0,63433.93,850.0,12,0.044,4,6.33,1
38.0,113520.36,800.0,12,0.0573,12,14.6,1
42.0,94136.06,755.0,60,0.0517,2,9.06,1
44.0,127210.84,796.0,60,0.0314,12,15.27,1
44.0,7911.47,850.0,36,0.0404,4,16.67,1
46.0,12664.32,585.0,48,0.0505,12,4.95,0
29.0,163542.66,661.0,12,0.0252,4,40.31,0
34.0,13289.38,647.0,48,0.0615,4,15.78,0
26.0,89459.26,759.0,12,0.0789,1,38.51,0
60.0,42106.2,716.0,12,0.082,2,3.36,0
18.0,22110.56,776.0,36,0.0638,2,24.35,1
62.0,84935.7,649.0,36,0.0568,4,14.23,0
66.0,73206.06,837.0,24,0.02,12,4.52,0
40.0,494025.62,693.0,12,0.0297,1,3.33,0
18.0,32054.37,769.0,12,0.0225,12,14.84,1
40.0,252738.37,820.0,12,0.0405,2,15.92,0
44.0,85171.57,812.0,36,0.0653,12,34.91,0
30.0,30914.42,736.0,12,0.0553,1,14.73,1
37.0,133151.98,782.0,24,0.0575,12,4.35,1
68.0,105423.25,850.0,60,0.0594,2,17.11,1
55.0,62059.15,751.0,24,0.0351,4,31.19,1
31.0,78142.97,627.0,60,0.0455,2,50.24,0
21.0,32958.78,758.0,36,0.0542,1,2.02,1
40.0,26218.3,696.0,48,0.0723,4,5.41,1
42.0,127956.06,465.0,36,0.0474,1,16.45,1
52.0,47861.21,746.0,48,0.0453,2,4.49,1
37.0,55266.21,712.0,60,0.0223,12,30.66,0
53.0,79207.13,816.0,48,0.0337,2,10.39,0
74.0,78064.32,625.0,60,0.0546,12,13.56,1
57.0,14338.07,549.0,48,0.0466,4,12.07,0
44.0,216696.29,717.0,60,0.0207,12,50.44,0
42.0,67587.76,738.0,48,0.0203,12,46.84,1
40.0,48890.91,709.0,60,0.0286,4,15.75,1
63.0,92119.88,702.0,24,0.0444,1,10.92,1
36.0,75852.22,593.0,12,0.0695,4,15.64,1
46.0,128934.87,686.0,24,0.0552,1,11.57,0
46.0,102537.48,665.0,36,0.0308,4,47.0,0
37.0,122742.78,807.0,48,0.0358,12,15.34,1
24.0,231189.71,738.0,60,0.0597,2,36.59,0
50.0,144874.71,672.0,24,0.0568,12,14.99,1
44.0,50996.58,850.0,24,0.0363,1,16.13,1
53.0,19479.13,673.0,60,0.02,2,6.16,0
37.0,317361.87,756.0,48,0.0561,12,31.72,1
63.0,47206.02,683.0,36,0.0432,12,20.82,0
32.0,37305.37,850.0,36,0.0847,2,13.21,0
71.0,10543.59,709.0,36,0.0432,12,22.07,1
19.0,83991.69,712.0,60,0.0495,1,1.17,1
52.0,69486.42,686.0,24,0.0457,4,33.56,1
52.0,13159.31,720.0,36,0.0587,1,34.64,0
33.0,94209.29,820.0,24,0.0579,12,6.42,1
51.0,36381.22,785.0,36,0.0276,2,39.09,0
64.0,882324.35,703.0,36,0.0234,2,4.11,1
18.0,33881.99,850.0,48,0.0721,2,14.77,0
53.0,38746.92,787.0,60,0.0406,12,9.56,0
18.0,24964.84,656.0,48,0.0609,2,24.45,0
31.0,214888.92,562.0,24,0.0431,1,22.13,1
69.0,41242.49,658.0,24,0.02,1,27.2,1
36.0,29001.01,741.0,60,0.0779,12,33.67,1
27.0,121413.22,760.0,36,0.0658,1,33.14,0
42.0,15057.73,836.0,60,0.0609,1,29.91,0
76.0,111871.99,591.0,36,0.031,2,10.03,1
18.0,355542.37,656.0,12,0.0643,4,22.37,0
29.0,105514.94,582.0,12,0.0555,1,6.56,0
67.0,113311.77,566.0,60,0.0357,12,0.37,1
73.0,142922.84,637.0,12,0.0446,2,0.79,0
43.0,330945.18,737.0,12,0.0486,1,5.26,0
26.0,200765.73,777.0,24,0.0382,12,35.69,0
76.0,92936.31,605.0,36,0.0563,12,8.14,1
69.0,147840.82,619.0,12,0.0673,2,1.72,0
55.0,24687.81,522.0,48,0.0408,12,4.96,1
33.0,130130.57,721.0,24,0.0479,4,20.61,1
44.0,21904.43,627.0,36,0.0478,4,51.52,0
43.0,41480.45,850.0,24,0.0666,1,23.08,1
50.0,2744.73,741.0,48,0.0537,4,46.45,1
67.0,89449.51,683.0,36,0.0706,2,3.56,1
58.0,31449.17,636.0,60,0.0369,2,5.18,0
29.0,181887.79,551.0,60,0.0498,1,16.54,1
66.0,88449.99,563.0,24,0.0615,4,4.78,1
50.0,184258.68,638.0,60,0.0641,12,1.02,0
55.0,20259.99,630.0,36,0.0425,12,28.48,0
67.0,169123.76,600.0,48,0.0493,4,0.5,0
28.0,491814.23,738.0,48,0.0336,2,44.5,0
44.0,128560.94,751.0,60,0.02,2,15.94,0
37.0,131972.52,654.0,12,0.0437,2,2.07,1
21.0,70940.56,850.0,12,0.0438,2,28.8,0
50.0,35430.6,525.0,12,0.0416,4,6.48,0
83.0,128180.2,706.0,60,0.0284,1,12.25,1
18.0,13278.71,678.0,60,0.0613,4,41.88,0
45.0,39428.53,645.0,60,0.0638,4,29.33,1
55.0,10187.77,630.0,36,0.0487,2,13.85,0
47.0,29624.1,699.0,12,0.0338,2,7.54,0
43.0,113782.62,677.0,24,0.0384,2,19.28,1
26.0,99249.62,661.0,36,0.0494,1,1.28,1
48.0,63001.49,570.0,36,0.067,1,0.25,1
34.0,70997.57,538.0,60,0.0235,2,15.93,1
18.0,9082.78,671.0,60,0.0389,2,11.08,1
63.0,41251.29,660.0,36,0.053,4,14.42,1
59.0,30292.29,680.0,60,0.0651,4,15.98,0
46.0,30975.14,689.0,12,0.0236,4,19.3,1
48.0,109051.84,648.0,36,0.0353,2,28.44,0
61.0,25323.62,679.0,36,0.02,4,25.46,0
48.0,32706.17,615.0,36,0.0762,12,3.88,0
59.0,7427.4,850.0,60,0.0278,1,42.48,0
41.0,44617.29,620.0,36,0.0599,4,32.46,0
65.0,20174.25,663.0,24,0.0786,1,11.48,1
50.0,64809.21,628.0,24,0.0781,4,6.78,1
48.0,23130.14,626.0,12,0.02,1,23.46,0
26.0,66472.41,702.0,36,0.0703,2,2.81,1
49.0,51808.75,690.0,36,0.0663,12,20.02,1
33.0,318711.56,654.0,60,0.0692,1,4.3,0
35.0,98441.52,672.0,48,0.02,4,59.56,0
33.0,9512.5,628.0,48,0.0381,2,22.58,1
29.0,16900.71,740.0,36,0.02,12,22.88,0
77.0,63272.62,850.0,12,0.0404,2,13.45,1
65.0,23627.16,613.0,24,0.0662,2,28.83,0
74.0,3076.76,739.0,36,0.0891,1,5.55,1
27.0,230855.28,704.0,36,0.0671,12,35.49,0
46.0,123034.98,767.0,12,0.058,2,26.95,1
26.0,100808.39,770.0,12,0.0398,4,11.72,0
35.0,32619.87,721.0,48,0.0389,2,10.43,0
31.0,91828.39,696.0,36,0.0584,4,4.63,1
64.0,29603.26,657.0,36,0.0477,2,26.78,1
39.0,73486.52,624.0,60,0.0615,12,9.22,1
61.0,23847.07,690.0,24,0.0473,12,6.26,1
54.0,272743.88,572.0,60,0.0792,12,42.49,0
80.0,12453.58,641.0,60,0.07,1,48.1,0
23.0,205311.54,811.0,24,0.033,2,24.67,0
64.0,62250.13,710.0,36,0.0653,12,3.16,0
62.0,36700.04,789.0,48,0.0551,4,15.14,0
30.0,70756.73,847.0,24,0.0355,4,49.3,0
60.0,124660.34,682.0,12,0.0914,2,5.52,1
50.0,234860.44,721.0,36,0.0561,12,3.64,1
42.0,81890.89,670.0,24,0.0571,1,5.47,1
33.0,24570.55,619.0,24,0.0658,12,6.77,1
34.0,63299.34,605.0,24,0.0614,2,0.09,0
76.0,368351.62,784.0,48,0.0696,1,10.81,0
45.0,230424.4,721.0,60,0.0255,4,20.11,0
57.0,148562.86,850.0,60,0.0781,12,1.42,1
33.0,132678.88,797.0,24,0.0579,12,21.5,1
33.0,120505.43,627.0,24,0.0549,4,50.79,1
61.0,190756.85,784.0,60,0.0351,2,3.49,0
25.0,37925.21,669.0,48,0.032,1,23.51,0
39.0,15443.04,822.0,36,0.0315,4,24.0,0
46.0,64151.55,651.0,60,0.0404,1,4.19,0
47.0,26434.32,595.0,24,0.0512,2,8.35,1
42.0,20847.29,620.0,48,0.023,1,27.17,0
51.0,29135.76,626.0,48,0.0853,1,15.64,1
55.0,718782.38,616.0,24,0.06,12,34.21,0
56.0,68605.27,643.0,12,0.029,4,5.99,0
30.0,85983.25,786.0,48,0.0695,1,44.53,0
41.0,17634.94,850.0,60,0.0398,1,51.44,0
63.0,9473.44,567.0,12,0.0345,4,4.24,1
58.0,26395.46,826.0,36,0.0759,4,12.85,1
24.0,252254.96,652.0,60,0.0369,2,48.71,0
50.0,83639.86,735.0,24,0.051,4,13.37,0
18.0,108944.63,535.0,12,0.0682,1,20.85,1
46.0,125312.52,752.0,60,0.0736,12,9.76,0
73.0,33145.11,499.0,48,0.0551,2,13.79,1
31.0,239897.15,731.0,24,0.02,4,25.04,0
32.0,31799.07,726.0,12,0.0287,4,4.82,1
56.0,244319.57,719.0,48,0.079,4,26.27,0
22.0,93181.28,627.0,24,0.0673,2,2.8,1
36.0,10006.15,755.0,24,0.0631,2,37.21,0
54.0,28338.89,739.0,12,0.0355,4,37.88,1
35.0,10047.32,679.0,12,0.0299,2,45.13,1
41.0,191622.42,767.0,12,0.0216,12,12.41,0
56.0,58411.3,690.0,60,0.0394,1,27.87,0
51.0,6448.85,753.0,24,0.0576,12,29.9,1
49.0,87181.45,687.0,36,0.079,1,10.11,1
40.0,34990.64,722.0,48,0.0479,2,52.81,0
51.0,13577.84,757.0,12,0.0495,4,27.19,0
43.0,320605.23,660.0,24,0.0687,2,10.03,1
52.0,66655.03,577.0,48,0.0403,12,15.96,0
38.0,44648.17,728.0,36,0.0471,12,45.74,1
42.0,40157.93,819.0,48,0.0517,2,17.8,0
30.0,13183.49,730.0,36,0.0396,4,20.44,0
44.0,16243.55,732.0,12,0.0598,4,4.53,1
33.0,216407.13,696.0,60,0.0525,1,25.9,1
28.0,37276.45,774.0,36,0.0539,12,3.16,0
49.0,61210.11,681.0,12,0.0302,1,4.3,1
48.0,7751.72,655.0,48,0.0663,2,14.98,0
57.0,16025.04,811.0,48,0.0837,1,59.99,0
39.0,110173.59,647.0,48,0.0648,4,8.5,1
51.0,87352.92,789.0,60,0.035,12,42.9,0
53.0,345716.79,811.0,24,0.02,4,18.27,1
52.0,229338.95,757.0,36,0.0476,1,1.41,1
33.0,47538.21,575.0,24,0.0618,2,26.85,1
47.0,96081.64,703.0,48,0.0364,1,53.89,0
50.0,43625.48,680.0,60,0.0436,4,9.02,1
45.0,467338.83,650.0,12,0.0724,12,0.11,0
18.0,188907.87,714.0,60,0.02,1,42.9,0
47.0,70946.77,777.0,24,0.0564,12,7.44,1
78.0,73159.32,654.0,48,0.0288,12,6.75,1
40.0,253939.24,683.0,36,0.067,1,47.78,1
34.0,106892.38,676.0,60,0.0653,4,39.48,1
51.0,284539.69,816.0,24,0.0492,2,28.49,0
50.0,6676.52,674.0,24,0.0559,4,6.26,0
63.0,94961.64,577.0,12,0.0318,1,8.02,1
26.0,35759.28,543.0,36,0.0668,12,28.53,0
56.0,346756.47,736.0,24,0.058,4,46.09,0
54.0,281081.15,624.0,36,0.049,2,28.16,1
43.0,61872.79,767.0,48,0.0344,12,20.63,1
50.0,278070.78,567.0,60,0.0519,2,3.2,0
60.0,356152.58,646.0,24,0.0425,12,13.27,0
58.0,64499.11,567.0,48,0.0658,2,6.79,1
28.0,709229.02,743.0,12,0.0828,2,38.07,0
57.0,58026.72,765.0,36,0.0632,1,1.11,0
44.0,48314.12,734.0,48,0.0429,1,30.39,0
46.0,142325.59,591.0,36,0.0791,12,28.62,1
46.0,42032.96,625.0,36,0.042,1,27.63,1
43.0,65208.15,723.0,24,0.0557,1,17.97,1
63.0,245103.15,531.0,36,0.0417,2,3.74,1
44.0,61035.98,676.0,48,0.0504,12,11.74,1
28.0,10992.65,850.0,12,0.02,2,17.9,0
39.0,86449.82,682.0,24,0.026,1,18.8,1
48.0,29843.02,551.0,60,0.0487,1,2.53,1
63.0,142240.02,639.0,12,0.0559,4,13.73,0
54.0,120113.18,637.0,48,0.0472,2,23.19,1
32.0,260771.64,850.0,24,0.0674,1,6.95,1
82.0,148380.07,850.0,36,0.02,12,22.43,0
49.0,178125.62,773.0,12,0.0595,12,3.64,1
64.0,30665.8,666.0,24,0.0765,1,40.88,0
43.0,133784.62,820.0,60,0.0655,1,15.02,1
53.0,428673.69,587.0,60,0.0633,1,10.85,0
58.0,30072.01,808.0,60,0.0699,12,11.48,1
63.0,362122.67,793.0,24,0.0258,1,32.83,1
61.0,34566.83,685.0,12,0.0257,2,59.3,0
58.0,25540.71,814.0,36,0.0437,4,36.82,0
40.0,80515.13,655.0,12,0.0479,4,45.13,0
36.0,122505.4,573.0,36,0.0537,4,54.83,0
50.0,149007.23,798.0,12,0.0259,2,36.83,0
59.0,22885.01,691.0,12,0.0448,1,45.87,0
42.0,92460.8,760.0,24,0.0693,4,27.48,0
61.0,30165.24,850.0,60,0.0429,12,17.51,0
67.0,13508.55,628.0,60,0.02,1,27.9,1
31.0,23653.44,686.0,60,0.02,12,5.34,0
32.0,28257.09,850.0,60,0.0699,4,13.2,1
43.0,100870.74,767.0,12,0.0796,2,18.63,0
50.0,189513.14,630.0,60,0.0345,4,5.37,1
37.0,13722.52,604.0,12,0.0672,4,33.46,1
65.0,85132.24,647.0,36,0.0626,1,3.11,1
51.0,18458.9,626.0,48,0.0215,1,16.97,0
46.0,112317.55,724.0,48,0.06,4,25.81,1
23.0,32121.13,708.0,36,0.0639,2,6.07,1
25.0,20924.39,728.0,12,0.0442,12,6.17,0
49.0,133207.66,616.0,60,0.0419,12,22.04,0
18.0,33292.17,693.0,24,0.0546,2,11.66,0
60.0,43653.38,494.0,12,0.0344,1,18.32,1
43.0,6502.95,715.0,12,0.0734,4,12.53,0
85.0,154284.16,818.0,36,0.0497,4,2.08,1
80.0,136067.79,558.0,36,0.0413,4,31.25,0
42.0,60201.82,748.0,24,0.0471,12,8.65,0
43.0,12996.29,639.0,60,0.07,2,18.63,1
60.0,200660.39,780.0,48,0.0471,2,5.97,1
71.0,30752.81,716.0,60,0.041,4,27.58,1
20.0,38049.63,740.0,60,0.02,4,1.81,0
18.0,604431.76,706.0,12,0.0534,2,17.83,1
36.0,29624.69,833.0,24,0.0443,12,27.23,1
54.0,125769.98,735.0,12,0.0261,1,13.69,1
52.0,105039.55,629.0,36,0.0587,4,7.91,0
61.0,88448.19,710.0,48,0.0282,2,26.02,0
27.0,79379.91,663.0,24,0.0371,12,45.62,0
18.0,87237.41,716.0,24,0.0594,1,30.81,0
58.0,78585.35,658.0,60,0.0593,2,46.1,1
33.0,56844.89,632.0,12,0.0516,4,13.1,1
18.0,271382.11,720.0,60,0.0446,2,2.54,1
47.0,16112.32,706.0,60,0.0405,12,7.11,1
57.0,166284.94,806.0,24,0.0325,4,34.07,0
43.0,136263.02,659.0,48,0.0443,2,27.79,0
38.0,120378.85,502.0,36,0.0712,2,43.07,1
43.0,182952.06,664.0,60,0.0279,4,13.85,1
39.0,54578.79,537.0,48,0.02,4,7.06,1
25.0,9237.49,742.0,60,0.0351,12,50.24,0
34.0,55698.44,533.0,48,0.0805,4,33.04,1
53.0,22221.28,601.0,12,0.042,12,41.75,0
50.0,28800.29,664.0,36,0.0503,2,0.48,0
48.0,17284.76,850.0,24,0.0516,4,30.47,1
30.0,37147.63,593.0,12,0.0363,12,3.04,1
42.0,32970.76,701.0,60,0.077,2,22.79,0
18.0,5554.87,758.0,60,0.0453,1,53.35,1
48.0,120598.47,848.0,36,0.0715,2,14.51,0
66.0,551458.5,778.0,36,0.051,4,57.19,0
23.0,109780.39,809.0,36,0.0518,12,23.11,0
36.0,48877.68,786.0,60,0.0293,1,5.89,0
50.0,56684.36,579.0,60,0.0704,12,1.42,1
64.0,39301.35,736.0,24,0.0463,12,36.99,1
38.0,65515.47,785.0,36,0.0528,1,36.54,0
35.0,57698.81,604.0,48,0.084,1,0.88,1
18.0,25821.21,642.0,24,0.0555,12,23.02,0
47.0,322187.32,620.0,48,0.0536,4,6.02,1
76.0,13532.45,777.0,12,0.0696,1,14.76,0
49.0,122802.36,693.0,36,0.0633,4,1.44,1
45.0,54111.52,668.0,24,0.0408,1,41.68,1
50.0,400645.32,572.0,24,0.0385,12,20.74,0
45.0,84192.79,693.0,12,0.0589,1,6.9,0
33.0,41776.72,643.0,12,0.039,12,21.97,0
57.0,46737.06,724.0,12,0.0509,1,21.41,1
48.0,62311.84,586.0,24,0.0249,1,26.31,1
45.0,19095.53,718.0,60,0.0837,1,7.32,0
30.0,27809.43,656.0,48,0.0374,2,45.87,0
65.0,10047.27,575.0,48,0.0619,1,8.5,0
55.0,23790.06,567.0,12,0.0626,2,10.54,1
37.0,65769.17,582.0,60,0.0849,4,28.51,0
60.0,80835.79,679.0,60,0.0564,4,47.83,1
38.0,8272.32,712.0,12,0.0421,1,4.47,0
33.0,52197.42,727.0,36,0.0492,4,0.21,1
34.0,105178.05,731.0,24,0.0326,1,26.29,1
18.0,50873.01,624.0,36,0.0765,2,6.5,1
52.0,31767.89,806.0,60,0.0437,4,8.73,0
18.0,39649.71,656.0,12,0.0852,12,35.53,1
27.0,34864.93,745.0,24,0.0369,1,51.23,0
18.0,31674.57,684.0,48,0.1015,1,32.27,0
44.0,71240.98,738.0,60,0.0364,4,9.9,0
43.0,601804.68,679.0,24,0.0353,4,1.14,1
40.0,28461.29,739.0,24,0.0372,4,20.07,1
29.0,43558.38,699.0,36,0.0366,1,6.76,1
27.0,56857.42,781.0,48,0.0574,12,51.51,0
52.0,30110.99,618.0,36,0.0335,1,46.33,1
37.0,179554.81,523.0,36,0.027,1,1.4,0
50.0,5592.12,603.0,36,0.0319,2,1.18,0
32.0,35204.91,807.0,36,0.0905,1,26.21,0
48.0,135715.18,685.0,60,0.0274,1,43.24,1
65.0,44618.58,709.0,48,0.0538,1,31.87,1
54.0,26348.35,595.0,36,0.0317,12,57.51,0
39.0,93037.39,707.0,60,0.0592,4,3.15,1
49.0,148203.74,598.0,60,0.0532,1,8.06,1
41.0,73912.37,612.0,24,0.0833,2,27.94,1
45.0,26870.37,660.0,24,0.0412,2,36.66,0
40.0,94485.66,745.0,12,0.0585,4,13.73,0
43.0,40052.67,755.0,60,0.0709,2,27.68,0
48.0,126144.94,758.0,12,0.0426,2,21.09,1
30.0,263882.41,541.0,60,0.0542,12,0.42,1
30.0,4422.34,699.0,36,0.02,1,4.18,0
24.0,66907.58,680.0,36,0.0589,1,50.27,0
21.0,10554.06,547.0,12,0.0536,1,2.0,0
27.0,688168.21,702.0,36,0.0348,1,5.78,0
47.0,37491.72,675.0,36,0.0253,1,12.27,1
32.0,126294.69,751.0,24,0.0445,2,40.11,0
53.0,57796.48,708.0,36,0.0262,12,10.82,1
46.0,26820.33,645.0,24,0.052,1,4.67,0
18.0,23812.05,793.0,48,0.0624,2,46.61,0
55.0,292341.87,478.0,60,0.02,4,18.19,1
57.0,155739.19,694.0,24,0.0332,2,23.47,1
30.0,418145.23,524.0,24,0.0821,12,0.17,0
51.0,63288.15,609.0,24,0.0622,1,3.51,1
32.0,79851.16,752.0,60,0.0216,1,40.49,1
46.0,45835.24,573.0,60,0.0402,1,40.67,0
26.0,44932.55,558.0,60,0.02,12,11.9,0
18.0,21122.9,850.0,36,0.0729,4,1.58,1
39.0,65121.51,564.0,24,0.0497,4,18.74,0
43.0,27194.05,850.0,60,0.0526,2,7.56,1
39.0,93144.65,683.0,48,0.0739,2,25.02,1
27.0,70969.84,648.0,60,0.0454,1,5.49,1
39.0,79832.19,757.0,12,0.0555,1,24.65,1
49.0,319697.32,834.0,12,0.0718,1,26.06,0
44.0,57657.87,585.0,24,0.0336,2,11.57,0
48.0,127609.1,649.0,24,0.0251,1,23.79,0
35.0,465798.99,785.0,24,0.0859,2,6.25,0
63.0,221154.55,729.0,36,0.0352,2,11.81,1
27.0,189694.41,810.0,12,0.02,12,59.89,0
52.0,44060.18,752.0,12,0.0356,1,31.49,1
63.0,75330.7,850.0,24,0.0365,1,51.12,0
52.0,16022.09,718.0,12,0.0904,2,12.06,1
42.0,98608.66,722.0,12,0.061,2,6.37,0
37.0,78783.6,732.0,36,0.0458,2,0.13,0
61.0,61290.81,686.0,48,0.0362,12,43.78,0
24.0,167241.61,785.0,24,0.0637,12,10.15,1
30.0,17894.08,724.0,48,0.071,2,11.35,0
39.0,307079.78,779.0,48,0.0599,12,28.7,0
64.0,147526.73,794.0,36,0.0684,12,22.48,1
51.0,55790.9,743.0,12,0.081,4,10.85,1
30.0,51599.66,750.0,24,0.0519,1,54.84,0
40.0,96820.23,599.0,60,0.0399,2,0.94,0
36.0,273991.19,645.0,48,0.0414,4,2.95,0
34.0,66277.63,784.0,48,0.0751,4,9.71,1
60.0,69149.83,842.0,36,0.0646,12,3.49,0
24.0,60968.86,506.0,48,0.053,2,15.83,1
69.0,355764.44,643.0,48,0.0392,12,4.76,0
57.0,41403.34,702.0,48,0.0338,4,40.01,0
61.0,58133.21,612.0,36,0.05,4,11.05,0
38.0,258702.92,618.0,12,0.03,4,0.26,1
43.0,69356.2,747.0,48,0.0454,1,16.73,0
24.0,186662.76,850.0,24,0.0739,2,31.88,0
37.0,24069.96,497.0,48,0.0474,1,3.42,1
52.0,48762.04,683.0,48,0.0452,4,24.16,1
64.0,264192.7,746.0,24,0.0529,4,3.63,0
28.0,30444.49,778.0,36,0.0693,4,0.49,0
40.0,51467.25,732.0,60,0.0861,1,30.63,1
43.0,77395.6,850.0,24,0.0269,12,37.59,1
24.0,22266.65,703.0,60,0.0741,2,11.56,0
54.0,39584.38,831.0,12,0.066,12,8.99,0
34.0,67012.65,635.0,12,0.0253,12,20.58,0
42.0,62735.44,706.0,48,0.0305,4,42.13,0
38.0,215421.54,579.0,48,0.0691,1,1.93,1
33.0,279695.61,790.0,36,0.0611,12,15.58,1
45.0,25435.86,688.0,60,0.02,1,48.12,0
42.0,66921.03,736.0,12,0.0334,1,1.67,0
39.0,117506.43,669.0,12,0.0607,1,12.38,0
34.0,272759.97,759.0,48,0.0686,2,2.58,1
50.0,122821.86,740.0,48,0.058,12,8.2,1
70.0,80090.57,601.0,36,0.02,4,14.85,1
47.0,116604.43,606.0,48,0.0356,4,6.78,1
60.0,117450.1,697.0,48,0.0304,2,8.48,1
24.0,23677.62,766.0,36,0.0638,12,18.65,1
47.0,72605.71,850.0,48,0.0407,4,30.1,1
29.0,257599.41,730.0,48,0.0607,1,25.75,1
23.0,48661.49,801.0,48,0.0534,4,51.5,1
34.0,68148.65,539.0,60,0.0266,12,27.18,0
63.0,46980.3,850.0,12,0.0677,1,52.32,0
59.0,5920.29,761.0,24,0.0733,2,0.7,1
49.0,61119.74,695.0,12,0.0687,4,24.68,1
22.0,80966.59,684.0,60,0.0543,4,15.54,0
42.0,35864.62,589.0,24,0.0481,2,2.83,1
50.0,18870.65,618.0,12,0.0378,12,45.14,0
48.0,24819.71,850.0,36,0.0753,1,19.72,0
18.0,128564.71,601.0,60,0.0824,4,8.97,1
32.0,430423.45,599.0,36,0.0368,12,31.59,0
44.0,238573.65,630.0,36,0.0282,1,39.37,1
53.0,15609.8,580.0,12,0.0291,4,1.28,1
18.0,140734.06,702.0,24,0.0307,12,17.46,0
43.0,30848.32,809.0,48,0.0566,12,8.02,0
47.0,33447.52,639.0,48,0.0237,2,17.39,0
58.0,37722.97,563.0,60,0.0388,4,20.01,0
55.0,121305.44,729.0,36,0.0394,1,1.54,1
54.0,156256.38,694.0,60,0.0535,4,25.51,0
33.0,54283.14,800.0,12,0.0459,2,8.62,1
18.0,55211.65,655.0,36,0.059,1,2.07,0
39.0,95250.33,674.0,48,0.0477,12,21.26,0
60.0,105661.36,685.0,12,0.054,2,2.15,1
66.0,194118.82,709.0,12,0.0886,1,11.27,1
56.0,16574.62,661.0,60,0.0527,1,16.97,1
51.0,61085.35,645.0,60,0.0554,4,53.47,0
51.0,20577.95,515.0,24,0.0984,12,11.22,1
37.0,56900.4,643.0,48,0.047,2,1.53,0
43.0,47754.32,772.0,48,0.0794,12,39.26,1
70.0,57139.48,785.0,60,0.0746,2,5.71,1
31.0,26910.1,653.0,48,0.0312,4,46.42,0
69.0,13530.62,830.0,48,0.053,1,12.02,0
40.0,7372.87,697.0,12,0.0628,4,54.28,1
65.0,52513.2,566.0,36,0.0688,2,13.59,0
24.0,38909.7,535.0,36,0.0342,12,8.82,1
54.0,30456.73,822.0,24,0.0342,1,24.87,0
34.0,224706.07,663.0,36,0.0678,2,23.85,1
24.0,25350.7,579.0,48,0.0298,1,37.75,0
48.0,246923.56,474.0,12,0.0435,1,23.16,1
60.0,303714.61,660.0,36,0.0215,4,20.2,0
32.0,8510.87,740.0,48,0.0334,2,14.56,0
23.0,65668.95,630.0,48,0.0451,12,15.97,0
44.0,40147.02,595.0,60,0.0472,4,3.08,1
44.0,3255.81,645.0,60,0.0529,4,3.15,1
53.0,14120.16,824.0,36,0.0474,4,33.69,0
59.0,129954.04,561.0,60,0.0682,2,22.77,0
44.0,450989.46,636.0,48,0.0749,2,14.79,1
73.0,147661.55,821.0,48,0.036,1,42.93,0
48.0,82754.4,749.0,60,0.02,1,30.19,0
40.0,58610.41,718.0,12,0.0584,1,4.63,0
21.0,322114.68,635.0,60,0.0704,1,54.57,0
41.0,513106.76,703.0,12,0.0345,4,53.88,0
40.0,33294.83,646.0,60,0.0439,12,25.52,0
59.0,8103.19,614.0,48,0.0694,1,0.83,0
52.0,7345.28,592.0,48,0.0722,2,3.62,0
27.0,224556.13,778.0,60,0.0594,1,29.5,0
48.0,57121.82,694.0,24,0.0508,2,4.89,0
55.0,71915.13,731.0,12,0.0403,12,26.59,0
68.0,9990.09,715.0,24,0.0544,4,8.08,1
58.0,28192.5,744.0,48,0.0517,12,11.21,1
56.0,44556.76,675.0,12,0.0633,12,22.05,0
46.0,73705.92,652.0,60,0.0581,4,2.58,1
51.0,40191.39,618.0,12,0.0224,2,1.5,0
64.0,21219.46,559.0,12,0.0472,12,39.23,0
25.0,27321.6,588.0,36,0.0761,4,19.52,1
40.0,200450.64,663.0,12,0.02,2,15.81,0
33.0,76480.01,540.0,48,0.0231,2,15.99,1
51.0,110432.17,562.0,24,0.0299,2,12.46,1
63.0,24370.44,804.0,24,0.0633,4,37.78,0
36.0,3121.84,722.0,60,0.04,1,41.9,0
18.0,35486.08,655.0,36,0.0523,4,47.1,0
39.0,25170.54,850.0,24,0.0599,12,45.48,0
59.0,84881.57,535.0,24,0.0598,4,13.42,1
53.0,1600335.28,798.0,12,0.0368,4,15.3,1
51.0,119990.28,689.0,48,0.0437,12,34.99,1
41.0,923531.47,779.0,48,0.046,4,29.56,1
26.0,105743.3,711.0,60,0.0831,4,7.63,1
53.0,31892.1,513.0,48,0.0457,12,3.87,1
32.0,84788.57,710.0,24,0.0623,1,51.78,0
78.0,355271.87,734.0,12,0.0643,1,1.06,1
54.0,373085.39,481.0,48,0.0719,2,19.28,1
36.0,33680.11,850.0,36,0.0676,1,23.09,1
36.0,77125.07,731.0,36,0.0511,4,8.38,1
44.0,14338.92,767.0,36,0.0599,12,55.64,0
41.0,136580.39,583.0,48,0.0998,2,19.82,0
62.0,283043.17,769.0,12,0.0352,4,35.68,0
48.0,62305.16,809.0,48,0.0399,2,16.36,0
34.0,30718.36,725.0,24,0.027,12,31.75,0
73.0,85830.61,699.0,48,0.0537,4,3.03,1
46.0,90894.89,611.0,36,0.0407,2,5.86,1
57.0,64935.12,678.0,36,0.0288,2,12.51,0
36.0,71590.32,649.0,12,0.0502,1,26.63,1
50.0,50321.37,757.0,60,0.0226,2,5.72,1
50.0,162097.77,615.0,36,0.0752,1,16.12,0
18.0,125019.81,756.0,36,0.0708,1,7.44,0
75.0,22401.81,616.0,60,0.0853,12,15.32,0
64.0,21794.42,674.0,48,0.1031,1,0.01,1
39.0,46426.49,762.0,36,0.02,2,3.8,0
28.0,125096.05,630.0,12,0.0468,1,37.07,0
50.0,69428.83,765.0,48,0.0758,1,30.17,1
46.0,31471.88,755.0,48,0.0754,2,48.1,0
50.0,77770.59,673.0,36,0.0672,12,15.77,1
48.0,43010.07,816.0,48,0.0291,12,11.77,1
53.0,144420.79,708.0,48,0.0556,2,0.36,1
67.0,83538.13,810.0,12,0.0712,4,20.83,0
54.0,43683.33,850.0,48,0.0431,4,13.02,0
29.0,75472.13,676.0,36,0.0347,2,13.79,1
65.0,223026.99,764.0,36,0.0445,1,38.21,0
70.0,33872.88,636.0,60,0.0387,2,17.39,0
85.0,89559.37,597.0,24,0.0554,2,7.73,0
28.0,55800.59,680.0,60,0.0213,4,42.85,0
49.0,91764.77,564.0,12,0.0828,4,7.03,0
18.0,31114.68,606.0,12,0.0387,2,6.95,1
53.0,66858.61,759.0,36,0.0297,1,37.11,0
37.0,181284.57,649.0,24,0.042,12,4.14,1
74.0,23458.61,771.0,60,0.0554,2,3.48,1
33.0,15844.77,730.0,24,0.02,2,38.58,0
20.0,16457.63,850.0,36,0.0385,12,42.12,0
38.0,18570.65,752.0,48,0.0487,4,20.32,1
18.0,108588.77,811.0,36,0.0365,1,23.32,1
56.0,14678.52,740.0,36,0.0308,4,0.17,0
18.0,44449.31,731.0,24,0.0689,12,12.68,1
45.0,111111.48,816.0,12,0.0685,12,14.56,0
18.0,90822.2,767.0,48,0.0682,12,8.98,0
40.0,40718.63,721.0,48,0.0613,12,46.42,1
70.0,72469.69,721.0,12,0.0262,1,18.49,1
50.0,66645.67,754.0,24,0.0495,2,16.54,0
32.0,47846.78,633.0,24,0.0771,2,11.28,1
45.0,48492.54,629.0,12,0.0258,12,51.32,0
45.0,559851.83,843.0,60,0.0303,1,0.01,1
52.0,134498.85,850.0,24,0.0554,12,57.37,0
24.0,715438.5,607.0,12,0.0652,1,5.59,0
54.0,36425.96,633.0,60,0.0636,2,13.19,1
18.0,54996.97,814.0,36,0.0564,1,27.62,0
36.0,15801.72,753.0,48,0.0299,2,27.69,0
38.0,26647.04,768.0,12,0.0598,1,21.81,1
54.0,401078.78,790.0,24,0.0376,4,3.72,1
45.0,35524.07,676.0,48,0.0568,1,17.15,1
24.0,408105.62,733.0,60,0.0476,12,0.33,1
30.0,17268.47,725.0,48,0.0437,4,0.87,0
48.0,20879.66,614.0,12,0.0966,4,1.49,1
44.0,42564.2,732.0,36,0.0263,4,17.02,0
36.0,56176.29,824.0,60,0.0353,4,4.82,1
38.0,150706.16,667.0,60,0.0714,4,55.51,0
55.0,93973.72,715.0,60,0.0848,4,23.07,0
37.0,39485.34,721.0,48,0.0634,4,24.16,1
44.0,52401.17,672.0,36,0.0454,1,55.82,0
78.0,43518.31,768.0,12,0.0342,12,20.82,1
24.0,23988.89,632.0,12,0.0672,1,17.29,0
18.0,24637.8,833.0,48,0.0498,4,5.81,0
57.0,167356.89,763.0,12,0.0396,4,35.9,0
35.0,9622.27,606.0,12,0.0714,4,3.12,1
40.0,301751.38,850.0,36,0.047,1,3.02,1
33.0,42489.22,717.0,48,0.0237,12,26.76,0
41.0,27653.05,628.0,48,0.0524,12,8.51,1
69.0,125462.14,810.0,60,0.0431,1,6.04,0
57.0,264399.52,749.0,12,0.0301,2,0.8,1
58.0,183071.57,523.0,24,0.0561,2,12.27,0
24.0,98898.77,647.0,36,0.059,12,2.03,1
28.0,177524.43,728.0,36,0.02,2,22.67,0
18.0,10759.05,484.0,24,0.0718,1,18.57,1
33.0,35531.31,709.0,60,0.0701,12,27.16,0
59.0,24072.61,716.0,24,0.0477,12,29.47,0
53.0,203747.9,582.0,24,0.0342,1,1.22,1
42.0,40803.45,727.0,60,0.0608,1,32.09,1
45.0,139442.35,701.0,24,0.0501,1,44.02,0
35.0,102319.64,581.0,60,0.0394,4,8.23,0
48.0,25278.08,792.0,12,0.0398,2,4.46,1
56.0,33290.98,784.0,60,0.0536,2,16.83,0
21.0,218341.95,671.0,48,0.0766,12,24.97,0
49.0,27570.93,680.0,48,0.0237,2,24.07,1
59.0,67837.31,773.0,24,0.0562,12,12.34,0
39.0,27377.01,680.0,48,0.0323,12,4.41,0
56.0,43741.29,507.0,60,0.0564,4,17.43,0
85.0,57173.06,749.0,12,0.0615,12,46.75,0
43.0,27368.1,619.0,60,0.0253,4,3.5,0
51.0,22915.14,661.0,36,0.0614,2,8.92,1
34.0,79719.81,846.0,24,0.0552,4,11.57,0
48.0,25726.13,687.0,12,0.0761,1,3.08,1
52.0,26617.99,700.0,24,0.0504,4,19.89,0
48.0,23410.66,751.0,36,0.0557,12,16.61,1
30.0,55386.54,751.0,48,0.0586,2,55.03,0
48.0,153845.12,608.0,36,0.0784,12,19.51,1
67.0,270094.89,694.0,48,0.02,2,49.43,0
52.0,28971.91,704.0,24,0.02,12,29.8,1
59.0,514170.8,727.0,24,0.0479,4,57.6,0
41.0,21923.08,729.0,24,0.0573,12,34.29,0
56.0,176936.91,850.0,60,0.02,1,15.0,0
49.0,29094.47,582.0,12,0.0487,1,34.77,1
31.0,25061.22,798.0,60,0.0349,2,20.8,1
50.0,28431.24,818.0,36,0.0241,2,53.41,1
30.0,56814.81,749.0,12,0.0465,4,9.61,1
36.0,106934.54,635.0,24,0.0642,12,15.7,1
48.0,116992.84,850.0,24,0.087,1,42.64,0
49.0,23295.49,481.0,24,0.0923,4,0.34,1
27.0,22255.42,632.0,48,0.0749,2,35.87,0
61.0,23941.32,817.0,36,0.0565,4,17.46,0
54.0,53564.7,663.0,60,0.0478,2,5.26,0
34.0,48525.48,850.0,36,0.053,2,43.19,0
22.0,23151.72,549.0,48,0.053,4,21.3,1
43.0,78401.92,589.0,48,0.0724,12,46.23,1
38.0,575255.06,647.0,36,0.082,4,2.38,0
47.0,36144.66,742.0,48,0.0267,2,3.3,0
40.0,38812.13,678.0,12,0.0441,1,3.54,1
18.0,104784.55,651.0,24,0.0692,12,36.06,1
39.0,34241.16,842.0,60,0.0475,12,36.64,0
40.0,116887.18,850.0,48,0.0417,1,35.38,0
55.0,29186.38,659.0,60,0.0732,12,12.8,0
35.0,374040.59,529.0,24,0.0398,2,4.59,0
70.0,84522.66,484.0,36,0.0632,4,18.37,1
18.0,32208.22,724.0,24,0.0436,2,6.68,1
65.0,33233.32,766.0,60,0.0943,12,1.68,1
42.0,35817.8,706.0,12,0.075,1,49.56,0
58.0,236274.53,693.0,36,0.0434,12,1.3,1
46.0,16835.57,620.0,48,0.0555,2,48.72,0
62.0,30701.24,765.0,12,0.0617,12,4.12,0
39.0,34143.91,850.0,24,0.0416,12,20.68,0
29.0,58942.17,478.0,60,0.0437,2,46.22,0
66.0,45656.0,692.0,60,0.0668,12,11.42,1
43.0,13477.44,603.0,60,0.0499,2,2.42,0
48.0,40141.95,551.0,24,0.0219,1,9.02,0
64.0,54200.71,587.0,36,0.0613,12,57.7,0
30.0,31949.19,738.0,48,0.0693,1,36.01,0
54.0,118987.71,740.0,12,0.0435,4,10.62,0
36.0,150152.76,846.0,24,0.0345,12,5.28,1
43.0,55360.04,701.0,60,0.0766,4,3.98,1
46.0,75398.42,524.0,48,0.0531,1,4.83,1
22.0,6897.7,676.0,60,0.0484,1,40.01,0
33.0,39296.76,561.0,24,0.0484,2,6.71,0
65.0,163541.44,579.0,60,0.0791,4,1.33,1
58.0,39205.15,758.0,24,0.0552,4,2.25,0
44.0,28645.12,719.0,60,0.0589,2,54.87,0
49.0,584019.08,759.0,24,0.0469,4,36.08,1
41.0,369193.87,664.0,60,0.0503,1,12.24,0
65.0,95566.24,779.0,48,0.0437,1,12.89,1
42.0,187008.74,659.0,48,0.0598,1,9.51,1
48.0,6464.39,812.0,60,0.0278,1,24.43,0
62.0,27240.19,734.0,60,0.0547,12,27.73,1
33.0,37423.05,679.0,24,0.0427,2,24.88,1
68.0,47288.38,721.0,24,0.0397,12,47.83,0
22.0,36682.53,698.0,24,0.0589,12,45.44,0
69.0,4674.95,850.0,36,0.05,4,33.71,0
39.0,88082.1,725.0,60,0.0301,2,30.44,0
41.0,103120.57,700.0,60,0.0323,12,17.57,0
18.0,297122.2,676.0,60,0.054,12,24.69,0
38.0,27219.55,784.0,60,0.0343,2,13.9,1
29.0,25080.27,771.0,24,0.02,1,6.2,0
36.0,4105.22,673.0,24,0.0665,2,31.44,0
43.0,44642.12,584.0,36,0.0252,2,13.0,1
59.0,147430.44,610.0,24,0.0429,2,21.23,1
48.0,32475.2,682.0,60,0.0317,1,16.97,0
50.0,510652.61,835.0,60,0.0311,2,23.97,0
29.0,46323.52,675.0,12,0.0568,1,19.39,1
32.0,69354.91,641.0,24,0.0369,12,51.18,0
72.0,15319.73,524.0,12,0.0455,12,15.48,0
34.0,79795.34,850.0,60,0.02,1,14.06,0
70.0,8272.4,757.0,24,0.085,4,13.89,1
41.0,119814.26,780.0,60,0.0572,2,7.71,0
45.0,123553.33,796.0,12,0.0779,12,15.0,1
61.0,233115.99,684.0,12,0.0756,12,9.67,1
64.0,21590.99,708.0,48,0.0738,1,1.77,0
43.0,70302.46,849.0,48,0.045,4,11.7,0
39.0,105220.83,718.0,24,0.0509,4,33.92,1
44.0,93179.37,759.0,24,0.0301,4,49.67,0
50.0,25202.56,787.0,24,0.0518,1,7.57,1
58.0,5475.39,764.0,24,0.0251,1,9.57,1
45.0,84707.57,687.0,24,0.0783,2,25.1,1
54.0,51405.49,697.0,24,0.0679,12,15.12,1
70.0,33973.27,778.0,24,0.0625,12,6.73,1
51.0,128533.57,778.0,12,0.0388,1,9.1,0
50.0,57244.13,817.0,12,0.0734,12,29.38,1
22.0,16007.38,755.0,12,0.02,2,10.16,0
18.0,8678.01,760.0,60,0.0479,1,23.64,1
51.0,19361.4,655.0,36,0.0531,12,32.7,0
44.0,655407.39,642.0,60,0.0826,4,12.78,1
37.0,123349.46,778.0,24,0.0241,1,17.5,1
49.0,72302.38,643.0,36,0.0771,12,24.29,0
44.0,49928.09,698.0,12,0.0732,12,3.41,1
62.0,46751.75,838.0,12,0.0742,2,6.16,1
46.0,192373.87,822.0,48,0.0385,2,13.19,0
34.0,36658.63,730.0,24,0.059,4,17.48,0
60.0,106608.7,670.0,24,0.0681,4,20.96,0
42.0,42258.98,688.0,48,0.0559,4,33.76,1
53.0,416714.51,787.0,60,0.0571,2,1.81,1
38.0,125779.86,696.0,48,0.0597,12,30.39,0
35.0,208054.81,644.0,24,0.0373,1,42.32,0
46.0,33375.93,822.0,12,0.0369,1,14.62,0
45.0,172497.17,718.0,48,0.0655,2,14.64,1
52.0,43801.47,642.0,36,0.038,2,0.61,1
41.0,66838.52,748.0,12,0.0566,2,41.1,0
18.0,307136.54,797.0,60,0.0244,2,18.8,0
39.0,21104.15,599.0,12,0.0457,1,1.83,1
57.0,73368.34,680.0,60,0.0801,4,56.59,1
41.0,92781.75,675.0,12,0.0543,1,2.29,1
41.0,100710.4,745.0,24,0.0738,2,8.19,0
60.0,38147.5,763.0,60,0.0836,4,33.11,0
34.0,482272.27,645.0,60,0.0681,1,36.66,0
22.0,16400.52,551.0,48,0.0588,2,7.2,1
43.0,257528.43,803.0,12,0.048,2,28.31,0
38.0,201806.7,588.0,60,0.0457,12,31.0,1
31.0,400668.14,727.0,60,0.0436,12,2.1,1
42.0,12231.54,687.0,12,0.072,2,37.83,1
52.0,25113.69,716.0,12,0.0544,1,11.67,1
45.0,266183.99,850.0,36,0.0672,12,10.31,0
50.0,9163.29,850.0,48,0.083,1,6.61,0
72.0,12010.55,537.0,60,0.0887,1,1.3,1
40.0,36742.6,798.0,12,0.064,12,9.16,1
49.0,72547.28,684.0,60,0.0639,2,8.49,1
37.0,294261.78,805.0,36,0.046,12,54.56,1
32.0,49748.43,796.0,36,0.0688,1,7.68,1
36.0,32590.0,841.0,60,0.033,4,29.59,0
38.0,81747.45,728.0,48,0.052,12,12.98,1
50.0,95759.63,611.0,24,0.0297,4,27.18,0
80.0,93082.35,793.0,60,0.0242,2,7.21,1
34.0,50111.9,712.0,36,0.0564,12,9.56,0
39.0,8475.32,677.0,48,0.0305,4,3.89,1
44.0,23917.94,652.0,12,0.0393,2,53.74,0
51.0,247773.69,801.0,48,0.0587,1,22.54,0
49.0,72190.88,850.0,48,0.0691,2,29.93,1
64.0,43368.03,580.0,60,0.0895,2,11.29,1
18.0,183169.74,762.0,48,0.02,1,36.41,0
18.0,19339.08,663.0,12,0.0328,2,0.37,1
38.0,47793.83,553.0,60,0.02,12,1.19,1
61.0,68717.45,715.0,36,0.0246,2,4.57,0
22.0,38508.05,617.0,12,0.0605,4,10.71,1
18.0,66221.66,542.0,60,0.0494,2,40.94,1
54.0,49627.78,622.0,60,0.02,4,22.99,0
49.0,14774.48,597.0,24,0.0566,2,0.28,0
29.0,71788.38,635.0,12,0.0809,12,33.58,1
30.0,15861.47,567.0,48,0.029,1,21.9,0
30.0,70658.6,660.0,12,0.0584,1,35.14,0
47.0,236602.27,629.0,12,0.082,4,12.56,0
36.0,45205.62,738.0,24,0.0323,2,40.88,0
52.0,18555.41,759.0,48,0.0483,2,19.64,1
18.0,52733.82,726.0,24,0.0206,12,1.69,0
32.0,26056.67,676.0,24,0.0771,2,0.37,0
28.0,108500.39,674.0,24,0.0584,4,26.26,0
41.0,51637.9,616.0,12,0.0378,4,9.84,0
37.0,330963.46,619.0,24,0.0463,12,1.84,1
57.0,191566.37,770.0,36,0.0687,4,6.26,0
18.0,51375.64,524.0,48,0.02,4,8.08,1
46.0,122468.49,692.0,48,0.0336,12,13.15,1
53.0,40407.21,668.0,24,0.0544,4,41.48,1
73.0,61942.19,760.0,12,0.0678,4,7.98,0
38.0,41712.9,557.0,60,0.0591,1,24.23,1
50.0,128856.67,701.0,60,0.0211,12,57.55,0
18.0,250944.8,734.0,12,0.07,1,37.38,1
18.0,133072.35,510.0,24,0.0736,2,10.48,1
58.0,150532.85,593.0,24,0.0701,12,0.26,1
45.0,150698.05,691.0,36,0.0504,2,8.97,0
63.0,103907.45,751.0,60,0.0386,4,21.39,1
24.0,19162.56,718.0,60,0.0789,1,40.93,0
53.0,328066.47,756.0,48,0.0406,4,0.65,0
73.0,363818.66,592.0,24,0.0527,1,1.25,1
51.0,47387.81,541.0,12,0.0685,1,1.07,0
49.0,41328.27,708.0,24,0.0754,1,12.05,1
45.0,110460.32,577.0,24,0.0356,1,50.43,0
21.0,103861.42,613.0,36,0.076,4,21.61,0
65.0,48925.5,793.0,12,0.0391,4,24.4,0
36.0,17153.79,719.0,36,0.066,4,4.71,1
53.0,81283.73,643.0,36,0.0632,1,15.92,1
22.0,103926.22,630.0,36,0.0514,2,59.98,0
27.0,123725.56,762.0,36,0.0227,4,32.44,0
67.0,84905.38,721.0,24,0.0298,4,51.28,0
40.0,45655.75,579.0,48,0.0699,12,3.37,0
67.0,161781.52,505.0,24,0.0592,2,6.43,0
44.0,63949.47,850.0,36,0.0612,4,33.41,1
18.0,37611.95,578.0,36,0.0444,4,22.71,0
58.0,49978.42,753.0,48,0.0425,12,13.56,0
36.0,10446.59,850.0,60,0.0594,1,24.31,0
55.0,49899.1,715.0,12,0.0435,2,31.54,0
45.0,119185.52,640.0,36,0.0592,2,19.45,0
22.0,84101.78,557.0,36,0.0265,12,11.86,0
47.0,273939.94,556.0,24,0.0517,2,2.22,0
78.0,46028.92,738.0,36,0.0356,4,13.11,1
52.0,97471.29,845.0,36,0.0546,2,10.65,1
44.0,132288.47,660.0,12,0.0282,12,1.03,0
61.0,623345.99,644.0,24,0.076,1,1.03,1
48.0,69200.65,770.0,60,0.02,12,53.56,0
48.0,21074.37,631.0,36,0.0711,2,1.24,0
29.0,139794.5,727.0,36,0.0437,12,18.71,1
49.0,386824.88,704.0,60,0.0625,12,14.6,0
61.0,43366.88,659.0,48,0.0593,2,3.34,1
32.0,138840.56,698.0,60,0.0396,1,2.05,1
66.0,204582.8,850.0,60,0.0418,4,31.56,1
44.0,165556.13,760.0,24,0.071,12,18.4,0
32.0,67884.2,809.0,60,0.0532,1,9.09,0
60.0,29778.03,608.0,24,0.0445,1,7.41,1
41.0,55200.12,810.0,60,0.042,12,33.32,1
56.0,94712.42,764.0,36,0.0453,2,2.43,0
41.0,148482.52,550.0,36,0.0831,2,1.23,1
44.0,83612.23,754.0,48,0.0801,12,1.21,1
52.0,40949.38,649.0,60,0.0839,2,18.66,1
49.0,104336.83,545.0,12,0.083,2,25.49,0
18.0,141504.26,713.0,60,0.0359,1,29.62,0
28.0,87518.9,754.0,12,0.0514,4,15.35,0
59.0,25947.04,715.0,60,0.0381,4,7.54,1
43.0,49940.82,689.0,24,0.0679,2,20.58,0
37.0,154480.13,667.0,36,0.0468,2,21.63,1
25.0,15017.66,850.0,12,0.0415,12,12.15,1
29.0,7382.16,582.0,12,0.0421,2,6.05,1
18.0,270515.01,787.0,60,0.0353,12,11.79,0
43.0,99849.09,702.0,36,0.0641,4,36.04,0
36.0,109834.5,615.0,48,0.0607,1,4.26,1
31.0,20397.81,695.0,12,0.0359,12,40.13,1
44.0,125182.51,561.0,36,0.0682,1,8.85,1
50.0,78845.75,640.0,36,0.0566,4,11.67,1
76.0,12279.33,695.0,12,0.0309,1,9.0,1
22.0,248769.84,545.0,24,0.0291,4,38.91,1
62.0,70170.5,751.0,24,0.0316,1,2.62,1
60.0,40292.31,604.0,60,0.0683,1,7.4,0
33.0,41028.01,555.0,60,0.0796,2,26.13,0
48.0,7980.67,592.0,36,0.02,4,20.77,1
38.0,108373.25,850.0,12,0.0261,12,23.4,1
48.0,77796.93,502.0,24,0.076,4,20.7,1
68.0,49311.86,744.0,36,0.0443,2,3.73,0
54.0,215019.76,625.0,24,0.071,12,37.85,1
53.0,15005.03,665.0,12,0.0516,2,12.15,1
39.0,32965.85,760.0,24,0.0563,4,27.1,0
23.0,25590.89,755.0,48,0.072,4,9.78,0
42.0,45306.47,632.0,60,0.0495,2,1.95,1
63.0,64053.25,564.0,24,0.0331,12,28.94,0
22.0,92043.22,762.0,12,0.0615,4,3.63,0
29.0,42320.49,755.0,12,0.0419,2,23.87,0
47.0,24900.53,672.0,48,0.0956,4,19.79,1
30.0,323193.65,744.0,12,0.0469,2,24.69,0
33.0,667730.68,655.0,48,0.0606,4,25.76,0
39.0,69098.39,617.0,36,0.0685,4,14.67,1
25.0,28091.42,700.0,24,0.0742,1,17.83,0
30.0,261830.89,752.0,12,0.0735,12,4.41,0
56.0,14090.31,731.0,60,0.0735,4,36.08,0
25.0,42839.96,751.0,24,0.0481,12,14.64,1
21.0,29848.29,624.0,48,0.0659,2,35.65,1
36.0,18778.44,850.0,24,0.02,1,26.28,1
56.0,45250.81,666.0,24,0.063,2,13.21,1
42.0,25230.98,688.0,12,0.064,12,21.68,1
38.0,60636.63,568.0,60,0.0669,2,0.81,0
46.0,61523.66,681.0,36,0.0678,2,9.31,0
19.0,32166.1,753.0,60,0.068,2,14.85,1
52.0,41335.9,776.0,48,0.0433,12,9.67,1
51.0,47531.65,850.0,60,0.0451,4,21.91,0
39.0,134570.84,752.0,60,0.064,2,55.65,0
60.0,51615.15,728.0,48,0.02,12,33.97,1
28.0,136584.91,655.0,60,0.0209,1,16.83,0
62.0,107560.95,634.0,36,0.0383,1,7.42,1
47.0,106035.66,797.0,24,0.0419,12,0.57,1
40.0,239868.46,795.0,36,0.056,2,19.35,1
45.0,19547.63,592.0,24,0.092,4,28.9,1
43.0,37302.55,772.0,24,0.0411,1,47.23,0
63.0,349164.63,765.0,60,0.0594,4,10.35,1
29.0,46290.1,589.0,24,0.02,12,23.02,0
34.0,3586.3,754.0,48,0.0412,1,10.78,0
61.0,48875.51,595.0,36,0.0642,2,6.76,0
36.0,68524.01,457.0,24,0.0425,1,43.19,1
59.0,4371.61,684.0,60,0.038,2,14.54,1
70.0,227279.46,726.0,60,0.02,4,32.15,1
39.0,29327.69,688.0,60,0.035,1,2.25,1
55.0,83163.44,850.0,12,0.0728,12,19.16,1
28.0,47763.57,738.0,36,0.0414,1,43.23,0
56.0,16508.8,715.0,60,0.0518,2,24.75,0
48.0,20526.91,743.0,48,0.0352,4,31.89,0
52.0,23503.79,656.0,60,0.0441,12,29.79,0
35.0,177313.02,793.0,12,0.074,2,26.1,0
20.0,51661.18,736.0,36,0.0412,2,12.79,1
53.0,35530.06,732.0,24,0.0354,12,6.08,1
18.0,23514.94,638.0,36,0.0745,12,53.0,0
40.0,198025.33,544.0,24,0.0494,4,16.87,1
59.0,258901.06,650.0,24,0.044,2,15.78,1
48.0,195779.42,728.0,60,0.0536,2,32.79,1
74.0,97972.03,656.0,48,0.0713,4,4.49,0
60.0,80003.85,729.0,48,0.0526,1,9.57,1
35.0,17748.6,677.0,60,0.0362,12,28.24,0
45.0,46825.39,743.0,12,0.0525,4,11.92,0
44.0,30216.39,602.0,24,0.02,12,15.67,0
21.0,9647.83,719.0,48,0.0317,4,3.85,1
31.0,172308.79,636.0,36,0.0567,4,5.36,1
37.0,29856.86,546.0,12,0.0506,2,15.29,1
18.0,197984.08,683.0,60,0.0579,12,12.75,0
46.0,144602.86,850.0,12,0.0586,4,32.92,0
41.0,104476.56,554.0,48,0.0665,2,3.35,1
20.0,110512.52,712.0,60,0.0522,4,35.38,0
51.0,32360.25,780.0,48,0.0703,12,9.33,0
56.0,383789.75,850.0,24,0.0592,4,26.95,1
48.0,62512.73,651.0,12,0.0603,2,7.57,1
40.0,80977.91,637.0,24,0.0333,2,45.8,0
54.0,31285.93,583.0,36,0.0357,1,21.13,1
55.0,23596.05,814.0,24,0.0395,12,6.62,1
50.0,96499.78,613.0,12,0.088,1,0.99,0
33.0,74422.49,663.0,36,0.0774,2,16.38,1
49.0,27191.17,515.0,48,0.0323,1,28.91,0
63.0,14208.18,788.0,36,0.0496,12,7.36,0
36.0,16815.85,816.0,12,0.034,2,8.7,1
76.0,198022.06,785.0,60,0.0346,1,3.95,0
37.0,32426.98,539.0,36,0.0702,1,11.48,1
45.0,42663.18,761.0,48,0.0206,2,34.06,1
35.0,255337.19,533.0,36,0.0594,4,11.32,0
48.0,19493.76,706.0,24,0.0488,2,4.78,1
19.0,28940.73,721.0,60,0.0699,1,10.04,0
37.0,27756.72,731.0,12,0.0539,12,33.92,0
29.0,301965.63,753.0,60,0.0799,1,0.3,0
47.0,439495.83,699.0,24,0.0508,2,2.51,1
60.0,126951.86,504.0,60,0.0691,1,3.84,0
55.0,131056.62,754.0,24,0.0544,2,19.79,1
18.0,33511.54,710.0,36,0.0515,1,1.89,1
76.0,419713.87,610.0,12,0.0743,1,23.81,1
49.0,78252.52,543.0,24,0.0516,4,2.35,0
33.0,140520.72,850.0,24,0.0535,2,27.66,1
47.0,53877.87,823.0,36,0.0361,4,11.15,1
48.0,45796.7,771.0,24,0.0508,4,7.26,1
35.0,315856.18,632.0,12,0.02,1,8.58,1
48.0,102716.05,448.0,48,0.0413,2,19.83,0
36.0,255601.65,776.0,60,0.0566,12,14.05,0
39.0,77290.64,737.0,24,0.0471,1,27.38,0
35.0,25632.94,663.0,60,0.0457,2,23.09,0
24.0,33411.55,812.0,60,0.0614,4,26.59,1
47.0,66367.66,785.0,48,0.0814,1,16.24,0
54.0,32000.28,718.0,24,0.042,12,9.45,1
53.0,19782.22,704.0,12,0.0673,1,57.85,1
57.0,199071.04,705.0,24,0.0496,4,2.21,1
50.0,34722.04,768.0,60,0.0605,4,7.34,1
37.0,68747.3,614.0,36,0.0902,2,10.28,0
58.0,80509.75,743.0,48,0.0686,12,4.14,1
25.0,33251.22,608.0,12,0.0751,1,10.75,1
31.0,255454.47,834.0,12,0.0419,4,3.56,1
31.0,19591.64,753.0,60,0.0482,2,26.55,0
61.0,77778.88,631.0,12,0.0284,12,11.96,0
59.0,76582.03,708.0,60,0.0379,12,41.2,1
52.0,56712.24,615.0,12,0.0541,2,3.04,1
61.0,16368.06,850.0,12,0.0361,4,25.79,0
32.0,143031.13,850.0,60,0.0547,12,12.68,0
50.0,125933.68,770.0,48,0.0409,1,32.97,0
43.0,30467.98,850.0,12,0.0529,4,21.14,1
58.0,121477.85,715.0,24,0.0634,4,53.45,0
43.0,87108.32,776.0,36,0.0619,2,17.76,1
39.0,16637.06,822.0,60,0.0584,12,14.5,0
53.0,25490.75,699.0,12,0.0765,2,15.23,1
58.0,186891.11,707.0,48,0.02,12,36.33,1
35.0,81586.26,793.0,24,0.0494,2,15.81,1
44.0,34053.81,765.0,60,0.0656,4,8.33,1
29.0,25375.11,624.0,24,0.02,2,16.7,0
18.0,35760.75,481.0,36,0.0846,4,7.29,0
48.0,38388.78,682.0,48,0.044,4,16.6,0
54.0,25694.62,490.0,60,0.0365,2,2.61,0
49.0,10490.61,601.0,60,0.0654,12,3.74,0
18.0,187215.06,613.0,12,0.0345,4,51.51,0
40.0,158044.78,643.0,24,0.077,2,9.84,1
18.0,16759.9,782.0,60,0.0504,4,50.63,0
66.0,68618.08,804.0,24,0.0784,4,4.7,1
29.0,24288.59,751.0,36,0.0746,2,23.43,0
64.0,46093.76,763.0,12,0.0524,4,25.63,1
59.0,42413.98,766.0,36,0.0364,4,15.26,1
31.0,39033.12,450.0,12,0.0848,2,7.15,0
28.0,443719.14,701.0,12,0.02,1,0.74,1
50.0,38548.57,520.0,24,0.0432,2,0.89,1
32.0,26681.78,751.0,12,0.0674,12,40.16,0
47.0,27928.94,491.0,36,0.0207,1,6.56,0
38.0,170037.96,682.0,36,0.0256,4,36.4,0
18.0,11474.67,755.0,36,0.0464,12,6.57,1
18.0,27927.78,588.0,24,0.0555,1,41.38,0
48.0,254440.64,796.0,24,0.02,2,4.17,0
37.0,76418.97,751.0,48,0.0726,4,11.96,1
37.0,72542.07,738.0,60,0.047,1,36.28,0
55.0,504915.55,770.0,48,0.0642,2,4.67,1
63.0,76599.66,664.0,48,0.0351,1,9.91,0
41.0,29490.22,715.0,12,0.0423,2,3.73,0
40.0,45158.01,701.0,12,0.0561,12,23.11,1
53.0,19236.56,699.0,48,0.0531,12,0.36,1
25.0,210225.71,633.0,60,0.0635,4,22.81,0
48.0,106357.54,576.0,48,0.0645,2,52.14,0
53.0,184317.33,666.0,24,0.0268,1,14.98,1
55.0,201387.04,661.0,36,0.0538,4,0.42,1
18.0,39568.52,626.0,48,0.0467,4,36.85,0
34.0,23277.61,785.0,12,0.0579,2,38.35,0
32.0,56856.56,583.0,60,0.0436,12,35.65,0
46.0,25015.2,683.0,12,0.051,4,3.64,0
52.0,70612.11,817.0,24,0.089,1,23.1,1
67.0,185738.84,791.0,12,0.0264,4,11.86,1
38.0,50607.77,822.0,12,0.041,2,5.78,1
38.0,69563.49,641.0,60,0.02,12,34.53,1
62.0,54510.81,778.0,60,0.0392,2,30.23,0
49.0,133616.3,594.0,12,0.0279,4,0.76,0
64.0,30706.13,672.0,12,0.0889,1,41.65,0
49.0,6657.86,682.0,48,0.0435,4,27.65,0
28.0,95881.55,642.0,24,0.0419,4,7.6,0
25.0,160786.78,664.0,48,0.063,12,10.55,0
22.0,93561.5,651.0,60,0.0286,2,45.47,0
55.0,31563.91,602.0,48,0.0654,12,15.82,1
63.0,19244.64,786.0,48,0.0647,4,9.84,0
73.0,98174.08,682.0,12,0.0814,1,24.14,0
58.0,68973.59,720.0,12,0.0609,1,19.18,0
62.0,52796.88,716.0,24,0.02,12,35.21,0
36.0,370446.14,705.0,36,0.0728,1,8.05,1
28.0,23230.0,709.0,36,0.1136,1,30.56,1
58.0,353287.35,669.0,48,0.0494,1,21.22,1
51.0,61807.74,842.0,24,0.05,4,35.42,1
47.0,9551.27,776.0,24,0.0402,1,11.66,0
51.0,50050.98,702.0,60,0.02,12,3.63,1
50.0,156294.3,655.0,12,0.0573,1,27.61,0
64.0,41562.14,688.0,60,0.039,4,6.78,0
64.0,13700.96,742.0,36,0.0567,4,8.53,1
53.0,50791.56,850.0,24,0.0573,1,14.49,0
58.0,25408.21,563.0,36,0.088,12,19.62,1
53.0,97911.02,766.0,12,0.042,1,13.62,0
38.0,129754.54,813.0,12,0.0252,2,30.71,0
56.0,20821.25,551.0,12,0.0557,12,39.14,0
24.0,29560.55,682.0,36,0.048,12,3.38,0
61.0,127598.32,594.0,24,0.0874,12,8.46,0
27.0,25365.77,743.0,60,0.0666,12,31.12,1
49.0,20289.16,664.0,24,0.0474,12,2.1,1
32.0,18422.15,687.0,24,0.0704,1,42.12,0
53.0,85138.84,659.0,48,0.0723,1,28.7,1
44.0,81565.18,772.0,24,0.0312,12,38.56,0
21.0,30210.78,723.0,60,0.059,12,34.9,0
51.0,60179.4,723.0,48,0.0944,2,15.84,1
36.0,275717.59,716.0,24,0.0203,4,23.58,0
58.0,22605.3,757.0,48,0.035,4,2.32,1
45.0,8503.71,674.0,24,0.0459,12,58.37,0
51.0,94379.16,850.0,12,0.0603,12,8.64,1
31.0,53615.79,577.0,12,0.0565,4,11.66,0
36.0,29436.04,527.0,24,0.0542,1,3.13,1
38.0,114930.2,519.0,48,0.046,2,49.35,0
58.0,138583.06,492.0,60,0.0563,2,5.01,1
70.0,6579.55,767.0,12,0.0783,12,6.94,0
33.0,31175.95,755.0,48,0.0842,1,1.07,0
61.0,607748.38,821.0,60,0.0717,1,14.7,1
18.0,107302.25,594.0,48,0.0743,1,12.27,0
27.0,117724.64,775.0,24,0.0517,1,50.44,0
31.0,193473.2,706.0,12,0.1023,12,40.36,0
25.0,60904.89,717.0,12,0.0212,4,21.34,1
21.0,132811.24,763.0,12,0.0551,12,14.02,1
51.0,122769.27,624.0,24,0.0651,2,9.21,1
42.0,102646.0,850.0,60,0.0515,2,22.74,0
51.0,43390.16,833.0,60,0.0723,12,10.76,0
55.0,71115.38,647.0,12,0.0469,2,10.42,1
49.0,33244.29,591.0,60,0.0758,4,18.26,1
55.0,60646.32,691.0,12,0.0525,4,7.67,1
44.0,18611.02,718.0,60,0.0424,12,2.07,0
27.0,27156.62,807.0,12,0.0399,2,20.66,0
61.0,45147.4,583.0,60,0.0558,4,33.27,0
36.0,23302.0,729.0,48,0.0382,4,35.16,1
31.0,36133.75,547.0,12,0.02,2,7.94,0
42.0,50821.46,744.0,12,0.02,1,26.41,0
31.0,89524.03,689.0,36,0.0402,2,3.89,1
39.0,154702.21,850.0,12,0.0432,12,4.18,0
50.0,37654.8,545.0,60,0.0751,1,9.35,1
50.0,227545.3,837.0,48,0.0571,12,6.23,0
32.0,153063.95,530.0,48,0.0527,4,15.0,1
38.0,99120.73,567.0,60,0.0353,1,33.21,0
61.0,69818.14,532.0,24,0.1072,12,5.78,1
52.0,82381.88,725.0,12,0.0504,12,47.67,0
76.0,196231.65,583.0,48,0.0689,12,12.83,1
63.0,203532.23,565.0,60,0.0505,1,36.77,1
62.0,227509.38,720.0,48,0.0618,12,12.83,0
24.0,62400.39,745.0,48,0.0216,1,42.39,0
56.0,104293.8,704.0,60,0.0578,1,29.28,1
44.0,229474.34,684.0,36,0.052,12,20.19,1
37.0,32089.49,850.0,48,0.0523,4,7.17,0
48.0,43546.44,715.0,48,0.0719,2,8.11,0
59.0,60842.06,781.0,24,0.02,2,1.94,0
53.0,147207.54,714.0,36,0.0406,1,2.66,1
32.0,149518.01,590.0,24,0.02,12,29.6,0
56.0,47530.93,755.0,60,0.0447,2,21.54,0
35.0,13245.2,634.0,12,0.072,2,25.8,1
48.0,76587.1,691.0,60,0.0698,12,13.77,1
40.0,23901.2,731.0,36,0.0456,2,5.59,0
42.0,13494.86,506.0,60,0.0542,12,7.12,1
56.0,16917.92,539.0,36,0.0427,2,11.05,0
29.0,82982.17,791.0,24,0.0509,4,18.9,0
74.0,233523.35,634.0,48,0.0722,12,30.04,0
18.0,62248.8,638.0,60,0.0843,2,1.17,1
36.0,73967.47,717.0,60,0.0644,1,14.51,1
51.0,195417.77,661.0,48,0.0487,12,27.64,0
54.0,12778.83,742.0,60,0.0851,2,4.0,0
43.0,100727.73,695.0,60,0.0617,4,9.6,0
44.0,59184.22,720.0,12,0.0447,2,10.73,1
51.0,105456.88,630.0,12,0.0473,1,0.27,0
42.0,36920.27,719.0,48,0.0415,12,11.04,0
66.0,26424.92,811.0,24,0.0648,4,8.09,1
58.0,68906.71,643.0,60,0.0563,2,13.94,0
58.0,311511.43,792.0,60,0.0543,1,29.81,1
31.0,141621.05,695.0,24,0.0384,1,19.07,1
44.0,36037.21,773.0,60,0.0896,1,18.6,1
40.0,15662.55,713.0,24,0.0473,2,14.2,1
30.0,11135.94,697.0,48,0.0731,4,20.78,1
50.0,223261.6,735.0,48,0.03,2,7.2,1
37.0,23038.4,821.0,24,0.0608,4,50.6,0
55.0,43238.5,724.0,24,0.0375,12,14.78,0
29.0,224405.76,748.0,36,0.0609,4,53.11,0
71.0,11921.5,663.0,12,0.0339,1,51.62,0
32.0,266269.57,850.0,12,0.0264,1,3.63,0
48.0,46460.58,764.0,60,0.0309,1,3.64,1
57.0,18985.23,708.0,60,0.02,2,6.67,0
36.0,46753.72,688.0,24,0.0356,12,53.17,0
58.0,29068.29,798.0,24,0.0661,4,14.38,0
27.0,93043.26,639.0,12,0.0348,1,22.26,0
67.0,31315.47,522.0,60,0.0371,12,28.25,1
45.0,8851.64,707.0,12,0.0566,12,19.12,1
36.0,48023.1,819.0,48,0.02,2,55.62,0
41.0,15420.53,850.0,12,0.0636,4,27.7,0
57.0,73447.04,689.0,12,0.0486,12,7.74,1
36.0,18267.33,704.0,24,0.0586,4,14.82,1
34.0,36753.44,752.0,60,0.048,2,1.21,0
42.0,71868.1,674.0,48,0.0445,4,24.37,0
27.0,48413.85,752.0,12,0.0682,2,11.65,1
72.0,76913.01,691.0,12,0.0495,1,5.65,1
37.0,118218.18,801.0,24,0.0622,4,9.41,1
57.0,18808.54,772.0,36,0.07,2,11.55,1
48.0,56139.92,781.0,60,0.0261,12,12.09,0
30.0,2144.15,679.0,60,0.0361,1,56.17,0
45.0,76675.18,850.0,60,0.0334,12,4.98,0
57.0,44319.76,748.0,12,0.0431,1,1.8,1
42.0,22394.04,725.0,12,0.0533,1,4.94,0
63.0,82102.15,624.0,12,0.0322,4,11.04,1
60.0,193435.15,690.0,36,0.0338,12,33.97,0
59.0,37196.96,711.0,12,0.0429,12,11.28,0
38.0,23276.17,621.0,60,0.0681,1,23.35,0
29.0,70616.93,671.0,60,0.0396,1,0.78,1
36.0,15746.81,683.0,24,0.0519,1,7.72,1
48.0,30934.23,706.0,36,0.044,2,35.58,1
53.0,203292.71,524.0,48,0.0478,4,6.35,1
18.0,63715.25,686.0,12,0.0367,1,17.49,0
45.0,9141.07,662.0,48,0.02,4,44.29,0
47.0,9926.95,698.0,12,0.0371,1,5.2,0
41.0,70409.66,804.0,36,0.0545,2,27.17,0
64.0,141830.87,850.0,36,0.0513,1,17.4,0
51.0,11877.23,768.0,60,0.0639,4,24.74,0
65.0,93874.36,577.0,36,0.0205,1,5.28,1
42.0,226464.51,665.0,48,0.0574,4,29.07,1
59.0,395481.38,760.0,48,0.039,12,10.82,0
70.0,83384.92,748.0,36,0.0346,4,3.67,0
65.0,99389.58,799.0,48,0.0604,2,8.01,1
29.0,7092.66,690.0,12,0.0658,1,46.35,1
41.0,488821.44,664.0,24,0.0729,12,37.22,1
40.0,33674.96,850.0,60,0.0611,4,13.37,1
52.0,23541.71,706.0,24,0.0479,12,2.94,1
55.0,46387.9,598.0,48,0.0206,2,7.24,1
32.0,271488.05,848.0,60,0.0748,12,18.24,1
46.0,544730.28,550.0,24,0.0545,12,1.2,1
18.0,67874.02,350.0,24,0.0315,4,48.06,0
67.0,162443.28,777.0,48,0.0543,2,10.0,1
37.0,62517.64,791.0,60,0.0207,1,58.34,0
46.0,21209.5,741.0,60,0.077,1,20.38,1
40.0,262168.75,570.0,24,0.0421,1,26.58,1
62.0,32140.51,694.0,60,0.0279,1,32.03,1
18.0,278042.92,672.0,60,0.0758,1,25.84,0
45.0,219375.76,646.0,12,0.0236,12,2.48,0
43.0,110639.92,841.0,48,0.0495,1,9.29,1
38.0,372866.14,595.0,48,0.0527,12,13.69,1
71.0,558129.35,732.0,12,0.0239,4,35.51,1
32.0,50249.54,819.0,24,0.0419,4,28.43,0
57.0,26667.63,738.0,36,0.02,2,7.42,1
50.0,9281.05,824.0,24,0.0414,1,11.75,0
64.0,565057.21,756.0,12,0.02,12,12.11,1
35.0,38573.39,743.0,60,0.0678,1,7.13,1
34.0,186285.71,737.0,12,0.0374,12,22.12,1
61.0,28530.95,761.0,48,0.0258,4,17.37,1
51.0,278804.37,661.0,60,0.0541,2,3.76,1
22.0,29729.12,570.0,24,0.02,2,38.86,0
37.0,18183.7,795.0,60,0.0352,2,24.44,0
51.0,48605.58,816.0,48,0.0645,1,8.61,1
58.0,35179.69,725.0,12,0.0219,12,47.51,0
35.0,108694.86,645.0,24,0.0444,1,0.12,1
18.0,56874.65,544.0,36,0.0333,2,28.51,0
53.0,112162.32,709.0,36,0.02,1,29.23,1
27.0,44755.9,565.0,12,0.0267,1,38.26,0
18.0,30788.38,551.0,24,0.0359,1,10.53,0
18.0,33404.28,698.0,24,0.0547,1,29.82,0
57.0,462748.41,624.0,60,0.0775,12,15.55,0
47.0,74994.57,735.0,12,0.0495,12,8.37,1
42.0,8235.73,684.0,60,0.0521,2,4.79,1
66.0,35588.97,639.0,12,0.0651,2,40.46,1
55.0,65964.11,530.0,48,0.0585,4,2.65,0
69.0,379041.01,615.0,12,0.0366,12,22.9,0
24.0,167493.31,618.0,60,0.0384,1,9.53,0
44.0,23820.03,577.0,24,0.0613,12,15.98,1
21.0,672229.95,667.0,12,0.0599,1,23.82,1
42.0,58037.21,585.0,24,0.0541,1,55.61,0
41.0,208215.69,684.0,48,0.0375,4,54.97,0
54.0,18863.64,724.0,36,0.0825,4,7.13,0
46.0,5441.65,617.0,36,0.0339,4,3.29,1
54.0,14640.82,743.0,60,0.0478,4,37.31,1
56.0,2320.8,564.0,12,0.0781,1,8.49,1
77.0,494889.27,589.0,48,0.0524,1,3.09,0
40.0,74201.0,689.0,48,0.0488,12,57.22,0
31.0,23750.43,769.0,24,0.0558,1,19.77,0
49.0,94148.07,787.0,60,0.0371,12,4.69,1
33.0,72354.58,850.0,48,0.0481,12,16.35,0
67.0,111405.66,662.0,12,0.0648,4,19.51,0
41.0,200692.95,687.0,48,0.0688,12,9.38,1
37.0,44805.17,597.0,36,0.0819,2,11.51,0
38.0,24838.76,575.0,60,0.0352,2,25.24,1
56.0,137005.34,723.0,24,0.0764,1,33.38,1
43.0,133563.56,622.0,12,0.0621,2,9.45,1
35.0,66219.87,823.0,36,0.0716,4,12.24,1
70.0,528371.12,554.0,48,0.0233,4,40.95,0
32.0,38645.2,749.0,60,0.035,12,57.28,0
46.0,24346.47,599.0,60,0.0546,1,27.62,0
55.0,90952.39,618.0,12,0.0641,2,23.08,0
21.0,30487.2,754.0,24,0.0414,1,21.67,0
52.0,98274.17,632.0,36,0.0426,12,21.86,0
29.0,26029.66,648.0,24,0.0288,4,2.26,0
57.0,40125.11,619.0,12,0.04,12,14.17,0
31.0,396662.24,850.0,12,0.0423,2,7.2,0
55.0,39911.22,638.0,36,0.0425,4,34.04,1
62.0,26934.1,705.0,60,0.032,2,3.37,0
58.0,193045.04,680.0,60,0.0884,1,10.31,1
49.0,20930.4,722.0,36,0.0704,4,13.17,0
42.0,29943.18,639.0,24,0.0633,1,38.74,0
36.0,106570.4,680.0,36,0.0729,4,19.18,1
67.0,153033.39,739.0,60,0.0616,2,1.0,0
35.0,202901.6,614.0,24,0.0947,2,0.15,1
29.0,28361.22,809.0,48,0.0339,12,8.53,1
55.0,108663.22,819.0,24,0.02,12,0.08,0
33.0,37567.4,761.0,60,0.0323,4,40.78,0
31.0,32674.31,707.0,12,0.02,4,12.98,0
23.0,199428.84,401.0,24,0.0254,4,38.41,1
38.0,34559.77,742.0,24,0.0378,12,23.15,1
44.0,79079.16,661.0,12,0.0471,2,13.39,0
49.0,69953.04,675.0,60,0.0714,1,1.81,0
59.0,20521.85,510.0,48,0.0834,1,3.52,0
53.0,157328.75,749.0,48,0.0559,4,3.39,0
42.0,104849.46,555.0,36,0.0256,1,1.89,0
42.0,8214.94,712.0,48,0.0399,1,32.91,0
53.0,79017.22,790.0,48,0.0441,1,50.8,0
64.0,27640.2,653.0,24,0.0415,12,20.76,0
47.0,179346.56,822.0,36,0.0231,12,20.92,0
38.0,14109.45,625.0,48,0.0757,1,6.24,0
30.0,41920.2,760.0,24,0.02,2,0.07,0
23.0,85993.29,570.0,36,0.0394,2,4.01,1
55.0,63217.74,803.0,24,0.0527,12,27.46,0
54.0,128406.75,788.0,12,0.0534,2,40.99,1
54.0,13115.87,747.0,60,0.0419,4,18.73,1
43.0,312360.84,661.0,60,0.0561,4,6.72,0
66.0,101229.42,560.0,60,0.0287,2,15.76,0
38.0,233215.5,661.0,48,0.048,1,13.35,1
59.0,143521.51,811.0,60,0.024,2,17.84,0
44.0,59183.02,713.0,60,0.0324,1,3.2,0
36.0,16577.5,545.0,36,0.0695,1,8.26,1
54.0,34079.35,588.0,36,0.0454,2,14.99,0
51.0,293479.58,825.0,36,0.0463,4,4.35,1
50.0,239291.51,749.0,48,0.0402,1,25.34,0
46.0,32221.85,577.0,60,0.0365,1,18.02,1
44.0,3574.91,523.0,48,0.0504,12,1.78,1
81.0,48402.67,637.0,48,0.0948,2,26.21,0
63.0,44904.67,515.0,48,0.0217,12,11.13,0
56.0,46640.63,684.0,48,0.0304,1,49.09,0
47.0,101573.63,850.0,48,0.0311,1,31.37,0
60.0,143804.87,540.0,48,0.02,12,34.7,0
53.0,161183.63,681.0,60,0.0476,2,3.42,1
45.0,93499.29,831.0,36,0.0456,12,15.94,1
40.0,9889.5,775.0,24,0.0373,12,6.35,0
44.0,42565.54,685.0,24,0.063,1,50.73,0
18.0,599643.02,685.0,24,0.0409,4,28.45,0
48.0,87048.15,584.0,12,0.0466,4,9.23,1
38.0,86493.07,673.0,36,0.0532,4,18.69,1
69.0,85775.26,724.0,60,0.0427,2,19.6,0
45.0,90706.08,811.0,48,0.084,12,52.17,0
27.0,5524.17,638.0,24,0.042,2,17.3,1
44.0,47121.08,681.0,36,0.063,4,16.74,0
29.0,57647.79,605.0,60,0.0485,2,1.01,1
52.0,215667.99,723.0,24,0.0495,2,3.47,0
49.0,62797.65,778.0,36,0.0674,2,3.86,1
59.0,11539.01,763.0,60,0.0438,4,1.01,0
33.0,92050.18,583.0,36,0.0489,2,4.9,0
46.0,26800.49,715.0,48,0.055,2,6.01,0
25.0,17733.56,632.0,36,0.0382,4,53.66,0
56.0,25999.72,801.0,36,0.0599,4,33.52,0
53.0,103002.06,684.0,12,0.0802,2,11.19,1
52.0,210820.27,548.0,48,0.0329,12,23.44,0
45.0,97044.99,678.0,36,0.0372,2,50.28,0
51.0,112648.0,746.0,48,0.0292,1,30.03,1
69.0,96090.46,724.0,36,0.0862,4,1.9,0
41.0,66259.04,649.0,48,0.0621,12,9.3,1
47.0,120202.2,641.0,60,0.0243,1,23.7,1
29.0,5330.63,601.0,24,0.0201,1,11.77,0
32.0,66908.97,661.0,12,0.0626,1,40.44,1
46.0,21058.82,614.0,24,0.0966,12,32.03,0
62.0,191549.7,797.0,36,0.0488,1,11.36,0
41.0,51680.96,610.0,36,0.0204,4,39.01,0
41.0,61756.1,712.0,60,0.02,12,38.48,0
39.0,13292.14,705.0,36,0.0428,4,40.75,1
37.0,165517.28,795.0,48,0.022,12,13.08,1
49.0,112120.35,809.0,24,0.0449,4,32.9,0
23.0,104500.58,770.0,36,0.0603,12,19.26,0
64.0,26555.1,735.0,60,0.0553,1,1.17,1
35.0,27621.79,595.0,12,0.0588,4,8.13,1
56.0,74876.81,593.0,24,0.055,4,42.89,0
26.0,29896.65,615.0,60,0.0646,4,36.29,0
55.0,92493.44,775.0,60,0.0449,2,7.04,0
55.0,6898.69,707.0,24,0.052,1,55.34,0
51.0,36770.66,787.0,60,0.076,4,35.51,1
30.0,361043.4,800.0,12,0.0659,4,9.59,1
49.0,92919.22,627.0,12,0.0248,12,8.65,0
27.0,70741.92,703.0,36,0.0339,1,8.09,0
41.0,435925.46,699.0,48,0.0245,1,17.61,0
60.0,5790.92,667.0,36,0.046,4,55.39,0
57.0,26494.41,647.0,48,0.02,2,8.82,0
45.0,40087.78,818.0,24,0.0618,4,9.78,1
30.0,141259.12,705.0,60,0.0311,2,38.69,0
55.0,143724.9,701.0,36,0.02,1,5.52,0
45.0,25184.73,620.0,60,0.093,1,14.73,1
18.0,162422.19,768.0,36,0.0356,2,28.57,0
57.0,40002.02,599.0,36,0.02,1,17.54,1
45.0,201116.5,745.0,12,0.0385,12,0.33,0
63.0,21319.07,748.0,48,0.0815,2,28.24,1
29.0,52928.03,659.0,24,0.02,12,36.41,1
18.0,36674.34,732.0,60,0.0699,4,36.27,0
49.0,172134.32,719.0,36,0.02,4,23.35,0
49.0,35497.54,696.0,60,0.0594,12,42.11,0
20.0,57385.76,701.0,12,0.0276,1,49.98,0
30.0,99390.46,706.0,24,0.0506,12,29.7,0
85.0,103286.14,713.0,48,0.0399,1,0.91,1
40.0,145357.66,706.0,48,0.0563,12,12.5,0
56.0,73948.54,590.0,36,0.0614,12,21.19,0
35.0,39409.06,685.0,24,0.06,1,3.66,1
18.0,42205.31,726.0,48,0.0354,12,10.31,1
42.0,61431.15,710.0,24,0.0554,2,28.58,1
41.0,76848.6,795.0,60,0.0685,1,8.22,0
39.0,51680.11,762.0,12,0.0452,4,31.74,0
43.0,61035.04,613.0,24,0.0533,4,36.66,0
49.0,13131.2,683.0,24,0.0273,12,49.53,0
43.0,116699.24,669.0,48,0.0557,4,40.02,1
26.0,71762.14,700.0,36,0.0372,2,23.69,1
52.0,163059.5,700.0,36,0.0458,4,11.68,0
18.0,59883.75,761.0,60,0.0497,4,46.79,0
18.0,10525.99,718.0,48,0.0539,1,34.71,0
56.0,41837.73,823.0,48,0.0417,12,36.23,1
53.0,49024.24,724.0,12,0.0831,4,8.0,1
44.0,125857.21,617.0,36,0.0307,12,0.69,1
24.0,7553.2,653.0,48,0.02,1,56.6,0
34.0,62391.2,760.0,60,0.0246,4,1.54,0
41.0,100075.0,539.0,12,0.0295,4,7.93,1
21.0,30900.02,565.0,36,0.0501,1,57.87,0
34.0,64513.39,701.0,36,0.086,1,2.82,1
55.0,31983.12,795.0,36,0.0576,4,35.19,1
66.0,28866.21,831.0,12,0.0447,2,5.56,1
39.0,39798.33,678.0,60,0.0359,12,58.48,0
56.0,29416.41,806.0,60,0.0732,12,4.27,1
18.0,118612.64,707.0,48,0.0279,12,24.55,1
55.0,28711.36,547.0,48,0.02,2,0.91,0
33.0,24272.27,699.0,36,0.0321,12,20.6,0
50.0,350784.96,638.0,24,0.0391,1,15.43,0
41.0,156488.85,792.0,48,0.0615,1,26.99,0
65.0,9306.67,697.0,60,0.0659,4,16.15,0
32.0,27867.93,572.0,36,0.0603,2,11.1,1
54.0,76302.65,550.0,60,0.02,2,8.85,0
41.0,82764.55,698.0,36,0.05,4,18.33,1
43.0,13487.35,458.0,12,0.0507,2,39.85,0
42.0,190720.73,648.0,48,0.0579,12,58.39,1
32.0,136656.32,723.0,12,0.02,4,0.29,0
45.0,96945.25,594.0,48,0.0413,12,4.18,1
44.0,232519.3,799.0,60,0.0408,12,5.06,0
49.0,94116.63,819.0,60,0.0677,4,20.66,1
46.0,93768.18,598.0,24,0.0503,1,14.06,1
57.0,284269.86,670.0,60,0.036,4,0.73,1
59.0,180091.36,799.0,36,0.02,2,57.37,0
29.0,25809.36,700.0,24,0.0225,12,22.68,1
58.0,112780.1,561.0,36,0.0611,12,16.52,1
27.0,30814.24,686.0,24,0.02,2,47.75,0
54.0,99126.74,615.0,36,0.02,4,5.6,1
54.0,96433.94,811.0,24,0.065,1,1.66,1
18.0,15010.91,761.0,48,0.0625,2,37.44,0
46.0,53005.68,669.0,48,0.0224,1,17.77,0
38.0,78061.87,714.0,24,0.0441,12,16.59,0
34.0,38704.45,569.0,12,0.0787,4,13.42,1
65.0,82019.31,625.0,24,0.0505,4,8.79,0
35.0,134040.57,850.0,12,0.0568,12,10.72,1
33.0,58070.14,705.0,36,0.0794,2,15.02,1
46.0,74951.72,793.0,24,0.0861,12,55.39,1
55.0,238810.13,723.0,12,0.05,2,27.86,1
43.0,96105.0,831.0,24,0.0783,12,9.37,0
62.0,73190.75,500.0,48,0.0673,1,4.65,1
53.0,22969.46,681.0,48,0.0401,4,16.52,0
18.0,117128.4,850.0,24,0.0573,1,43.06,0
37.0,83295.51,796.0,24,0.02,2,14.18,0
37.0,216152.5,833.0,60,0.0612,2,9.84,0
52.0,62747.78,699.0,48,0.0389,12,4.83,1
18.0,9737.44,646.0,36,0.0335,1,41.11,0
83.0,10936.7,597.0,24,0.0701,4,4.59,1
53.0,124951.48,590.0,60,0.0291,2,30.72,0
47.0,33853.8,781.0,24,0.057,12,27.86,1
63.0,92667.0,751.0,48,0.0682,4,41.09,0
80.0,67119.68,693.0,12,0.0404,12,1.33,1
58.0,50673.6,751.0,12,0.053,2,33.67,1
59.0,54373.86,714.0,48,0.0343,4,21.0,0
47.0,25200.28,796.0,36,0.031,12,12.36,0
43.0,58936.88,795.0,60,0.045,2,44.01,0
38.0,33373.14,593.0,24,0.1129,12,20.9,1
33.0,41263.91,727.0,24,0.0856,12,6.5,1
35.0,43319.19,533.0,24,0.039,12,29.41,1
25.0,47729.59,713.0,60,0.047,4,20.77,0
44.0,150568.51,760.0,60,0.0414,4,23.57,1
20.0,52586.21,569.0,48,0.0235,2,46.79,0
48.0,166658.54,658.0,60,0.0347,12,23.06,1
44.0,278689.89,701.0,24,0.04,4,33.43,0
47.0,140778.73,723.0,24,0.02,4,2.24,1
37.0,102177.68,672.0,60,0.0437,12,0.47,1
85.0,83019.62,583.0,60,0.0641,2,17.96,1
65.0,142252.47,695.0,48,0.0884,1,48.57,0
26.0,65470.88,535.0,12,0.0604,12,15.87,0
48.0,160262.74,677.0,60,0.0318,2,0.55,1
36.0,110647.62,656.0,12,0.0299,1,19.95,1
30.0,41779.44,687.0,36,0.0482,2,2.46,0
25.0,146656.86,644.0,12,0.0507,1,53.01,0
51.0,65609.78,549.0,60,0.0475,1,4.17,1
35.0,53845.17,663.0,24,0.0731,2,55.91,0
60.0,37190.21,793.0,24,0.0586,4,38.19,0
60.0,70687.13,826.0,60,0.0595,2,44.2,1
66.0,162180.08,850.0,48,0.0566,1,11.03,1
32.0,145646.83,850.0,60,0.0362,12,11.24,0
52.0,85254.3,580.0,60,0.02,1,52.48,0
54.0,109058.93,659.0,48,0.0473,1,16.44,1
38.0,213565.06,698.0,48,0.0369,2,45.27,0
33.0,51535.89,691.0,36,0.0628,1,4.01,1
69.0,19625.4,707.0,36,0.0383,12,13.53,1
48.0,219944.35,850.0,36,0.0732,4,19.36,0
55.0,35250.03,592.0,48,0.0629,12,26.84,1
33.0,30021.28,629.0,12,0.0833,4,30.92,1
27.0,9934.83,850.0,60,0.0815,12,10.64,0
36.0,106009.4,638.0,36,0.0647,4,37.42,0
43.0,11831.82,739.0,12,0.0271,2,2.29,0
29.0,28275.22,803.0,60,0.0411,4,4.24,0
45.0,107821.98,749.0,12,0.0359,2,10.97,0
20.0,123243.98,719.0,24,0.0522,12,12.03,1
28.0,31203.82,794.0,24,0.059,1,43.18,1
55.0,52357.3,611.0,60,0.0437,2,16.94,1
54.0,25019.37,650.0,12,0.0619,4,5.65,1
39.0,34599.8,754.0,12,0.0368,2,7.8,1
30.0,78136.71,493.0,48,0.02,2,2.05,1
30.0,36255.75,842.0,36,0.0544,2,2.18,0
39.0,46900.56,730.0,60,0.0444,2,29.7,0
55.0,13839.66,715.0,12,0.0525,1,25.06,1
59.0,185898.51,537.0,36,0.0656,2,22.6,1
38.0,99714.52,571.0,60,0.0454,12,11.68,1
28.0,132310.32,660.0,12,0.0256,2,56.06,0
49.0,217602.51,781.0,24,0.0382,2,16.77,0
33.0,26233.36,492.0,12,0.0783,1,43.48,0
37.0,41839.89,779.0,24,0.0588,12,35.9,0
65.0,9001.67,664.0,24,0.0733,1,0.56,1
57.0,1383909.34,678.0,48,0.0403,1,12.67,0
47.0,51555.53,725.0,48,0.0647,12,1.09,1
26.0,169181.59,727.0,36,0.0693,12,58.78,0
48.0,17358.52,629.0,60,0.02,2,1.39,0
61.0,162168.05,762.0,36,0.0559,12,25.59,1
39.0,383690.25,468.0,48,0.0539,2,7.91,1
65.0,56371.51,655.0,36,0.0265,1,0.37,1
64.0,21788.08,715.0,60,0.0267,2,6.94,1
70.0,52114.77,666.0,60,0.0908,2,3.12,0
50.0,6459.06,517.0,12,0.0534,12,32.65,0
54.0,57648.14,776.0,36,0.0753,1,17.13,0
66.0,136075.77,575.0,48,0.0648,12,0.59,0
52.0,57771.01,693.0,12,0.051,1,3.58,1
37.0,45064.97,715.0,36,0.0297,4,39.47,0
38.0,101475.04,702.0,60,0.063,1,35.45,0
49.0,109537.79,817.0,48,0.0502,1,23.43,0
26.0,11385.48,695.0,36,0.0533,1,48.26,0
43.0,65435.68,743.0,60,0.0555,1,20.59,0
61.0,684186.02,694.0,60,0.0571,2,31.88,1
18.0,15756.11,761.0,36,0.0609,12,59.76,0
68.0,54972.11,839.0,36,0.0319,1,50.75,0
62.0,417377.4,714.0,48,0.0641,2,10.33,1
38.0,180624.43,778.0,12,0.0647,12,9.42,1
53.0,35832.24,846.0,60,0.0541,2,9.65,1
45.0,73580.5,836.0,12,0.0621,1,10.55,0
63.0,59747.84,661.0,12,0.0789,12,6.61,0
60.0,28337.13,804.0,60,0.067,1,13.25,0
24.0,55589.4,725.0,36,0.0271,4,5.21,1
54.0,45253.44,812.0,60,0.0392,2,12.12,1
42.0,67020.17,757.0,12,0.0462,1,1.69,0
46.0,28328.31,728.0,48,0.0382,12,3.6,0
34.0,16703.64,743.0,60,0.0222,12,37.2,1
71.0,57452.81,726.0,48,0.0688,2,15.36,1
61.0,332740.51,729.0,36,0.0342,4,32.15,0
34.0,65003.92,684.0,36,0.0745,1,7.97,1
25.0,42976.39,675.0,48,0.02,12,32.36,1
39.0,127272.51,850.0,48,0.0656,4,9.57,0
52.0,51107.19,748.0,60,0.0671,12,33.19,1
49.0,387717.76,643.0,36,0.0546,2,2.27,1
64.0,59640.34,672.0,48,0.0449,12,0.42,1
57.0,120631.66,806.0,24,0.0498,4,0.9,1
60.0,28152.62,626.0,60,0.0504,12,16.09,0
50.0,99021.2,552.0,60,0.0592,4,26.43,0
24.0,78833.51,559.0,24,0.0464,2,1.96,1
42.0,56584.7,527.0,36,0.0494,2,4.74,1
61.0,36251.72,570.0,48,0.0567,2,37.47,1
44.0,31633.43,582.0,48,0.0505,12,13.14,1
53.0,79407.86,839.0,36,0.0322,2,53.82,0
40.0,112301.12,695.0,24,0.0343,2,19.42,1
30.0,52724.59,664.0,24,0.0485,2,20.08,1
43.0,79799.13,556.0,24,0.02,4,22.95,1
50.0,57646.53,686.0,60,0.0471,2,41.9,0
35.0,66073.7,526.0,48,0.0534,12,4.47,0
41.0,48998.99,663.0,12,0.0482,12,57.43,0
31.0,60959.96,850.0,60,0.0591,2,37.76,0
62.0,889167.1,766.0,60,0.054,12,36.98,1
41.0,81767.43,679.0,48,0.0671,2,0.18,1
67.0,114153.23,770.0,36,0.0532,2,1.85,0
68.0,92783.45,648.0,48,0.0887,12,2.19,1
44.0,46036.19,620.0,36,0.0506,1,8.11,1
30.0,218379.4,850.0,48,0.0652,12,3.92,0
18.0,44749.53,586.0,60,0.0463,4,6.02,0
23.0,171966.43,665.0,24,0.0507,4,3.26,0
24.0,42864.23,731.0,60,0.0311,1,4.54,1
66.0,22926.01,606.0,60,0.048,4,15.01,1
47.0,86283.72,765.0,12,0.0334,12,52.46,0
51.0,19837.55,669.0,60,0.073,12,17.6,1
18.0,102297.47,766.0,60,0.0536,4,21.35,1
27.0,18139.39,759.0,60,0.0614,2,23.91,0
58.0,43520.7,676.0,12,0.02,4,28.4,1
49.0,14303.65,850.0,36,0.02,1,9.45,0
43.0,1008694.03,633.0,12,0.0437,4,17.98,1
53.0,11453.38,835.0,24,0.0216,1,31.21,0
70.0,60464.62,817.0,36,0.02,1,6.17,0
42.0,187832.2,850.0,12,0.066,12,14.29,0
46.0,168785.83,717.0,24,0.0565,4,29.08,0
48.0,140272.48,621.0,24,0.0341,2,46.31,0
81.0,43598.22,850.0,48,0.0525,1,54.29,0
18.0,231211.68,667.0,48,0.0867,4,44.14,0
55.0,149251.95,619.0,60,0.0314,4,3.42,1
43.0,74035.47,681.0,36,0.0683,12,6.17,0
54.0,76159.17,602.0,12,0.0409,2,23.95,1
35.0,44182.2,753.0,60,0.0377,2,20.66,0
44.0,24109.18,639.0,36,0.0249,4,16.88,1
56.0,206313.26,671.0,48,0.0528,2,23.88,0
85.0,222394.47,797.0,12,0.0661,1,0.85,1
57.0,24732.93,762.0,24,0.0562,12,18.81,1
32.0,51339.45,702.0,24,0.0457,4,40.05,0
39.0,51874.2,717.0,60,0.037,2,11.91,1
38.0,57950.48,701.0,60,0.0846,4,8.02,0
18.0,63850.19,657.0,12,0.0388,2,23.38,0
40.0,154332.01,700.0,24,0.0387,1,1.92,1
56.0,28361.35,749.0,60,0.02,4,34.02,0
26.0,25684.76,687.0,24,0.085,12,27.62,0
61.0,206203.69,742.0,48,0.02,2,58.37,0
52.0,37697.73,616.0,60,0.069,12,8.18,0
34.0,16932.07,640.0,36,0.062,12,9.65,0
43.0,36859.55,627.0,60,0.0404,1,18.17,1
69.0,43042.67,643.0,48,0.0546,1,24.31,0
56.0,283498.67,829.0,12,0.0593,2,28.84,0
45.0,150968.46,773.0,24,0.0953,4,18.76,1
41.0,188625.83,592.0,12,0.0852,2,7.65,0
46.0,135940.65,744.0,60,0.0648,2,8.26,1
37.0,154236.69,661.0,36,0.0551,1,8.69,1
18.0,30089.09,632.0,12,0.0633,2,11.61,0
76.0,49089.37,551.0,36,0.0547,2,27.79,1
47.0,22249.72,797.0,60,0.0571,4,35.42,1
51.0,48509.36,564.0,36,0.037,2,2.47,1
44.0,118670.38,695.0,36,0.0486,4,19.23,1
34.0,68499.61,605.0,48,0.0656,2,20.95,1
42.0,222232.81,778.0,12,0.0511,1,37.38,1
21.0,19121.8,667.0,60,0.0598,2,2.29,0
79.0,98739.3,687.0,48,0.0397,4,13.4,0
26.0,17183.37,690.0,36,0.0491,12,4.38,0
30.0,65786.93,730.0,48,0.0253,4,59.68,0
38.0,125534.19,701.0,48,0.0658,2,3.74,1
64.0,48315.0,696.0,36,0.02,2,7.98,1
45.0,103894.02,648.0,60,0.0596,2,21.49,0
26.0,22931.52,543.0,24,0.0226,4,18.89,1
64.0,11342.48,588.0,48,0.031,4,8.58,0
56.0,104509.12,772.0,12,0.0303,1,21.42,0
53.0,342494.28,669.0,36,0.0672,2,16.55,0
56.0,22113.75,634.0,24,0.0258,12,0.68,1
81.0,203250.44,559.0,48,0.0463,4,1.53,0
78.0,62531.36,528.0,36,0.0416,4,37.27,1
35.0,15745.48,630.0,36,0.0449,4,1.87,1
69.0,19312.25,789.0,48,0.065,4,21.86,0
51.0,60826.74,644.0,12,0.0474,12,54.08,0
52.0,39956.14,740.0,36,0.0471,1,14.09,1
20.0,16108.25,640.0,36,0.0318,12,5.27,1
42.0,11003.41,764.0,48,0.0309,12,24.42,0
33.0,25675.2,665.0,24,0.022,4,49.5,0
57.0,72679.09,577.0,36,0.0429,4,21.54,1
61.0,59492.13,673.0,36,0.0797,2,9.79,1
18.0,36270.57,850.0,48,0.0536,1,4.18,0
45.0,73268.58,850.0,36,0.0511,1,26.37,1
62.0,169401.47,749.0,48,0.02,1,49.1,0
42.0,88798.63,686.0,12,0.0723,2,51.33,0
56.0,53034.15,730.0,48,0.082,1,26.13,1
50.0,151459.27,732.0,24,0.0333,12,30.81,0
50.0,22928.82,696.0,36,0.0305,4,17.93,1
41.0,47814.32,744.0,12,0.0788,12,37.95,1
27.0,48967.5,721.0,36,0.0577,12,55.34,0
28.0,17379.5,668.0,36,0.0844,1,17.55,1
56.0,39345.07,580.0,48,0.0736,4,25.8,0
45.0,7517.89,654.0,36,0.02,1,47.79,1
43.0,405217.02,780.0,12,0.0818,1,22.43,0
39.0,23449.07,697.0,60,0.0526,4,1.9,1
40.0,292469.05,730.0,36,0.0505,2,17.66,0
61.0,62198.4,672.0,48,0.0507,2,50.14,0
40.0,105331.11,594.0,24,0.0484,2,1.42,1
25.0,36724.53,676.0,36,0.02,4,30.55,0
56.0,73712.65,598.0,48,0.0777,12,33.73,0
42.0,114747.53,591.0,36,0.0389,12,56.91,0
45.0,116372.6,821.0,60,0.0438,4,5.51,1
69.0,129932.89,658.0,60,0.0616,1,28.28,0
45.0,41426.14,626.0,12,0.085,1,8.17,1
49.0,37035.8,850.0,60,0.0483,4,34.58,1
27.0,12158.98,781.0,48,0.054,1,46.67,0
42.0,101034.67,663.0,60,0.078,1,0.96,1
54.0,176730.05,743.0,48,0.0613,2,9.34,0
22.0,301336.14,676.0,36,0.0594,4,24.37,0
48.0,81240.78,631.0,12,0.02,2,5.47,0
47.0,27820.27,747.0,12,0.044,12,9.02,0
46.0,10969.83,668.0,60,0.0534,12,13.59,0
61.0,169679.52,708.0,24,0.0532,12,20.02,0
50.0,9934.05,802.0,60,0.0683,12,9.67,1
67.0,42590.9,791.0,24,0.0255,1,43.24,0
30.0,47843.63,645.0,60,0.0295,1,1.39,0
47.0,55856.71,749.0,48,0.0694,2,52.32,0
46.0,62056.63,587.0,48,0.0718,4,28.55,1
29.0,68744.19,745.0,24,0.0293,1,12.09,1
59.0,5348.85,715.0,12,0.0554,4,6.93,1
80.0,60758.11,738.0,24,0.0451,2,0.93,1
45.0,6440.91,670.0,36,0.0371,12,31.34,0
53.0,124519.56,850.0,12,0.026,1,39.88,0
46.0,34367.78,610.0,24,0.0321,12,0.45,1
34.0,6925.48,797.0,36,0.0336,2,8.15,1
18.0,26523.74,597.0,36,0.081,4,13.15,1
34.0,33857.8,750.0,60,0.0599,1,27.81,1
24.0,196948.91,758.0,24,0.0557,4,39.16,0
71.0,72884.97,705.0,48,0.0276,4,0.05,0
43.0,84494.77,650.0,60,0.0765,12,52.27,0
40.0,195091.05,714.0,12,0.0789,1,11.0,1
58.0,54385.66,727.0,48,0.0549,2,15.34,1
28.0,127285.51,850.0,36,0.0527,1,33.0,0
33.0,118641.44,613.0,12,0.0527,4,23.19,0
46.0,16539.89,644.0,60,0.0648,12,5.5,0
60.0,261184.83,728.0,36,0.0208,4,40.86,0
53.0,14468.05,674.0,36,0.0287,4,21.59,0
49.0,149846.49,690.0,36,0.034,1,40.92,1
46.0,13133.57,807.0,48,0.0406,4,51.44,0
51.0,109232.81,418.0,60,0.0561,1,4.17,1
48.0,385352.92,640.0,60,0.0704,1,27.46,0
30.0,48388.69,526.0,48,0.0686,4,5.44,1
46.0,46334.6,580.0,60,0.02,12,17.87,1
29.0,110242.75,850.0,36,0.0878,4,16.38,0
46.0,43070.93,760.0,36,0.0942,12,32.74,1
38.0,368899.2,795.0,36,0.0828,4,56.49,0
83.0,72561.68,692.0,60,0.0362,2,9.35,1
44.0,43470.18,776.0,24,0.0401,2,55.64,0
24.0,34881.59,523.0,12,0.02,2,19.52,0
43.0,23554.01,804.0,24,0.0557,4,19.04,0
53.0,31960.15,618.0,48,0.0554,4,43.4,0
70.0,42164.19,647.0,24,0.0427,12,26.66,0
36.0,36767.18,751.0,24,0.0317,2,16.57,0
21.0,31002.55,732.0,48,0.0544,1,0.4,1
57.0,488376.17,708.0,24,0.0466,2,0.41,1
24.0,21373.45,564.0,12,0.0578,2,5.39,1
38.0,69329.97,710.0,60,0.0812,1,47.49,0
41.0,108284.9,796.0,48,0.0634,2,24.77,0
44.0,112432.46,647.0,24,0.0549,2,39.21,1
55.0,56465.94,831.0,36,0.054,12,53.44,0
35.0,47065.59,613.0,36,0.0292,2,2.15,0
41.0,94046.77,701.0,48,0.049,1,19.59,1
45.0,78160.65,850.0,36,0.0562,1,4.44,0
47.0,46214.14,632.0,12,0.0684,2,14.27,0
46.0,12558.1,805.0,24,0.0634,4,55.54,0
52.0,37499.25,850.0,12,0.0448,2,53.76,0
58.0,19023.87,717.0,12,0.0775,1,3.37,0
51.0,30725.26,647.0,60,0.02,1,2.15,0
52.0,61896.77,623.0,24,0.0614,1,23.38,1
21.0,85710.97,830.0,48,0.0309,4,14.15,0
46.0,355205.85,828.0,36,0.0806,4,0.13,0
52.0,34982.16,845.0,60,0.0698,4,46.24,1
56.0,129913.7,697.0,12,0.0206,2,23.06,0
35.0,81304.77,804.0,36,0.0299,1,25.03,0
35.0,218818.45,695.0,24,0.02,2,6.55,0
36.0,106534.99,612.0,12,0.0652,2,3.45,1
53.0,21840.44,812.0,12,0.059,4,17.03,1
61.0,10688.82,850.0,24,0.0682,2,17.98,0
39.0,81736.97,598.0,48,0.02,12,49.67,0
59.0,35296.85,596.0,60,0.0336,4,17.02,1
47.0,22464.38,704.0,24,0.0647,4,14.29,1
43.0,16855.33,796.0,36,0.0755,1,6.1,1
42.0,70331.53,587.0,36,0.043,12,6.71,0
56.0,270413.54,723.0,12,0.0557,12,4.07,1
50.0,39788.28,641.0,60,0.0657,12,12.17,1
79.0,108041.46,770.0,48,0.0809,1,22.95,0
32.0,54053.72,620.0,48,0.02,2,7.68,1
53.0,16491.79,777.0,36,0.0458,2,18.43,1
37.0,124842.89,684.0,48,0.02,1,45.76,1
32.0,20036.44,606.0,36,0.0592,2,15.59,1
45.0,61183.12,706.0,60,0.021,12,30.07,0
47.0,42551.89,506.0,12,0.05,1,21.34,1
85.0,146250.68,644.0,36,0.0523,12,40.81,1
42.0,20782.14,734.0,60,0.0338,12,28.29,0
28.0,88509.92,523.0,36,0.07,1,4.91,0
49.0,25853.53,443.0,24,0.0547,4,12.68,1
18.0,35914.44,466.0,36,0.0509,1,32.37,1
44.0,1579.4,833.0,60,0.0361,1,17.82,0
45.0,485094.29,692.0,48,0.0461,4,3.67,1
57.0,103834.85,647.0,36,0.0318,4,4.37,0
60.0,27796.14,795.0,12,0.0437,12,11.89,1
37.0,19444.98,660.0,60,0.0502,4,23.54,1
43.0,36473.86,727.0,48,0.1019,4,13.54,1
34.0,122624.18,703.0,60,0.0485,12,9.23,0
28.0,9026.46,653.0,36,0.0358,12,20.62,0
50.0,51969.67,729.0,24,0.0243,12,14.93,1
26.0,351738.0,777.0,24,0.0628,12,30.82,0
39.0,19265.16,682.0,12,0.0291,1,12.07,0
30.0,64885.86,654.0,12,0.0576,12,5.08,1
53.0,542156.41,666.0,48,0.0777,1,9.13,1
72.0,112662.47,470.0,24,0.0652,12,5.44,1
25.0,67909.0,728.0,36,0.0313,1,1.0,0
18.0,99373.07,579.0,60,0.0548,1,55.4,0
43.0,40100.12,763.0,60,0.0758,1,5.52,1
45.0,219615.0,691.0,24,0.0568,1,45.79,0
48.0,40161.74,711.0,24,0.0459,4,18.85,0
38.0,8440.68,770.0,60,0.0679,1,47.81,1
42.0,40485.41,607.0,48,0.0601,4,20.64,1
51.0,22771.51,737.0,60,0.0527,4,2.83,0
61.0,45197.9,727.0,12,0.0636,1,2.44,0
18.0,46208.36,682.0,36,0.0558,12,21.66,0
39.0,198277.57,607.0,24,0.0408,4,3.11,0
48.0,120005.48,760.0,24,0.0539,1,2.6,0
31.0,77906.56,770.0,48,0.0448,2,22.66,0
71.0,59698.05,711.0,12,0.073,4,2.2,1
35.0,20767.45,593.0,60,0.0446,12,10.39,1
44.0,6760.31,647.0,12,0.0446,2,24.21,0
53.0,67047.73,694.0,12,0.0664,4,5.14,0
36.0,132540.19,769.0,48,0.0453,1,36.36,0
18.0,53726.74,542.0,48,0.0519,1,20.87,0
39.0,35071.55,644.0,60,0.0432,1,16.62,1
60.0,95273.04,660.0,60,0.0344,1,9.42,1
40.0,55086.93,692.0,36,0.044,12,12.14,1
32.0,323108.74,570.0,12,0.0377,12,28.3,1
59.0,205402.83,678.0,60,0.1049,4,17.71,0
40.0,156296.18,669.0,48,0.0445,1,10.98,1
37.0,127737.69,596.0,36,0.0405,2,35.22,1
47.0,16478.84,688.0,36,0.0673,4,14.95,0
57.0,116191.35,646.0,48,0.0663,2,22.08,1
81.0,87231.95,750.0,60,0.0319,1,19.85,1
57.0,109800.98,611.0,48,0.0546,1,13.68,1
62.0,97988.9,709.0,60,0.0447,1,1.9,0
37.0,94161.12,619.0,48,0.0557,4,0.09,0
30.0,891683.45,640.0,48,0.0447,2,45.23,0
46.0,55482.02,730.0,24,0.02,1,27.22,0
47.0,152716.32,723.0,60,0.061,1,24.66,1
29.0,37384.45,658.0,12,0.059,1,3.71,1
42.0,132011.14,673.0,24,0.0253,4,6.67,1
51.0,153172.48,555.0,24,0.0699,4,0.86,1
50.0,86200.05,840.0,24,0.0699,1,11.34,0
53.0,317822.06,769.0,24,0.074,2,24.96,1
49.0,24728.8,765.0,12,0.02,1,10.93,0
37.0,36782.56,540.0,24,0.0669,4,2.88,1
37.0,74041.43,640.0,12,0.0331,1,12.49,1
27.0,144467.07,667.0,12,0.0256,12,46.0,1
72.0,71641.48,507.0,24,0.0397,2,12.62,0
45.0,216589.48,789.0,36,0.0454,12,4.97,1
42.0,30893.78,845.0,12,0.0397,4,19.9,1
31.0,19137.82,850.0,24,0.0737,12,46.15,1
85.0,81481.26,595.0,48,0.0293,2,11.32,1
29.0,55426.87,712.0,48,0.0694,2,3.79,0
39.0,103039.09,832.0,60,0.0414,12,37.63,0
51.0,58255.73,675.0,12,0.0519,1,26.4,0
54.0,42615.79,643.0,12,0.0444,12,16.76,0
59.0,55551.31,513.0,48,0.0338,4,9.3,1
72.0,61626.6,813.0,12,0.0334,12,17.67,1
53.0,44135.45,698.0,12,0.0238,12,19.03,1
29.0,48867.51,627.0,48,0.022,4,6.08,0
41.0,39990.88,728.0,24,0.0465,12,3.22,1
50.0,141021.14,715.0,48,0.0775,12,55.08,0
76.0,72694.5,717.0,36,0.0276,4,5.27,1
24.0,571918.9,678.0,48,0.0535,12,42.38,0
63.0,70312.48,850.0,48,0.047,12,20.85,0
48.0,34514.77,687.0,24,0.0758,2,14.48,0
58.0,865164.88,850.0,48,0.0595,4,26.73,0
43.0,90547.19,756.0,48,0.037,2,20.45,0
32.0,161155.46,735.0,24,0.0262,4,25.06,1
56.0,108239.65,689.0,48,0.02,1,9.89,0
55.0,111637.36,797.0,24,0.0348,2,24.65,1
60.0,102298.88,711.0,36,0.0932,1,19.57,1
45.0,19888.87,607.0,24,0.0383,12,3.14,1
36.0,86467.95,603.0,12,0.02,1,20.55,0
22.0,15916.93,742.0,12,0.02,12,43.42,0
57.0,50293.8,609.0,24,0.0817,1,21.6,1
51.0,28980.62,694.0,48,0.0411,12,12.22,1
31.0,85602.54,806.0,60,0.0581,12,19.95,0
37.0,83627.38,730.0,60,0.0562,1,4.81,0
38.0,96872.01,628.0,36,0.0374,2,26.08,0
23.0,79801.42,841.0,36,0.0405,4,14.87,0
33.0,32636.11,755.0,60,0.0312,2,1.17,0
28.0,46119.75,802.0,60,0.02,1,14.0,0
39.0,150301.14,473.0,24,0.0705,12,14.09,0
34.0,174182.12,733.0,60,0.066,1,18.13,0
21.0,19019.44,784.0,12,0.0496,4,12.16,1
75.0,12952.87,850.0,36,0.0515,1,38.1,1
64.0,28943.78,554.0,36,0.0697,2,1.92,0
33.0,170281.39,821.0,12,0.02,12,14.29,0
49.0,201770.06,850.0,36,0.0604,2,26.54,0
51.0,23748.82,498.0,60,0.0706,12,14.67,1
63.0,81414.56,748.0,36,0.0878,2,4.52,1
33.0,374906.27,762.0,12,0.0685,2,1.42,1
61.0,90699.89,667.0,36,0.0819,1,34.16,0
37.0,248079.19,651.0,60,0.0456,4,25.16,0
25.0,162547.67,767.0,24,0.0503,2,29.15,0
56.0,24096.0,639.0,60,0.0339,1,4.71,1
64.0,49514.39,678.0,36,0.0378,12,12.6,0
84.0,61991.62,781.0,48,0.0689,12,12.74,0
27.0,66445.24,850.0,36,0.0587,2,47.09,1
55.0,149691.08,754.0,36,0.0606,12,11.61,0
39.0,90100.84,713.0,12,0.02,4,54.22,1
57.0,3177.34,648.0,48,0.06,1,26.96,0
23.0,16109.42,599.0,12,0.0774,2,6.27,1
26.0,6718.49,811.0,12,0.059,4,36.66,0
33.0,71350.9,685.0,60,0.0308,1,18.37,0
46.0,76152.08,815.0,24,0.0493,1,19.25,1
35.0,79477.16,667.0,36,0.0785,2,36.5,0
55.0,22949.97,635.0,48,0.0563,12,27.37,1
60.0,117494.17,742.0,36,0.0754,1,28.76,1
54.0,122548.54,692.0,12,0.0884,1,2.34,0
69.0,17066.13,579.0,24,0.0464,12,1.87,0
51.0,13821.24,850.0,12,0.0288,12,18.46,0
27.0,59866.26,637.0,36,0.0401,2,22.76,1
65.0,359253.04,793.0,60,0.0887,2,15.99,0
36.0,327663.6,784.0,36,0.0669,1,9.9,1
59.0,105177.47,574.0,12,0.055,12,12.09,0
69.0,28853.98,600.0,48,0.0717,2,18.46,1
52.0,145341.68,670.0,48,0.0412,2,7.96,1
23.0,38085.0,613.0,48,0.0437,12,54.15,0
31.0,27791.71,850.0,48,0.0361,12,21.3,0
65.0,7016.59,680.0,48,0.0936,1,11.53,1
42.0,66328.98,789.0,24,0.0539,12,18.61,1
46.0,31892.71,751.0,24,0.0481,2,26.23,1
56.0,65935.38,726.0,60,0.0545,12,5.68,1
55.0,6006.77,704.0,48,0.0483,4,25.49,0
49.0,70956.81,824.0,12,0.033,1,20.69,1
42.0,5265.22,617.0,12,0.0717,12,21.6,0
40.0,177715.68,850.0,36,0.02,1,15.32,0
58.0,100900.61,571.0,48,0.0543,12,44.26,0
53.0,45312.36,778.0,12,0.0628,4,4.33,1
41.0,105105.5,559.0,60,0.02,2,18.67,1
61.0,22514.75,668.0,12,0.0593,2,32.12,1
43.0,64368.23,709.0,60,0.0411,2,55.23,0
32.0,132557.8,651.0,48,0.02,1,10.19,1
34.0,2712.73,682.0,36,0.0538,2,30.3,0
30.0,38283.55,561.0,36,0.0686,2,2.42,1
41.0,58533.58,601.0,24,0.1122,1,17.22,1
64.0,49202.83,750.0,48,0.0422,1,3.61,1
33.0,257069.52,703.0,12,0.0599,2,7.54,1
48.0,19459.66,631.0,36,0.0686,12,49.4,1
35.0,32171.65,832.0,60,0.0528,4,1.24,1
41.0,8814.3,578.0,60,0.0646,1,26.99,1
22.0,271111.82,664.0,12,0.0415,4,6.01,1
42.0,46803.34,649.0,12,0.0464,4,8.93,0
42.0,38622.53,762.0,48,0.0249,1,47.82,0
53.0,56812.82,705.0,12,0.0425,4,49.09,0
48.0,113123.55,689.0,12,0.02,12,53.84,0
27.0,84741.73,516.0,12,0.02,2,42.13,1
61.0,845669.76,787.0,36,0.0677,12,24.88,1
48.0,94271.66,678.0,48,0.0241,4,25.93,1
48.0,37599.82,712.0,12,0.0687,2,4.38,0
45.0,34154.28,625.0,12,0.0468,1,18.69,1
37.0,40426.51,609.0,60,0.0469,12,0.11,1
48.0,13335.21,850.0,36,0.0352,2,7.19,1
52.0,62309.19,523.0,12,0.0494,1,18.51,0
19.0,131067.55,595.0,36,0.0808,12,17.29,1
37.0,32423.42,848.0,48,0.0355,12,25.43,0
41.0,26705.37,764.0,48,0.0431,12,24.18,1
49.0,272650.26,667.0,24,0.0658,12,4.05,1
63.0,14378.9,825.0,60,0.0269,4,21.77,1
33.0,7571.77,745.0,24,0.025,1,7.86,0
38.0,18903.42,723.0,36,0.049,2,9.8,0
37.0,12830.33,723.0,60,0.074,1,38.75,1
33.0,88099.85,747.0,12,0.0483,4,2.01,0
40.0,41743.35,751.0,60,0.0445,4,26.31,0
57.0,48065.16,850.0,60,0.0493,2,43.8,0
29.0,189649.74,681.0,48,0.0482,2,8.06,1
51.0,29991.38,684.0,24,0.0371,1,39.04,0
19.0,129973.96,576.0,48,0.0686,12,10.4,1
37.0,271392.88,695.0,48,0.0545,2,9.18,1
40.0,37961.87,850.0,24,0.0398,1,13.46,0
70.0,125119.29,798.0,48,0.0513,2,28.73,1
41.0,47013.12,646.0,60,0.0435,4,33.53,0
18.0,150858.58,703.0,36,0.0216,4,27.54,0
18.0,12437.99,570.0,12,0.0934,12,5.28,1
46.0,11550.54,603.0,12,0.0526,12,25.49,1
54.0,40486.84,715.0,48,0.03,12,7.65,1
51.0,24614.11,651.0,24,0.0271,12,25.34,1
48.0,35713.74,596.0,60,0.0203,2,4.59,0
62.0,48072.88,749.0,48,0.0353,1,32.87,0
37.0,123009.09,692.0,60,0.0263,4,9.6,0
58.0,39828.56,543.0,60,0.0456,1,0.86,1
21.0,26268.84,492.0,12,0.0828,4,28.94,0
31.0,42128.79,643.0,36,0.036,2,26.98,1
18.0,27746.22,541.0,36,0.1153,2,12.54,0
41.0,23529.13,513.0,24,0.0631,12,7.7,1
44.0,11932.05,813.0,36,0.0939,2,1.36,1
47.0,64182.0,690.0,48,0.0241,4,45.39,0
46.0,33904.2,673.0,12,0.036,12,11.88,1
31.0,157358.0,681.0,12,0.0371,2,47.64,0
42.0,14081.31,586.0,60,0.0485,2,2.67,1
23.0,34818.93,741.0,48,0.0636,2,29.54,1
65.0,366922.97,687.0,48,0.02,1,40.13,0
40.0,23397.64,624.0,60,0.0674,2,10.48,1
38.0,47262.23,639.0,60,0.036,1,6.05,0
69.0,17750.27,577.0,12,0.0865,12,24.61,1
26.0,15546.22,659.0,48,0.0571,1,11.55,1
28.0,281337.69,676.0,36,0.0751,4,29.26,0
29.0,71042.92,657.0,36,0.0409,2,8.11,0
44.0,68437.68,706.0,12,0.061,12,11.67,1
51.0,10978.39,692.0,36,0.0406,4,24.62,0
56.0,85711.42,723.0,36,0.0622,2,8.24,0
84.0,190502.76,794.0,48,0.0548,1,8.31,1
18.0,188995.23,759.0,48,0.0807,4,14.24,1
54.0,116813.42,795.0,24,0.0688,1,19.03,0
37.0,19351.29,615.0,48,0.0595,2,59.92,0
36.0,81889.28,649.0,24,0.0538,4,17.45,0
36.0,116726.04,765.0,48,0.0515,2,5.95,0
31.0,9952.27,767.0,60,0.0202,4,9.82,1
70.0,19510.74,632.0,48,0.0274,2,7.26,0
58.0,145532.88,761.0,24,0.0319,1,2.86,0
45.0,143780.88,606.0,36,0.0832,12,7.16,1
65.0,12726.19,748.0,48,0.0393,1,24.48,1
22.0,132590.6,697.0,36,0.041,12,34.23,0
25.0,65861.11,562.0,36,0.0622,4,2.18,1
18.0,130745.63,657.0,48,0.0316,2,5.86,1
35.0,31744.62,850.0,48,0.0782,2,4.56,0
47.0,114140.28,720.0,60,0.02,1,2.3,1
47.0,139222.52,850.0,24,0.0747,12,17.87,0
47.0,42136.31,556.0,48,0.0871,12,7.42,1
24.0,60946.55,775.0,36,0.0569,4,30.3,0
57.0,31303.29,447.0,36,0.0361,2,43.82,1
49.0,312274.83,700.0,48,0.069,12,17.92,0
56.0,53089.16,763.0,24,0.0351,12,26.78,0
18.0,23812.73,784.0,36,0.0922,2,1.55,0
50.0,29265.78,620.0,60,0.0613,1,27.78,1
27.0,67966.53,804.0,36,0.0317,2,9.6,0
39.0,127176.5,647.0,24,0.0666,12,56.05,1
53.0,15743.35,684.0,12,0.0293,1,11.76,1
46.0,379898.73,657.0,60,0.0342,4,4.87,1
32.0,81525.84,586.0,60,0.0655,2,12.66,1
45.0,95459.37,850.0,12,0.036,2,10.11,1
22.0,54328.84,705.0,60,0.0525,1,7.21,0
62.0,61038.43,809.0,60,0.0616,12,6.25,0
42.0,51622.7,804.0,60,0.0365,1,12.4,1
62.0,165677.1,603.0,36,0.0391,2,21.45,0
37.0,59401.3,822.0,36,0.0844,1,23.38,1
37.0,128933.26,750.0,48,0.0636,1,10.07,0
34.0,38799.11,596.0,48,0.0498,4,2.41,1
58.0,72812.33,745.0,36,0.0483,12,3.37,0
34.0,26797.92,598.0,60,0.0261,1,40.2,1
55.0,202102.09,850.0,24,0.0596,2,52.63,0
39.0,26010.43,781.0,12,0.0522,1,53.77,0
18.0,43261.59,693.0,48,0.0683,12,25.48,0
36.0,43697.21,826.0,60,0.02,12,7.81,0
27.0,42026.2,542.0,48,0.046,2,11.22,1
46.0,123314.81,625.0,24,0.0483,12,12.22,1
27.0,43623.11,675.0,60,0.0568,2,16.14,0
59.0,241330.96,850.0,36,0.0547,12,40.02,0
44.0,26410.71,593.0,24,0.0605,1,1.13,0
42.0,70924.94,529.0,48,0.0461,2,9.37,1
55.0,27562.57,556.0,60,0.025,12,13.06,0
59.0,91214.83,791.0,60,0.0208,4,29.76,1
45.0,58926.74,641.0,12,0.0488,4,3.26,1
33.0,51273.94,684.0,12,0.11,2,22.53,0
18.0,196511.25,776.0,12,0.0617,4,44.24,0
35.0,31121.62,684.0,36,0.1008,1,18.78,0
36.0,107636.51,720.0,60,0.0639,1,42.91,0
47.0,27751.36,754.0,60,0.0289,12,6.1,1
40.0,67015.9,657.0,48,0.0474,1,30.92,1
55.0,18113.72,683.0,36,0.1007,2,16.04,1
36.0,30868.23,724.0,12,0.0655,1,22.37,1
44.0,55152.48,787.0,60,0.0649,12,6.94,1
63.0,367562.69,621.0,12,0.0362,1,16.31,1
50.0,66224.37,398.0,24,0.0501,12,16.81,1
44.0,313222.26,768.0,36,0.0286,2,15.32,1
36.0,74631.9,793.0,12,0.0413,4,48.61,0
36.0,40656.57,720.0,36,0.0532,1,0.23,0
32.0,279108.68,727.0,60,0.0377,12,7.89,1
37.0,92690.16,644.0,24,0.0691,2,23.2,0
56.0,31485.37,750.0,48,0.0384,4,16.71,0
42.0,95853.04,785.0,24,0.0564,4,9.05,0
25.0,44685.54,706.0,36,0.0698,4,4.29,0
72.0,8192.43,850.0,24,0.0915,1,7.58,1
50.0,152660.71,544.0,60,0.0573,4,4.33,1
24.0,178962.95,716.0,36,0.0295,4,4.9,1
38.0,376224.77,583.0,36,0.0497,4,25.26,0
47.0,91321.7,788.0,60,0.0892,1,12.16,1
71.0,46689.59,542.0,12,0.069,2,9.53,1
28.0,137997.3,567.0,48,0.0539,4,6.94,1
60.0,140059.19,637.0,24,0.0615,2,3.92,1
66.0,308131.27,727.0,48,0.0556,4,23.99,1
36.0,57260.85,640.0,48,0.0245,4,25.75,0
41.0,50737.52,641.0,60,0.0541,1,3.37,0
29.0,29274.02,682.0,12,0.0361,4,20.42,0
42.0,102484.01,676.0,48,0.0391,12,50.81,1
44.0,12730.28,849.0,36,0.0443,4,8.0,1
55.0,130103.74,769.0,12,0.02,2,1.78,0
61.0,107778.68,668.0,60,0.0466,12,25.82,1
34.0,107481.09,850.0,48,0.02,1,3.94,1
18.0,68749.53,749.0,60,0.0667,12,39.34,1
45.0,277334.11,603.0,24,0.02,12,23.04,0
49.0,143199.42,726.0,60,0.02,12,26.04,1
49.0,32627.89,754.0,36,0.02,12,36.64,0
40.0,33217.13,631.0,60,0.0562,12,1.8,1
47.0,24842.87,595.0,12,0.0499,2,56.95,0
68.0,103910.3,709.0,24,0.0841,12,6.29,0
51.0,22023.41,664.0,36,0.0586,2,1.18,1
39.0,176909.25,848.0,24,0.02,2,15.92,0
37.0,224801.55,774.0,36,0.0332,2,32.11,0
42.0,24859.21,636.0,24,0.0539,1,14.47,0
70.0,49734.37,743.0,48,0.0566,12,6.88,1
42.0,60877.63,827.0,60,0.02,4,2.64,1
45.0,144926.67,561.0,12,0.068,1,10.26,0
38.0,299342.41,598.0,12,0.0327,4,9.1,0
61.0,11097.86,699.0,48,0.0331,12,3.29,1
74.0,43556.72,704.0,24,0.0715,12,2.71,0
52.0,45889.12,695.0,60,0.0502,4,2.85,1
46.0,14754.89,669.0,48,0.0568,2,14.92,0
46.0,36860.29,667.0,24,0.0606,12,32.78,1
18.0,91836.85,738.0,60,0.02,4,10.79,0
56.0,45311.72,813.0,24,0.055,1,4.73,0
47.0,12776.7,652.0,12,0.0885,4,24.15,0
51.0,1060321.47,850.0,60,0.0458,1,14.72,0
34.0,78133.79,850.0,12,0.0575,1,22.17,1
39.0,66949.52,833.0,12,0.1008,12,31.22,0
39.0,19971.74,762.0,60,0.0809,1,5.42,1
60.0,77707.43,850.0,48,0.0412,12,46.7,0
39.0,50806.84,671.0,24,0.0598,4,34.66,1
76.0,9058.66,617.0,60,0.0651,2,0.58,0
51.0,20532.1,647.0,12,0.0932,1,10.98,1
26.0,132577.95,600.0,24,0.0317,12,17.53,1
43.0,418326.56,712.0,60,0.1114,2,10.46,0
35.0,86436.51,730.0,48,0.0558,1,24.39,1
18.0,180427.31,720.0,60,0.0437,4,31.73,1
69.0,51238.41,699.0,60,0.0624,1,17.64,0
56.0,54910.17,713.0,36,0.0427,4,2.31,0
53.0,178256.54,850.0,24,0.0433,4,31.81,1
47.0,315772.5,762.0,60,0.0386,4,12.3,0
24.0,219937.06,792.0,12,0.0391,4,45.63,1
38.0,20612.17,719.0,12,0.02,12,16.66,1
58.0,55996.31,538.0,36,0.02,12,47.88,1
29.0,79025.41,519.0,12,0.0339,12,2.91,1
18.0,46180.92,850.0,60,0.0554,2,23.76,0
42.0,88243.7,647.0,24,0.0355,4,41.25,1
43.0,136022.67,638.0,36,0.0923,1,1.67,0
47.0,163212.74,725.0,36,0.0628,2,8.9,1
56.0,323149.44,755.0,48,0.0366,2,15.07,1
55.0,43069.01,768.0,48,0.0861,2,25.67,0
49.0,15305.49,850.0,24,0.0457,2,39.52,0
63.0,85668.0,850.0,24,0.0455,1,7.63,1
22.0,393883.73,619.0,36,0.0628,4,4.64,0
53.0,37161.34,797.0,60,0.0485,1,50.09,0
54.0,118996.22,662.0,60,0.052,4,17.78,0
26.0,120059.87,686.0,48,0.0634,2,11.74,0
22.0,72507.27,591.0,24,0.0272,2,11.99,0
34.0,60290.19,531.0,24,0.0479,12,49.35,0
35.0,23779.3,697.0,60,0.0312,12,3.94,0
56.0,6114.01,604.0,48,0.057,2,12.28,1
36.0,19695.58,793.0,60,0.0218,2,11.66,0
32.0,40525.87,672.0,60,0.0815,4,3.22,1
36.0,179408.87,731.0,36,0.0382,2,47.94,0
62.0,54007.16,837.0,24,0.0433,4,2.75,1
45.0,35631.11,551.0,36,0.0477,2,36.89,0
42.0,24563.44,628.0,36,0.0307,1,37.41,0
43.0,115474.6,718.0,60,0.0546,2,14.56,1
64.0,232898.3,731.0,48,0.0722,4,13.14,0
34.0,173413.76,810.0,60,0.0434,4,39.21,0
65.0,109770.79,787.0,48,0.0415,1,46.45,0
48.0,13689.54,710.0,24,0.0629,4,2.46,1
43.0,42122.01,730.0,12,0.0617,12,4.76,0
83.0,419703.68,733.0,24,0.0525,1,15.82,1
29.0,183863.79,553.0,60,0.0743,2,10.16,1
40.0,12867.97,684.0,48,0.0583,2,9.84,1
27.0,56636.53,725.0,12,0.0855,2,39.57,0
59.0,86085.69,746.0,48,0.0439,4,9.47,1
70.0,27940.75,608.0,48,0.0271,2,33.5,1
70.0,5947.91,573.0,12,0.0778,2,9.65,0
63.0,66093.39,677.0,12,0.02,2,11.72,1
42.0,27234.55,850.0,24,0.0331,12,37.74,0
40.0,27341.43,618.0,36,0.0303,12,20.74,1
20.0,41995.58,817.0,12,0.0512,12,1.3,1
76.0,52382.3,850.0,36,0.0485,2,45.7,0
52.0,59332.78,705.0,36,0.0743,2,13.0,1
38.0,24735.88,632.0,36,0.0513,4,39.43,0
65.0,48040.06,751.0,36,0.0385,4,32.8,1
30.0,10327.61,719.0,12,0.0444,4,46.89,0
51.0,81718.78,614.0,48,0.0312,4,12.63,0
42.0,3441.71,634.0,12,0.0632,2,6.71,1
55.0,44824.49,745.0,12,0.0798,4,0.63,1
44.0,150119.38,793.0,60,0.0542,1,42.3,0
23.0,20757.43,668.0,60,0.0496,2,14.67,0
46.0,122569.1,693.0,24,0.0593,2,8.58,1
61.0,190181.22,767.0,36,0.0409,1,46.25,0
45.0,2190.97,683.0,36,0.0472,4,22.68,0
57.0,51463.96,670.0,60,0.0467,1,16.9,1
29.0,3375.26,624.0,48,0.0641,4,6.44,1
45.0,53198.82,623.0,24,0.0423,1,10.35,0
36.0,59446.31,850.0,48,0.02,2,11.12,0
56.0,5001.31,680.0,60,0.0273,4,17.13,0
45.0,410379.8,837.0,48,0.0961,4,54.04,0
55.0,79699.28,850.0,36,0.0467,4,1.24,1
61.0,25616.11,682.0,60,0.06,2,27.69,0
55.0,259206.27,737.0,48,0.0483,4,25.37,0
49.0,9940.64,710.0,24,0.0485,1,8.75,1
30.0,17515.28,539.0,24,0.0277,4,22.58,0
45.0,6006.18,545.0,12,0.0841,4,47.73,1
37.0,362596.24,705.0,60,0.035,2,8.38,1
40.0,83478.67,658.0,60,0.0346,1,14.6,0
39.0,115774.75,850.0,60,0.0577,1,25.85,0
30.0,80902.6,676.0,36,0.0733,1,21.84,1
18.0,106273.13,850.0,36,0.0445,4,14.5,0
35.0,64736.32,652.0,60,0.02,12,7.35,0
48.0,78505.29,850.0,48,0.02,12,50.48,0
25.0,66676.21,751.0,36,0.0809,4,30.94,0
45.0,32578.51,756.0,60,0.0515,2,14.57,0
74.0,57146.6,649.0,36,0.0766,2,10.37,1
60.0,78715.44,758.0,12,0.0547,4,15.97,1
70.0,66872.9,850.0,24,0.033,1,43.18,0
51.0,13660.01,686.0,12,0.0578,1,3.89,1
63.0,15599.8,666.0,60,0.0554,4,7.62,1
34.0,176811.85,675.0,24,0.06,1,6.62,0
35.0,44046.71,850.0,48,0.0517,1,4.43,0
18.0,107444.03,786.0,60,0.0404,12,6.48,0
63.0,20088.04,845.0,48,0.0729,12,20.75,0
68.0,13723.35,731.0,48,0.0487,4,0.99,1
37.0,25755.5,704.0,36,0.0547,12,13.47,1
41.0,47927.03,742.0,36,0.0304,12,1.36,0
34.0,30787.37,807.0,24,0.0284,2,37.94,0
51.0,218367.24,675.0,24,0.0339,4,30.67,0
62.0,71648.2,837.0,36,0.0283,2,8.74,0
19.0,380384.79,737.0,24,0.02,12,56.92,0
51.0,89716.34,459.0,12,0.0375,12,15.21,1
41.0,5363.91,788.0,60,0.0805,1,13.25,0
47.0,172136.25,573.0,12,0.0416,2,17.52,0
52.0,13232.73,786.0,60,0.0248,2,12.0,0
42.0,75397.82,790.0,36,0.0642,4,18.51,0
43.0,27592.96,733.0,12,0.0476,1,13.68,0
42.0,510278.04,754.0,48,0.0425,1,15.47,0
60.0,252608.95,810.0,12,0.026,1,21.14,1
51.0,28514.82,650.0,24,0.0501,12,20.25,0
48.0,52714.32,779.0,12,0.0507,12,15.14,1
26.0,76465.74,816.0,36,0.0561,12,1.84,0
39.0,141976.11,850.0,36,0.0515,2,44.49,0
58.0,61645.28,589.0,24,0.0472,2,32.61,1
46.0,21484.89,741.0,60,0.05,4,40.08,1
55.0,29215.11,604.0,24,0.0478,1,12.04,0
71.0,59606.4,600.0,60,0.0205,12,18.09,1
61.0,205758.2,736.0,36,0.0892,12,27.72,1
46.0,91843.18,708.0,36,0.062,1,3.96,1
37.0,27628.0,815.0,60,0.0529,12,32.37,0
18.0,114504.89,665.0,12,0.0454,12,47.96,0
42.0,40660.61,687.0,12,0.0466,2,1.71,0
40.0,145860.8,721.0,24,0.0558,2,0.78,1
51.0,749386.7,614.0,36,0.0781,12,11.79,0
43.0,41821.83,628.0,12,0.0362,12,26.12,1
40.0,133466.42,812.0,36,0.0554,2,0.91,0
18.0,28413.13,645.0,24,0.02,1,25.88,0
31.0,53516.01,818.0,48,0.0663,1,9.69,0
52.0,61670.58,761.0,36,0.0569,12,7.34,1
71.0,49331.41,545.0,48,0.0479,4,29.18,0
44.0,702930.77,753.0,36,0.02,4,4.27,0
50.0,44064.38,752.0,60,0.0385,12,16.99,1
59.0,107672.72,742.0,48,0.0312,1,28.81,0
33.0,8689.87,686.0,60,0.0317,4,17.98,0
51.0,92225.93,606.0,60,0.02,2,22.07,0
34.0,187597.61,835.0,24,0.0427,4,58.23,0
58.0,35326.99,690.0,24,0.0864,2,14.83,0
47.0,4864.79,612.0,12,0.0642,4,19.97,1
49.0,57604.05,746.0,48,0.0511,1,1.43,1
33.0,60911.9,626.0,12,0.061,12,6.95,1
56.0,123509.71,605.0,48,0.0938,12,1.22,1
76.0,447263.43,662.0,24,0.03,12,2.22,1
30.0,40943.42,633.0,24,0.0344,2,1.26,0
40.0,25430.69,609.0,24,0.0403,12,0.59,1
48.0,18640.32,781.0,48,0.0217,4,6.84,0
57.0,72990.07,689.0,24,0.0564,1,17.21,0
37.0,96698.61,825.0,12,0.0439,12,14.32,0
18.0,34694.78,615.0,60,0.0625,2,8.37,1
65.0,130441.84,527.0,48,0.0666,2,14.95,0
56.0,95357.1,715.0,60,0.0764,1,3.28,1
19.0,62519.37,850.0,12,0.0645,1,7.7,0
36.0,24284.3,753.0,36,0.0425,2,24.7,0
69.0,36980.12,850.0,24,0.0398,1,12.84,1
67.0,5272.42,733.0,12,0.0302,4,6.18,1
59.0,75794.96,724.0,36,0.0509,4,5.6,0
42.0,61472.26,484.0,48,0.0572,12,0.26,1
46.0,72292.74,743.0,12,0.0202,12,31.25,0
43.0,99143.05,717.0,48,0.0731,2,1.67,1
62.0,88064.21,659.0,60,0.0505,2,41.3,0
32.0,53616.75,686.0,60,0.0424,4,32.67,0
33.0,62860.17,693.0,48,0.0297,1,32.16,1
60.0,14701.19,682.0,60,0.0781,12,4.69,1
44.0,33398.94,850.0,60,0.0602,1,51.99,0
66.0,62973.61,663.0,24,0.0673,12,0.76,0
35.0,28685.48,717.0,48,0.0478,12,12.97,0
44.0,141513.56,660.0,48,0.0823,2,12.67,1
31.0,30988.39,778.0,36,0.0665,1,16.7,0
45.0,74332.64,718.0,24,0.0765,2,19.85,1
23.0,67276.46,672.0,12,0.0733,1,27.72,1
38.0,126282.61,507.0,24,0.0375,1,32.56,0
23.0,147383.18,724.0,12,0.0541,12,13.25,0
55.0,119854.36,669.0,48,0.0767,1,52.72,0
56.0,7288.07,694.0,24,0.0598,12,37.67,0
19.0,197629.26,582.0,36,0.0302,12,41.12,0
65.0,275766.07,843.0,60,0.0518,12,26.98,1
82.0,36970.51,786.0,12,0.0663,4,2.88,1
46.0,75860.16,843.0,60,0.0208,12,28.44,0
35.0,24567.22,815.0,48,0.0306,2,5.18,0
85.0,8532.36,759.0,48,0.0216,1,4.4,0
25.0,28603.51,586.0,48,0.0595,1,10.14,1
45.0,34886.7,850.0,60,0.0812,4,47.38,0
48.0,41988.43,607.0,48,0.02,4,3.15,0
65.0,22950.29,673.0,48,0.0542,4,50.55,0
50.0,28755.23,771.0,60,0.0373,2,16.88,0
38.0,59218.76,776.0,48,0.0842,12,39.3,0
31.0,27716.22,757.0,12,0.0544,4,24.18,1
40.0,103107.18,660.0,24,0.0671,4,18.62,1
30.0,118380.66,639.0,12,0.0778,1,34.77,0
46.0,647185.18,850.0,48,0.0535,1,6.79,0
37.0,184550.78,696.0,48,0.02,4,6.7,0
23.0,76351.51,684.0,48,0.0476,1,8.46,0
64.0,32200.45,629.0,48,0.0542,1,22.71,1
38.0,80317.86,724.0,60,0.0265,12,12.63,0
26.0,83000.01,720.0,24,0.02,4,9.18,0
42.0,35835.24,698.0,60,0.0224,4,40.67,1
46.0,131102.06,738.0,60,0.0766,12,0.26,0
19.0,14792.89,850.0,48,0.0266,4,30.17,1
50.0,46891.9,640.0,12,0.1061,4,11.88,1
29.0,104386.79,704.0,12,0.0786,12,39.73,0
71.0,44910.0,635.0,36,0.0683,12,4.38,1
53.0,48690.81,729.0,24,0.02,4,20.0,0
39.0,52167.46,643.0,36,0.0781,1,5.28,0
34.0,25962.25,647.0,60,0.0399,12,14.44,0
43.0,193668.06,554.0,36,0.02,12,5.95,0
54.0,21632.72,710.0,36,0.0551,2,9.86,1
45.0,82302.71,743.0,36,0.0591,1,28.63,1
42.0,90549.13,850.0,24,0.034,4,12.99,1
46.0,23187.72,747.0,12,0.038,2,19.52,0
36.0,64415.16,655.0,12,0.0464,2,54.38,0
40.0,24109.66,564.0,36,0.0459,2,33.85,1
18.0,240636.43,578.0,24,0.065,1,0.46,1
60.0,19172.21,570.0,12,0.0445,12,21.73,1
49.0,31135.47,850.0,48,0.0829,4,56.2,0
33.0,17602.13,729.0,12,0.0563,1,41.53,0
73.0,15402.75,642.0,12,0.02,2,22.76,1
46.0,293964.79,604.0,24,0.0731,1,16.89,1
29.0,103029.92,614.0,24,0.0332,4,38.81,1
58.0,68891.87,639.0,12,0.0728,1,2.31,1
51.0,31052.14,832.0,48,0.0568,2,59.72,0
51.0,148391.87,697.0,48,0.0337,2,55.1,0
39.0,26259.35,555.0,36,0.0416,12,22.72,0
52.0,132407.46,850.0,36,0.0591,1,52.52,0
41.0,25021.45,586.0,12,0.0554,4,28.88,1
53.0,31429.19,641.0,12,0.0691,12,0.88,1
18.0,127807.74,831.0,12,0.0587,12,28.86,0
38.0,142034.8,742.0,48,0.05,4,26.09,1
71.0,108822.45,653.0,60,0.0521,4,6.67,1
33.0,20959.05,577.0,36,0.0462,1,5.75,0
36.0,38302.6,603.0,36,0.0605,2,22.6,1
38.0,70045.39,609.0,60,0.0584,12,7.0,1
27.0,25609.51,701.0,12,0.0551,12,7.57,0
18.0,235852.71,719.0,36,0.096,1,30.29,0
42.0,5421.09,685.0,48,0.0576,2,29.42,1
47.0,27481.28,696.0,60,0.0746,1,8.71,1
44.0,35969.75,595.0,48,0.037,2,45.87,1
43.0,3484.42,729.0,12,0.0502,4,56.59,0
46.0,14820.56,828.0,36,0.02,1,34.22,1
60.0,111892.01,684.0,48,0.0518,4,2.61,1
42.0,61715.08,682.0,60,0.0377,1,27.21,0
36.0,288697.88,708.0,12,0.0359,4,35.1,0
41.0,280751.85,812.0,36,0.0543,2,31.02,0
54.0,92322.8,611.0,36,0.0419,2,5.92,0
66.0,81898.69,845.0,12,0.02,2,7.78,1
36.0,63954.75,742.0,12,0.0459,12,31.44,1
46.0,4208.74,703.0,12,0.1209,2,1.22,1
50.0,14845.33,821.0,48,0.0584,1,3.69,0
30.0,66215.87,582.0,24,0.0556,2,19.37,0
45.0,110860.25,752.0,36,0.0274,12,7.36,0
23.0,79991.03,743.0,48,0.0252,4,55.62,1
18.0,24527.13,606.0,60,0.0313,12,8.21,0
51.0,152879.65,746.0,36,0.0556,12,4.84,0
39.0,263667.48,728.0,24,0.0256,4,31.32,0
48.0,152968.85,682.0,60,0.0786,1,3.9,0
45.0,161070.8,786.0,36,0.0268,1,38.04,0
30.0,34227.14,643.0,24,0.0662,2,7.26,1
44.0,175594.76,727.0,12,0.0554,12,15.02,0
27.0,69269.41,687.0,24,0.0801,1,1.95,1
66.0,99863.1,639.0,36,0.0281,2,30.48,1
25.0,86286.79,750.0,24,0.1114,12,9.75,0
42.0,53024.69,679.0,36,0.0538,12,38.67,0
29.0,25336.4,553.0,36,0.0739,1,4.37,0
54.0,55152.83,520.0,24,0.0578,2,20.97,0
40.0,160614.38,779.0,24,0.0288,4,0.96,0
37.0,38504.26,578.0,60,0.0346,12,10.61,1
58.0,146290.15,728.0,60,0.0505,2,49.92,0
45.0,125125.27,705.0,48,0.0346,4,41.84,0
53.0,44403.01,663.0,36,0.053,4,0.6,1
30.0,240097.44,850.0,60,0.0676,1,10.96,0
24.0,41959.21,718.0,48,0.0756,4,11.09,1
47.0,270911.33,776.0,36,0.0834,12,28.08,1
40.0,92422.62,728.0,48,0.0491,12,8.19,1
54.0,58931.68,677.0,60,0.0415,2,40.33,0
44.0,24641.78,698.0,48,0.02,12,27.88,1
48.0,54816.13,846.0,24,0.02,1,12.6,1
21.0,48836.85,809.0,48,0.0481,1,24.34,0
73.0,17012.5,850.0,12,0.075,12,29.05,1
43.0,48164.84,722.0,12,0.0524,2,23.39,0
55.0,26801.06,612.0,48,0.0583,1,38.74,0
32.0,107580.19,656.0,12,0.0296,2,45.62,0
50.0,221080.13,581.0,48,0.0411,12,29.68,1
25.0,17554.83,777.0,48,0.0734,4,13.47,1
52.0,331806.66,641.0,48,0.0589,1,19.27,1
40.0,52651.45,394.0,12,0.0407,4,19.65,1
45.0,22583.59,850.0,36,0.0634,1,14.09,0
55.0,127740.33,643.0,48,0.0524,12,0.49,0
27.0,38313.04,642.0,48,0.0717,2,5.96,0
35.0,55174.89,850.0,24,0.0597,2,2.07,0
52.0,39963.5,579.0,24,0.0434,2,17.05,1
76.0,26456.63,814.0,60,0.0455,12,5.01,1
43.0,123500.07,641.0,12,0.0226,2,51.96,0
54.0,44967.65,568.0,36,0.02,1,7.5,0
43.0,14233.42,850.0,48,0.0411,4,11.11,0
74.0,103887.11,792.0,48,0.0771,12,18.82,1
19.0,17933.35,792.0,12,0.0586,4,28.15,0
46.0,18896.65,737.0,60,0.0442,1,59.6,0
21.0,197324.77,760.0,60,0.0632,1,11.2,1
18.0,18099.87,577.0,24,0.0723,4,16.22,0
49.0,5905.0,711.0,12,0.0378,4,43.29,0
47.0,111620.67,607.0,60,0.0379,1,1.02,1
41.0,44184.82,561.0,60,0.1138,1,40.89,0
43.0,48162.93,741.0,36,0.0322,1,2.19,0
85.0,43717.32,816.0,24,0.039,1,11.98,0
41.0,75483.54,662.0,24,0.0428,1,3.92,1
53.0,28205.74,679.0,24,0.03,4,5.88,1
35.0,262003.95,586.0,60,0.02,4,33.2,0
49.0,13681.09,701.0,48,0.0518,12,15.57,0
41.0,93421.32,776.0,60,0.0374,2,58.71,0
39.0,113791.26,779.0,60,0.0589,2,24.63,0
72.0,28010.88,755.0,12,0.0333,4,23.84,1
63.0,21509.84,638.0,24,0.0752,4,7.52,1
47.0,165574.12,635.0,24,0.0489,2,24.44,1
18.0,22228.69,780.0,36,0.0332,2,22.24,0
40.0,32641.38,781.0,24,0.0363,2,56.59,0
85.0,145409.47,683.0,60,0.045,12,16.31,1
42.0,61990.8,657.0,12,0.0774,1,4.54,0
62.0,9925.44,817.0,36,0.0383,2,53.0,0
67.0,343540.11,664.0,60,0.02,1,10.89,0
48.0,35241.84,775.0,60,0.0848,12,3.57,0
32.0,40024.33,686.0,36,0.02,1,13.3,0
18.0,77325.9,595.0,60,0.097,2,5.11,0
55.0,111868.21,850.0,60,0.02,4,25.39,1
33.0,425535.77,712.0,12,0.0421,12,3.4,1
48.0,11383.63,629.0,12,0.0412,2,3.68,1
26.0,136755.81,561.0,12,0.0675,2,37.0,0
41.0,125870.6,571.0,24,0.064,2,7.97,1
46.0,52199.86,663.0,36,0.089,2,56.68,1
49.0,131567.29,850.0,12,0.02,12,37.42,0
28.0,152401.54,642.0,60,0.02,2,17.39,1
63.0,15033.51,845.0,24,0.071,1,24.49,1
36.0,344471.45,687.0,36,0.0955,2,26.26,1
20.0,12597.3,582.0,12,0.0744,12,59.37,0
43.0,19238.79,653.0,12,0.0647,4,0.33,0
46.0,46083.6,572.0,36,0.0737,4,9.33,0
47.0,410421.73,614.0,12,0.023,1,20.58,0
65.0,43991.13,611.0,36,0.0453,1,25.59,1
41.0,57992.33,510.0,36,0.0507,2,5.39,1
43.0,250716.63,850.0,60,0.0479,2,3.46,0
28.0,44341.75,721.0,36,0.0606,1,8.5,0
57.0,18426.83,631.0,48,0.0495,4,6.29,1
48.0,39449.05,722.0,12,0.0411,12,16.34,0
39.0,235812.4,616.0,60,0.027,2,9.99,1
18.0,64271.08,433.0,24,0.0471,12,0.28,0
67.0,412775.14,850.0,48,0.0241,4,29.49,0
27.0,125233.46,719.0,36,0.0481,1,51.92,0
36.0,31419.72,641.0,24,0.0565,4,21.88,0
50.0,63011.74,507.0,24,0.0368,12,21.85,1
27.0,25508.88,551.0,24,0.0649,4,20.82,0
23.0,30686.16,850.0,24,0.0706,4,0.05,1
18.0,5278139.63,850.0,60,0.04,2,17.62,0
56.0,165814.42,775.0,60,0.0424,1,30.88,0
37.0,141647.66,588.0,24,0.0647,12,26.28,1
85.0,32106.69,850.0,48,0.0298,12,50.9,0
30.0,287674.26,745.0,12,0.0278,2,4.59,0
31.0,179766.78,765.0,12,0.043,4,55.76,0
37.0,393022.17,745.0,60,0.0496,12,31.31,0
49.0,374412.78,549.0,48,0.039,2,13.15,0
38.0,13642.03,580.0,48,0.0614,12,6.43,1
54.0,19735.23,649.0,36,0.0228,2,34.44,1
30.0,21943.19,764.0,60,0.059,2,15.14,1
24.0,23296.52,562.0,48,0.0392,1,12.12,1
18.0,82739.5,682.0,48,0.0818,1,12.23,0
18.0,33968.76,682.0,12,0.0682,4,34.87,0
37.0,475726.57,779.0,48,0.0525,2,1.32,1
40.0,402190.0,767.0,48,0.0492,12,38.23,0
36.0,59488.51,599.0,24,0.0397,4,35.93,0
64.0,423084.08,845.0,12,0.02,2,1.77,0
63.0,265172.18,584.0,12,0.0522,4,3.58,1
40.0,38150.47,809.0,24,0.0727,12,36.73,0
18.0,8028.75,645.0,12,0.0311,12,37.95,1
36.0,48147.84,716.0,36,0.0335,1,33.13,1
36.0,31425.59,723.0,36,0.0521,4,31.59,1
35.0,73607.75,720.0,60,0.0247,1,21.59,0
35.0,65462.21,767.0,12,0.0354,2,41.39,0
35.0,63768.69,739.0,12,0.0412,2,27.84,0
39.0,101081.74,778.0,36,0.0525,12,28.62,0
35.0,17809.34,746.0,60,0.0912,2,56.72,0
48.0,90342.23,574.0,60,0.049,4,17.27,1
50.0,38575.93,727.0,36,0.0576,12,9.77,1
31.0,73129.14,644.0,36,0.0485,12,46.49,0
64.0,155968.58,589.0,24,0.056,4,10.3,1
30.0,17599.05,671.0,60,0.053,4,25.66,0
21.0,45193.4,718.0,60,0.0693,1,6.39,0
51.0,53181.49,725.0,24,0.0837,2,0.13,1
33.0,35801.0,806.0,36,0.047,12,22.61,1
50.0,147241.52,831.0,24,0.0427,2,35.43,0
18.0,29132.56,734.0,24,0.0974,1,16.94,0
66.0,34358.32,752.0,48,0.0841,1,2.34,1
55.0,29439.15,710.0,60,0.057,12,15.91,0
22.0,178448.52,777.0,36,0.0752,2,6.14,1
23.0,36590.94,749.0,48,0.0826,2,13.78,1
70.0,94849.38,695.0,48,0.0457,12,47.28,1
34.0,431794.52,850.0,48,0.0696,12,11.54,1
32.0,55557.93,645.0,36,0.0536,1,47.89,1
18.0,182054.37,845.0,24,0.0542,12,17.03,0
40.0,318492.46,565.0,36,0.0663,1,0.21,0
42.0,167241.07,781.0,60,0.0854,2,11.64,0
56.0,58876.58,844.0,60,0.0613,2,38.07,0
24.0,113789.75,509.0,24,0.069,1,37.33,1
22.0,16524.86,714.0,36,0.0688,2,54.9,0
52.0,27445.48,772.0,24,0.0769,12,49.84,0
60.0,32706.36,725.0,24,0.0624,1,45.74,0
21.0,562762.02,738.0,36,0.0555,2,18.25,0
61.0,26566.74,714.0,60,0.0439,4,5.26,0
46.0,26174.04,591.0,36,0.064,4,23.92,1
61.0,21079.98,850.0,60,0.0431,2,20.12,0
44.0,104800.28,650.0,12,0.0528,12,7.69,0
18.0,69052.43,743.0,12,0.0303,1,20.14,1
43.0,177505.87,635.0,12,0.0932,4,31.53,0
61.0,117155.77,472.0,48,0.029,12,46.46,0
32.0,15057.18,608.0,60,0.0621,1,11.9,1
39.0,26708.1,555.0,60,0.0353,4,28.11,0
42.0,234527.64,809.0,36,0.0234,4,27.0,1
18.0,48859.38,639.0,60,0.0605,4,22.21,1
70.0,196337.78,649.0,36,0.0811,2,20.35,1
31.0,51550.6,594.0,48,0.0356,2,21.02,0
53.0,22750.53,709.0,36,0.0628,12,19.07,0
44.0,44211.46,628.0,12,0.0871,1,24.21,1
64.0,22741.58,799.0,36,0.0969,2,19.82,0
51.0,34011.27,730.0,36,0.0456,1,0.7,1
41.0,73198.17,643.0,36,0.0503,4,6.08,1
32.0,99868.05,785.0,60,0.0536,2,9.96,0
57.0,12207.54,701.0,24,0.0658,4,42.45,1
18.0,58843.23,702.0,24,0.0478,1,6.76,0
55.0,33302.38,554.0,24,0.0644,2,24.26,0
29.0,31306.63,693.0,60,0.0502,2,9.91,0
64.0,68369.67,732.0,12,0.0363,4,18.24,0
47.0,34528.77,833.0,24,0.0603,12,27.5,0
55.0,238503.2,625.0,24,0.0399,2,0.71,1
46.0,196430.09,850.0,48,0.0315,1,37.63,0
19.0,195209.44,756.0,48,0.0515,2,21.64,0
32.0,36500.81,548.0,12,0.0351,4,35.46,0
55.0,22868.17,615.0,36,0.0442,1,17.78,0
47.0,64992.68,842.0,36,0.0708,2,1.94,1
63.0,51516.2,824.0,48,0.0395,4,2.88,1
51.0,32570.98,702.0,48,0.0273,4,43.01,0
30.0,18476.7,715.0,12,0.063,12,18.72,0
33.0,57439.19,584.0,12,0.0733,4,7.77,1
47.0,39971.84,832.0,60,0.0426,4,55.61,0
18.0,119174.85,601.0,36,0.0782,12,0.56,1
70.0,116437.05,784.0,60,0.0627,12,11.32,1
52.0,180015.78,835.0,24,0.0802,12,16.63,1
63.0,16995.51,705.0,12,0.0322,12,32.46,0
21.0,89416.3,797.0,36,0.02,4,11.68,0
64.0,28927.1,850.0,36,0.0618,1,1.63,0
78.0,17669.33,727.0,60,0.0511,4,4.28,0
25.0,39003.15,682.0,48,0.0559,4,12.48,1
57.0,174329.94,693.0,48,0.0597,2,1.4,1
45.0,41261.36,626.0,12,0.0821,1,48.41,0
22.0,286488.78,623.0,48,0.038,4,6.82,1
52.0,103660.72,744.0,24,0.0849,2,44.43,0
58.0,40372.72,684.0,36,0.0409,1,5.87,1
36.0,191003.77,733.0,48,0.0608,1,55.1,0
62.0,93470.09,551.0,12,0.0588,4,31.66,1
20.0,23563.18,691.0,24,0.0351,1,30.33,1
23.0,384155.48,803.0,60,0.06,2,32.17,0
47.0,77612.12,588.0,60,0.0309,1,13.27,1
45.0,61010.19,702.0,24,0.02,4,13.29,1
34.0,25449.91,515.0,12,0.0701,12,51.74,0
57.0,194762.91,569.0,60,0.0713,4,5.69,1
53.0,100435.94,781.0,36,0.0218,12,5.86,0
58.0,112334.71,669.0,36,0.0453,2,0.99,0
43.0,36043.03,850.0,12,0.0283,1,42.77,0
54.0,137874.7,743.0,12,0.0631,2,16.73,0
38.0,149016.69,753.0,36,0.0726,1,19.09,1
76.0,30675.57,592.0,12,0.0327,1,11.05,0
33.0,14516.04,661.0,24,0.02,1,26.2,0
77.0,107084.45,627.0,12,0.0601,12,0.82,0
46.0,12414.91,593.0,36,0.0622,1,6.52,0
24.0,69704.19,766.0,48,0.0328,12,4.89,0
66.0,38282.76,786.0,12,0.0401,4,47.44,0
47.0,202534.44,740.0,60,0.0346,12,39.35,1
58.0,40423.08,617.0,24,0.0503,4,10.47,0
63.0,181184.83,733.0,24,0.0667,12,11.91,1
50.0,35803.13,509.0,24,0.0583,2,9.01,0
36.0,162753.33,832.0,60,0.061,1,12.63,1
60.0,469931.18,570.0,60,0.0245,2,20.04,1
45.0,20577.49,588.0,24,0.0388,2,43.99,1
55.0,80180.51,712.0,24,0.0736,12,15.09,0
18.0,935449.48,720.0,24,0.0261,12,20.25,0
52.0,63996.83,693.0,12,0.0333,4,12.51,0
35.0,63690.35,589.0,60,0.0627,2,0.1,1
70.0,131728.59,813.0,36,0.02,2,1.4,1
54.0,62385.05,531.0,12,0.0301,12,29.42,1
49.0,10859.27,552.0,36,0.0658,2,54.79,0
52.0,185774.23,689.0,12,0.02,1,4.77,0
30.0,8079.23,574.0,12,0.0347,1,27.68,0
69.0,39466.53,822.0,36,0.0621,12,21.59,1
75.0,200270.8,582.0,24,0.0278,2,3.27,0
51.0,41917.45,850.0,36,0.0671,2,1.61,1
69.0,29920.63,804.0,48,0.0555,1,6.39,0
36.0,144244.33,824.0,60,0.0448,12,10.71,1
33.0,25562.59,850.0,48,0.02,1,2.82,0
46.0,17637.35,708.0,12,0.0505,2,22.31,1
52.0,78787.84,599.0,36,0.02,12,42.15,0
39.0,49865.1,690.0,24,0.02,2,2.49,0
53.0,17263.11,643.0,24,0.0579,12,16.76,1
50.0,113204.65,629.0,48,0.0555,1,17.94,0
30.0,95271.65,715.0,48,0.02,1,0.53,1
53.0,41783.01,669.0,12,0.0445,12,30.62,0
58.0,44742.0,625.0,60,0.0594,12,1.01,0
48.0,95835.91,675.0,12,0.0553,1,15.93,0
62.0,196882.31,755.0,24,0.054,1,16.33,1
27.0,45125.68,796.0,36,0.0448,2,5.78,0
52.0,115230.36,540.0,48,0.0715,12,2.66,1
27.0,105366.52,670.0,24,0.0533,12,20.43,1
28.0,144250.59,686.0,12,0.0726,12,6.76,0
36.0,62274.62,582.0,60,0.0509,1,53.0,0
31.0,24044.81,688.0,36,0.0273,1,34.35,0
37.0,37703.22,715.0,60,0.0535,1,51.94,0
42.0,84360.41,752.0,12,0.0231,4,0.38,1
58.0,368967.7,708.0,12,0.0585,4,7.71,1
40.0,36900.5,612.0,24,0.088,1,27.59,0
21.0,133891.82,850.0,36,0.0513,12,59.89,0
62.0,43128.68,783.0,12,0.048,12,5.73,1
32.0,66867.53,755.0,24,0.0681,12,37.76,0
44.0,272500.78,800.0,12,0.0551,2,23.52,0
52.0,128578.2,724.0,24,0.0976,1,0.24,1
48.0,17304.13,829.0,60,0.0492,12,43.74,0
61.0,33776.65,706.0,24,0.0564,12,20.56,0
52.0,210285.49,700.0,60,0.0707,1,32.46,0
32.0,69001.12,764.0,48,0.0208,1,41.23,1
78.0,18980.36,850.0,12,0.0643,1,56.04,1
48.0,26398.11,850.0,48,0.0412,4,37.09,0
43.0,120993.67,759.0,36,0.0439,1,9.0,0
59.0,161847.58,752.0,48,0.0654,1,46.04,0
49.0,60952.81,770.0,24,0.0361,4,14.86,0
51.0,711630.29,799.0,24,0.0452,1,3.9,0
82.0,136509.89,830.0,36,0.047,12,22.26,0
41.0,46935.0,676.0,36,0.0483,12,11.14,1
40.0,26483.94,832.0,12,0.0361,12,17.7,1
47.0,22586.68,734.0,24,0.0611,12,0.14,0
61.0,83735.75,765.0,36,0.0262,12,40.78,0
22.0,36725.37,838.0,48,0.02,2,11.09,1
18.0,319254.46,775.0,24,0.0441,4,15.57,0
36.0,259448.06,792.0,36,0.0607,1,16.27,0
20.0,112765.59,661.0,12,0.0613,12,2.54,0
39.0,18416.53,850.0,60,0.0562,12,13.36,0
53.0,30570.21,770.0,24,0.0432,12,7.11,0
32.0,210171.16,713.0,24,0.058,2,10.72,1
24.0,34095.95,810.0,24,0.0472,1,29.66,0
46.0,183898.96,850.0,24,0.0486,1,49.41,0
58.0,96240.34,583.0,60,0.02,12,18.19,1
20.0,63052.18,620.0,60,0.0411,2,35.24,0
57.0,29648.51,850.0,12,0.02,2,5.84,0
57.0,54489.11,743.0,24,0.0923,12,12.98,1
59.0,72377.3,719.0,36,0.0672,12,2.73,1
63.0,168137.76,688.0,48,0.0739,2,21.9,1
78.0,24692.74,821.0,24,0.0398,1,22.52,0
40.0,46036.19,850.0,60,0.0484,2,25.86,0
47.0,62618.94,633.0,12,0.024,2,6.95,0
39.0,116154.72,690.0,24,0.0269,1,1.57,0
45.0,24137.83,665.0,12,0.0447,1,8.65,0
68.0,16049.46,773.0,36,0.0389,1,17.8,0
25.0,117473.16,822.0,36,0.059,1,16.99,0
32.0,13122.07,850.0,36,0.0579,4,42.19,0
66.0,216420.75,777.0,36,0.0421,1,9.63,0
60.0,51229.66,850.0,48,0.0666,2,28.69,1
40.0,12739.58,643.0,12,0.0269,2,10.25,1
58.0,37033.56,617.0,24,0.0249,1,9.09,0
50.0,87476.34,847.0,48,0.0601,2,39.64,0
68.0,35147.15,712.0,24,0.0608,2,19.67,0
46.0,61085.5,562.0,60,0.0669,4,6.38,0
60.0,125502.17,668.0,48,0.0212,4,37.38,0
85.0,48913.55,726.0,48,0.0334,12,47.58,0
54.0,23457.42,635.0,60,0.056,12,4.62,1
46.0,44400.94,599.0,48,0.0565,1,32.72,1
56.0,246431.7,679.0,12,0.0879,4,26.23,1
40.0,322889.15,594.0,36,0.0295,12,10.09,1
81.0,7943.22,764.0,24,0.0927,2,18.52,0
48.0,178265.25,506.0,60,0.0603,12,3.71,1
41.0,76891.28,709.0,36,0.0733,1,2.54,1
32.0,150841.17,752.0,48,0.0622,12,20.04,0
61.0,34527.51,691.0,12,0.0352,1,14.1,1
58.0,10216.27,809.0,48,0.0389,12,7.72,0
38.0,107418.62,563.0,60,0.0501,12,4.39,1
54.0,23365.66,630.0,48,0.02,2,25.95,1
22.0,14938.66,667.0,12,0.02,2,4.25,0
48.0,16020.09,771.0,48,0.0376,2,55.76,0
52.0,109197.54,722.0,48,0.064,2,8.78,0
71.0,68833.96,850.0,48,0.0368,4,32.2,0
33.0,130936.27,619.0,48,0.0486,12,23.77,0
26.0,116900.13,561.0,12,0.047,2,24.01,0
32.0,39303.41,850.0,24,0.0702,1,42.1,0
25.0,55799.85,557.0,36,0.0585,4,11.54,1
65.0,35902.51,768.0,60,0.0671,1,19.58,1
68.0,48517.13,602.0,24,0.0733,2,43.1,0
50.0,22759.67,493.0,12,0.0302,12,2.31,1
63.0,88475.8,663.0,60,0.02,12,2.33,1
47.0,175451.99,790.0,60,0.0418,12,28.6,0
44.0,26459.93,578.0,48,0.0727,2,29.83,0
40.0,215619.3,758.0,36,0.0639,1,38.33,0
40.0,67071.97,776.0,36,0.0424,12,21.96,0
22.0,76197.12,573.0,12,0.0884,1,8.72,0
49.0,10944.26,677.0,24,0.0655,2,32.1,1
44.0,9825.51,850.0,48,0.038,12,1.94,0
56.0,69155.74,765.0,36,0.0733,4,8.1,0
46.0,131891.13,674.0,48,0.02,2,27.37,0
43.0,30595.85,742.0,24,0.0566,4,53.33,0
32.0,318091.36,631.0,60,0.0394,2,1.31,1
46.0,124858.45,811.0,24,0.0486,4,44.26,0
56.0,24140.8,811.0,60,0.0621,2,17.19,0
28.0,61749.96,712.0,24,0.0685,1,2.5,1
46.0,712780.74,723.0,48,0.0522,1,23.8,1
48.0,17282.26,600.0,24,0.0456,12,58.34,0
34.0,101546.28,565.0,36,0.02,12,7.91,0
36.0,43358.39,662.0,36,0.02,12,5.59,1
48.0,121406.09,691.0,12,0.02,2,38.89,0
28.0,212622.52,806.0,36,0.0533,12,12.09,0
50.0,40691.03,792.0,36,0.0685,2,30.65,1
32.0,183306.02,718.0,60,0.02,4,48.68,0
61.0,551944.84,819.0,48,0.0711,4,29.63,0
80.0,63976.73,606.0,48,0.0778,2,49.83,1
32.0,131253.87,808.0,60,0.0536,4,31.71,0
53.0,33175.24,621.0,36,0.0808,1,11.13,0
34.0,61038.45,824.0,24,0.0491,1,16.9,1
61.0,50177.65,699.0,60,0.0249,2,40.61,0
26.0,132844.68,500.0,48,0.0434,1,8.19,1
52.0,199720.85,773.0,12,0.0821,4,52.79,0
32.0,53655.82,781.0,48,0.0377,12,17.45,1
42.0,277512.94,654.0,24,0.0584,12,42.25,0
30.0,276522.49,663.0,48,0.0609,2,57.28,0
57.0,139644.3,684.0,60,0.0735,1,8.27,0
32.0,35738.13,507.0,12,0.02,12,5.24,1
53.0,32473.23,464.0,48,0.0777,12,11.09,1
40.0,26572.14,830.0,60,0.0311,12,5.01,1
43.0,154688.09,618.0,60,0.0803,2,30.63,0
47.0,17822.76,850.0,60,0.0427,1,50.72,0
34.0,117811.09,837.0,12,0.0428,1,23.97,0
48.0,20310.45,850.0,60,0.0654,12,33.47,0
68.0,136427.16,635.0,12,0.0761,1,1.65,1
33.0,60914.08,539.0,24,0.0406,1,1.26,1
63.0,227211.95,591.0,24,0.0444,12,16.62,1
67.0,187485.09,655.0,24,0.0378,2,10.68,0
33.0,251466.59,463.0,60,0.0385,12,0.66,1
23.0,258026.8,652.0,12,0.0599,1,42.06,1
50.0,69122.17,680.0,24,0.0482,1,14.91,0
37.0,18792.38,571.0,36,0.0752,1,17.01,1
73.0,20899.43,596.0,24,0.0361,2,29.16,0
46.0,7429.04,678.0,60,0.0651,1,6.1,1
33.0,20258.59,736.0,36,0.0642,1,27.4,0
28.0,64140.01,611.0,48,0.0444,1,32.18,0
61.0,34212.48,729.0,36,0.0449,2,8.3,0
36.0,50004.31,714.0,48,0.0597,12,27.49,0
46.0,97999.28,705.0,36,0.0362,1,20.51,0
59.0,44175.9,635.0,12,0.0427,1,4.53,1
38.0,19500.03,567.0,36,0.0239,2,4.82,1
44.0,56770.17,850.0,24,0.0318,4,46.25,0
45.0,24379.78,763.0,48,0.0293,2,10.6,0
55.0,45670.76,801.0,48,0.0313,4,8.49,0
54.0,229297.82,692.0,24,0.02,4,7.46,0
42.0,45683.6,684.0,12,0.02,4,2.56,1
46.0,351849.06,749.0,36,0.0674,4,28.29,1
39.0,250605.68,517.0,12,0.0472,4,25.21,1
23.0,33546.73,589.0,24,0.0749,2,57.85,0
49.0,19709.9,620.0,36,0.0709,1,22.64,0
73.0,56808.76,655.0,24,0.0407,2,11.03,1
32.0,189724.4,612.0,48,0.0315,12,3.0,1
33.0,36673.48,733.0,48,0.053,2,8.53,0
32.0,148462.89,708.0,48,0.0411,1,1.71,1
56.0,200474.03,839.0,60,0.0627,1,22.03,1
52.0,27611.13,850.0,60,0.02,12,5.28,0
43.0,30453.28,574.0,48,0.0567,12,9.52,1
31.0,122108.1,715.0,60,0.0818,2,0.07,1
46.0,69692.47,715.0,60,0.0421,2,13.45,1
22.0,30149.95,699.0,24,0.0623,12,20.14,1
47.0,42100.7,592.0,36,0.0255,12,38.87,0
58.0,55797.28,608.0,48,0.038,2,3.24,1
26.0,12520.79,724.0,60,0.0324,12,22.14,0
22.0,128751.97,605.0,24,0.0807,12,27.39,0
69.0,37097.61,716.0,24,0.0892,2,11.1,1
36.0,3700.72,675.0,36,0.0402,1,8.84,0
62.0,58461.81,714.0,24,0.076,12,33.73,1
43.0,28521.94,605.0,12,0.0617,4,3.55,1
43.0,324104.8,716.0,12,0.0423,12,10.54,0
52.0,33341.39,612.0,48,0.0818,2,14.93,1
32.0,19977.39,716.0,36,0.0384,4,34.88,0
47.0,99501.96,834.0,12,0.0371,4,19.85,1
39.0,30932.19,726.0,36,0.0295,12,15.12,0
25.0,27461.6,732.0,48,0.0678,2,35.07,0
50.0,99658.18,782.0,24,0.031,2,25.1,1
41.0,21152.91,560.0,24,0.0471,12,21.45,0
43.0,13942.91,850.0,24,0.0431,1,34.14,0
27.0,336380.42,594.0,12,0.0395,4,2.95,1
69.0,106883.93,788.0,36,0.0455,2,22.62,1
58.0,45972.13,775.0,12,0.0416,2,18.66,0
59.0,59666.31,610.0,60,0.0817,12,27.99,1
40.0,99296.38,801.0,36,0.0588,12,32.41,1
19.0,158472.67,750.0,48,0.0518,1,43.02,0
74.0,28114.05,850.0,12,0.0417,12,3.98,0
44.0,86348.48,719.0,24,0.0249,2,21.39,0
34.0,36072.85,689.0,24,0.0374,4,2.84,1
51.0,49563.94,649.0,24,0.0495,2,28.43,1
63.0,70311.66,526.0,12,0.0488,2,30.68,1
45.0,59475.6,668.0,12,0.053,12,24.6,0
64.0,124937.25,672.0,24,0.0793,1,13.54,0
61.0,97449.21,726.0,24,0.041,4,18.28,0
29.0,13251.03,558.0,24,0.0782,12,34.39,0
35.0,15400.83,676.0,60,0.0459,4,46.05,0
59.0,41368.84,758.0,12,0.054,12,12.49,1
18.0,372735.85,768.0,24,0.048,4,24.67,1
43.0,25550.4,514.0,48,0.0766,2,53.03,0
24.0,48619.37,771.0,24,0.0332,2,6.29,0
38.0,35019.28,675.0,12,0.0659,12,21.3,1
41.0,34404.95,681.0,48,0.0849,12,23.62,0
40.0,71556.29,464.0,12,0.0479,2,11.99,1
37.0,242990.41,849.0,12,0.02,12,28.55,0
29.0,94463.46,718.0,12,0.0276,4,24.34,1
79.0,26808.36,547.0,36,0.0414,4,20.03,1
73.0,939618.77,738.0,48,0.0579,12,27.1,1
28.0,64768.41,734.0,60,0.0763,4,28.32,0
69.0,33616.73,822.0,60,0.048,4,3.62,0
39.0,245756.47,669.0,36,0.0412,2,37.82,0
47.0,37456.27,701.0,12,0.0633,1,12.14,1
44.0,315815.56,636.0,60,0.0467,4,18.96,0
35.0,25068.25,760.0,48,0.0505,12,13.33,0
60.0,250203.63,622.0,24,0.0403,1,12.29,1
47.0,73207.1,611.0,48,0.0827,4,21.16,0
38.0,217738.97,693.0,12,0.0538,1,5.18,1
25.0,401019.65,577.0,48,0.0736,1,46.01,0
32.0,19290.98,850.0,12,0.0575,1,27.67,0
20.0,214437.12,850.0,48,0.0724,2,58.53,0
45.0,14633.9,655.0,36,0.067,1,20.67,0
27.0,21011.3,561.0,48,0.0669,2,26.68,0
41.0,26811.62,734.0,60,0.0593,12,38.94,0
66.0,99075.42,652.0,24,0.02,12,30.72,0
63.0,61883.93,817.0,36,0.02,1,2.91,1
45.0,50658.58,621.0,48,0.0295,2,25.07,0
44.0,69302.43,754.0,12,0.0735,4,51.82,0
73.0,108151.64,711.0,36,0.063,12,11.89,0
53.0,116803.48,632.0,60,0.0434,4,19.06,0
40.0,178825.69,724.0,24,0.0792,1,11.91,0
24.0,369547.59,788.0,24,0.0702,2,30.73,0
51.0,58608.65,709.0,48,0.0606,4,9.65,0
57.0,35557.67,710.0,60,0.0644,2,10.27,0
36.0,110584.6,613.0,60,0.0619,12,50.06,0
49.0,19067.59,814.0,24,0.0254,12,42.18,0
40.0,30372.59,804.0,24,0.051,2,11.31,0
42.0,162654.07,659.0,60,0.0609,12,23.2,0
18.0,52884.82,688.0,24,0.0494,12,21.35,1
42.0,17886.61,841.0,12,0.0357,12,52.21,0
60.0,13496.65,587.0,24,0.02,4,31.59,1
36.0,62863.23,760.0,12,0.0337,12,17.04,0
46.0,187567.96,644.0,24,0.0685,2,22.4,0
34.0,185080.43,850.0,36,0.0612,12,39.2,0
50.0,66895.07,706.0,36,0.02,2,33.63,0
42.0,446372.65,826.0,36,0.0651,2,32.56,1
31.0,53915.84,624.0,12,0.0238,4,25.4,0
65.0,52126.69,575.0,12,0.0462,2,3.23,1
59.0,4594.27,677.0,48,0.0663,4,7.29,0
36.0,38278.25,726.0,48,0.0435,2,49.24,1
52.0,140366.91,649.0,24,0.0222,2,4.83,1
53.0,286061.28,776.0,12,0.02,4,30.73,1
55.0,26101.95,679.0,36,0.0311,4,3.65,1
20.0,95058.93,492.0,36,0.0413,2,28.6,1
60.0,170566.24,755.0,36,0.058,2,12.44,1
36.0,60549.0,612.0,24,0.038,1,18.38,1
40.0,6104.12,664.0,12,0.0397,2,3.33,1
85.0,76671.86,850.0,24,0.0397,4,43.71,0
50.0,128210.74,850.0,60,0.0358,2,43.52,0
39.0,23215.54,642.0,60,0.087,1,4.93,1
18.0,46436.7,758.0,48,0.0551,2,3.03,0
66.0,18854.44,645.0,12,0.031,12,4.97,1
25.0,4581.82,671.0,36,0.02,1,2.09,0
30.0,167209.77,639.0,12,0.0525,4,5.44,1
40.0,59650.12,528.0,48,0.0791,12,0.94,1
66.0,295869.87,710.0,36,0.0602,4,7.38,0
57.0,141113.84,729.0,24,0.1011,2,49.34,0
43.0,42015.35,633.0,36,0.0385,1,12.17,0
50.0,55095.28,809.0,60,0.0606,4,18.84,1
36.0,105469.53,656.0,24,0.02,2,48.1,0
47.0,157453.18,636.0,36,0.02,4,7.0,0
46.0,82674.84,753.0,24,0.0464,12,8.07,1
60.0,180880.73,546.0,60,0.0733,2,6.89,1
60.0,44503.86,791.0,60,0.0837,1,27.26,0
52.0,22089.47,660.0,12,0.0511,2,11.34,1
40.0,56116.81,799.0,60,0.0319,4,56.59,0
56.0,73510.6,829.0,60,0.02,2,3.25,0
44.0,18006.08,764.0,60,0.0379,4,18.7,0
29.0,15729.26,619.0,48,0.0489,1,49.04,0
39.0,93656.24,575.0,60,0.0383,4,9.24,0
46.0,39880.52,557.0,12,0.02,12,5.05,0
59.0,50724.24,810.0,24,0.0498,4,1.58,1
42.0,41785.61,687.0,48,0.0428,1,19.91,0
27.0,273922.61,640.0,24,0.0589,12,21.06,1
46.0,211453.66,687.0,24,0.0334,1,19.8,1
47.0,17372.54,808.0,12,0.0422,2,2.61,1
48.0,35143.92,778.0,48,0.0499,1,8.04,1
59.0,140084.95,744.0,36,0.0569,12,17.61,1
60.0,109309.24,764.0,60,0.0399,4,30.67,0
36.0,57442.63,718.0,24,0.0341,2,8.13,0
36.0,19194.9,730.0,24,0.0274,1,3.72,0
29.0,30256.31,722.0,12,0.051,4,16.72,1
55.0,35711.66,700.0,12,0.0417,1,13.65,1
67.0,78983.51,775.0,12,0.0833,4,16.8,1
40.0,328971.75,736.0,48,0.0455,1,22.97,1
41.0,30125.27,612.0,60,0.0521,2,2.91,1
67.0,21460.4,753.0,48,0.0679,2,1.22,0
53.0,53713.17,725.0,12,0.0703,2,5.06,1
52.0,168003.31,761.0,12,0.0404,4,43.78,0
27.0,14088.54,690.0,24,0.0869,2,7.41,0
55.0,256179.63,781.0,48,0.0919,2,2.54,1
31.0,50411.2,694.0,48,0.0426,2,28.96,1
28.0,28729.51,772.0,60,0.0494,4,42.26,1
40.0,12086.09,654.0,48,0.0556,2,9.75,0
36.0,121360.5,661.0,60,0.0339,12,14.72,1
42.0,50454.58,760.0,36,0.0481,2,10.88,0
23.0,71019.2,667.0,60,0.0295,1,12.52,0
59.0,24323.26,850.0,12,0.0479,4,28.92,0
62.0,43516.87,757.0,36,0.0461,2,11.7,1
18.0,36806.1,702.0,24,0.0567,2,34.45,0
60.0,54144.24,782.0,24,0.0598,2,5.54,1
33.0,30651.83,652.0,24,0.0483,1,0.7,1
58.0,12910.79,792.0,12,0.0751,1,0.68,1
44.0,916667.18,790.0,24,0.0304,1,37.66,0
45.0,15315.12,825.0,60,0.0416,2,39.49,0
42.0,71787.02,656.0,12,0.0353,4,12.67,0
63.0,10177.88,578.0,48,0.0797,4,0.96,1
26.0,8127.04,639.0,12,0.0457,1,12.39,0
54.0,66027.49,672.0,12,0.0459,2,4.62,1
62.0,71279.75,850.0,48,0.0756,4,30.61,0
56.0,211398.23,850.0,60,0.02,2,29.76,0
80.0,89281.26,734.0,36,0.0291,12,1.96,0
37.0,51543.91,701.0,48,0.047,1,20.21,1
59.0,23165.05,665.0,12,0.0384,1,5.79,0
43.0,268072.32,782.0,24,0.0673,12,3.24,0
64.0,151577.34,850.0,48,0.0213,2,18.47,1
45.0,17217.31,850.0,48,0.0616,4,2.89,0
39.0,62190.89,814.0,36,0.0299,4,12.04,0
65.0,69151.31,812.0,12,0.0551,12,8.72,1
38.0,42376.38,783.0,24,0.0676,1,36.19,0
24.0,129553.67,695.0,24,0.0874,2,42.94,1
37.0,137548.68,626.0,36,0.02,12,17.37,0
54.0,49489.43,698.0,24,0.052,12,28.27,0
66.0,45212.58,742.0,60,0.069,1,29.59,1
47.0,268057.95,555.0,48,0.0514,4,23.41,0
65.0,152182.98,685.0,48,0.0576,2,4.39,1
25.0,64367.26,617.0,24,0.036,2,16.28,0
38.0,11740.4,801.0,24,0.0435,1,37.39,0
41.0,84457.19,645.0,24,0.0345,2,35.35,1
43.0,120340.86,733.0,48,0.0621,2,54.85,0
46.0,3810.36,630.0,24,0.087,2,39.97,1
55.0,77023.78,850.0,60,0.0531,2,18.12,0
38.0,39470.47,530.0,60,0.0512,1,12.05,0
47.0,48009.09,748.0,48,0.02,2,48.84,0
44.0,24164.0,572.0,12,0.0486,4,37.78,0
31.0,51627.55,649.0,12,0.0614,1,24.87,0
43.0,240864.92,721.0,12,0.02,2,2.18,0
43.0,38315.18,726.0,60,0.0532,12,18.46,0
43.0,157247.07,723.0,36,0.0497,1,6.68,0
45.0,26733.39,715.0,12,0.02,4,29.52,0
46.0,127868.31,636.0,36,0.0584,2,49.64,0
39.0,59973.37,684.0,48,0.0415,2,5.15,1
64.0,85137.67,703.0,60,0.0525,12,2.19,1
27.0,60303.97,720.0,12,0.0564,12,18.39,1
34.0,113734.86,693.0,60,0.0348,1,1.49,1
85.0,4593.58,773.0,48,0.0569,1,36.36,1
29.0,14474.95,709.0,60,0.0398,1,11.32,0
25.0,90860.49,720.0,24,0.0528,12,15.06,0
56.0,7757.86,662.0,12,0.037,1,38.1,0
18.0,35221.77,595.0,60,0.0716,1,6.72,0
41.0,56707.35,715.0,60,0.0638,2,10.52,0
77.0,26156.68,821.0,60,0.0431,1,19.06,0
22.0,29984.58,744.0,48,0.0641,1,10.83,0
18.0,78557.19,618.0,12,0.0417,12,7.99,1
23.0,164274.64,781.0,12,0.0544,1,15.37,0
58.0,22960.96,666.0,24,0.033,4,8.32,1
62.0,33689.51,771.0,24,0.0693,12,24.08,1
37.0,28817.53,663.0,60,0.0476,2,19.96,0
55.0,5316.76,735.0,12,0.0365,1,12.78,1
66.0,68989.65,648.0,12,0.0546,2,20.28,0
72.0,152469.18,651.0,60,0.02,2,42.19,0
41.0,165486.22,543.0,36,0.0298,1,21.72,0
18.0,25065.15,751.0,12,0.0441,4,27.98,0
33.0,17125.12,737.0,60,0.0525,4,3.67,1
39.0,61181.83,743.0,60,0.0523,2,5.14,1
41.0,137210.8,728.0,36,0.0392,1,32.95,1
42.0,69902.06,624.0,24,0.0617,2,22.21,0
62.0,79961.83,797.0,60,0.0254,12,23.96,0
64.0,187555.66,799.0,12,0.0446,2,19.25,1
42.0,28591.46,621.0,24,0.0713,12,0.78,1
61.0,48051.56,753.0,24,0.0615,1,1.35,1
50.0,307000.76,787.0,24,0.0755,4,13.32,0
46.0,49177.37,653.0,60,0.0951,2,4.12,1
59.0,16859.39,670.0,12,0.0378,2,28.14,0
46.0,30657.85,753.0,36,0.0568,2,18.17,1
76.0,23431.12,549.0,48,0.0338,2,24.99,1
23.0,85576.21,591.0,48,0.028,2,6.64,0
37.0,24441.87,601.0,24,0.0586,1,22.45,1
43.0,78514.16,520.0,48,0.0506,4,9.89,0
52.0,28679.41,808.0,48,0.042,12,16.4,0
64.0,7162.55,501.0,60,0.0615,1,37.38,1
45.0,81358.43,734.0,36,0.0427,12,9.33,0
24.0,69457.04,781.0,48,0.02,1,49.05,0
58.0,100484.4,671.0,36,0.0636,1,9.32,1
56.0,30546.73,633.0,48,0.0363,12,48.32,0
18.0,27459.17,723.0,24,0.065,4,33.81,0
45.0,89452.84,700.0,24,0.0572,1,12.45,1
21.0,273489.79,800.0,36,0.02,12,8.02,1
35.0,60546.56,437.0,36,0.0441,4,7.23,1
31.0,91544.92,608.0,36,0.0311,2,51.84,1
57.0,43408.58,756.0,36,0.0686,2,4.42,0
47.0,12789.37,705.0,12,0.0386,12,3.36,1
26.0,157539.17,775.0,24,0.067,1,37.93,0
58.0,148510.99,726.0,48,0.0513,2,19.29,1
23.0,121877.78,687.0,12,0.0385,2,0.94,1
50.0,49913.89,670.0,36,0.06,12,24.6,0
33.0,108777.1,850.0,48,0.0677,12,18.22,1
40.0,146350.81,850.0,24,0.0264,2,34.27,0
53.0,302597.46,750.0,36,0.02,1,45.47,0
53.0,160898.03,708.0,60,0.0484,12,28.12,1
65.0,63819.96,754.0,36,0.0419,12,11.12,1
44.0,16183.49,783.0,48,0.0596,1,15.21,0
50.0,69958.56,742.0,24,0.0658,4,13.57,1
38.0,77387.26,625.0,36,0.02,12,10.21,0
48.0,121665.38,850.0,24,0.0425,2,5.42,1
52.0,231860.66,725.0,12,0.02,1,9.81,1
44.0,54439.73,850.0,60,0.0228,2,13.04,1
18.0,489425.33,719.0,12,0.02,1,48.4,0
50.0,10308.39,675.0,60,0.0424,4,15.37,0
50.0,91066.19,838.0,12,0.02,12,3.48,0
35.0,26943.02,730.0,24,0.0367,4,18.15,1
26.0,8890.85,713.0,24,0.0327,12,34.5,0
67.0,48933.9,580.0,12,0.0431,1,29.48,1
52.0,13944.32,766.0,48,0.05,2,32.17,0
42.0,50948.58,651.0,12,0.0484,4,20.61,1
28.0,61992.53,655.0,36,0.0255,1,21.02,1
33.0,183238.05,651.0,48,0.0492,4,22.42,1
65.0,13258.77,744.0,24,0.0415,1,14.89,1
47.0,148515.58,546.0,12,0.0592,4,2.78,1
37.0,66044.26,679.0,48,0.0367,1,21.76,1
53.0,167518.51,798.0,36,0.0616,4,38.49,1
33.0,38880.53,575.0,60,0.0305,4,9.2,1
68.0,15799.85,717.0,24,0.0314,1,36.36,0
65.0,17720.91,637.0,48,0.0478,4,9.24,0
38.0,16451.84,660.0,48,0.02,1,20.88,0
36.0,96549.79,850.0,48,0.0324,4,3.18,0
18.0,262215.52,535.0,12,0.0729,12,9.09,0
23.0,34031.73,777.0,24,0.0633,12,13.76,1
25.0,112323.15,652.0,24,0.0423,4,54.95,0
47.0,13050.19,647.0,12,0.097,1,49.87,1
40.0,71705.39,589.0,12,0.0467,12,0.12,0
25.0,116840.22,775.0,12,0.053,4,19.74,1
41.0,14071.06,681.0,36,0.079,4,15.07,1
53.0,48830.8,668.0,48,0.0565,1,13.6,0
53.0,122506.23,711.0,36,0.0437,2,8.62,1
18.0,3185.07,683.0,24,0.0639,1,12.29,0
43.0,227624.6,500.0,12,0.0622,2,6.08,1
24.0,85278.65,651.0,48,0.0354,4,14.55,1
59.0,122605.56,790.0,60,0.0457,2,2.25,1
57.0,39627.58,549.0,48,0.0528,2,28.64,0
32.0,10692.28,591.0,60,0.0529,1,27.1,0
34.0,102136.25,657.0,48,0.0327,2,34.94,1
38.0,55127.81,627.0,12,0.056,2,40.51,0
18.0,61828.24,697.0,60,0.0427,4,4.09,0
50.0,177656.46,591.0,60,0.0595,12,9.06,0
41.0,128291.96,661.0,24,0.0677,1,6.83,1
60.0,408904.71,695.0,48,0.0337,1,19.5,1
29.0,69832.46,765.0,36,0.0427,12,38.18,0
36.0,29995.05,824.0,36,0.0537,12,21.89,0
22.0,49591.92,674.0,24,0.0646,12,13.26,0
30.0,90731.82,850.0,24,0.0386,2,32.18,1
27.0,165356.09,682.0,24,0.0507,4,25.74,1
60.0,13807.48,783.0,12,0.0823,1,45.19,1
35.0,60387.51,850.0,12,0.0664,4,7.54,1
47.0,299401.77,714.0,12,0.045,2,18.43,0
39.0,47088.83,563.0,12,0.0874,12,36.42,1
26.0,151905.19,709.0,24,0.0594,2,15.22,0
42.0,98038.7,639.0,24,0.0849,12,18.39,1
54.0,155727.13,673.0,12,0.0724,1,10.09,0
27.0,26641.87,850.0,12,0.1071,2,20.86,0
57.0,26758.26,578.0,60,0.0795,4,5.16,0
32.0,61100.29,730.0,48,0.041,4,17.75,0
38.0,12936.11,612.0,60,0.0661,2,14.44,1
53.0,45718.55,669.0,48,0.032,2,14.43,1
35.0,77101.4,774.0,12,0.0684,4,11.52,1
46.0,356694.73,732.0,12,0.0841,2,26.36,1
40.0,89564.85,677.0,12,0.0334,2,46.2,0
47.0,111885.18,635.0,60,0.0648,2,27.09,0
18.0,191851.3,732.0,24,0.0628,12,36.04,1
18.0,22818.85,850.0,48,0.0634,4,10.04,1
54.0,50762.71,610.0,60,0.0264,2,31.28,0
61.0,676990.55,850.0,12,0.0406,4,8.46,0
31.0,55319.34,820.0,24,0.0565,1,12.23,1
41.0,182851.71,837.0,60,0.0427,2,12.3,0
49.0,156958.68,731.0,48,0.0308,12,27.65,0
55.0,13655.34,817.0,12,0.0693,12,0.49,1
18.0,81673.04,599.0,48,0.0371,2,25.67,0
32.0,69337.94,633.0,12,0.0494,2,1.95,1
40.0,83279.59,777.0,12,0.0948,1,1.34,1
56.0,28166.47,730.0,36,0.0706,2,51.15,0
82.0,19596.0,685.0,48,0.0509,4,7.14,1
42.0,37197.25,450.0,24,0.058,2,23.41,1
24.0,54295.95,656.0,12,0.0558,4,23.45,0
51.0,195826.52,583.0,24,0.0209,4,34.99,0
65.0,368542.32,749.0,60,0.0568,4,6.99,1
47.0,241976.97,681.0,12,0.0729,4,25.36,1
31.0,141518.43,637.0,12,0.0484,4,0.32,1
59.0,21931.07,850.0,12,0.065,2,4.13,1
55.0,39779.37,804.0,24,0.0605,2,18.97,0
30.0,73859.95,806.0,36,0.0631,2,5.67,0
51.0,31810.79,850.0,48,0.0289,12,11.37,1
60.0,106639.11,780.0,12,0.0581,4,39.97,1
63.0,123067.23,623.0,48,0.0844,1,5.11,1
44.0,102363.97,611.0,48,0.0495,2,32.74,0
40.0,166897.41,796.0,48,0.0448,2,44.53,0
63.0,24231.5,494.0,24,0.0665,12,11.51,1
27.0,152181.43,692.0,48,0.0686,2,21.87,1
52.0,29862.37,483.0,60,0.0744,4,31.06,0
24.0,23366.63,710.0,24,0.0477,2,58.11,0
61.0,101937.6,785.0,24,0.0607,4,25.73,0
41.0,201969.82,728.0,60,0.0888,2,21.82,1
64.0,97539.58,794.0,36,0.0338,2,26.63,0
52.0,61132.81,850.0,36,0.0223,4,13.66,0
27.0,81646.47,686.0,12,0.0658,4,46.23,1
66.0,68626.01,850.0,36,0.0586,2,29.91,1
68.0,19419.81,721.0,12,0.0418,4,34.87,1
58.0,17281.29,795.0,48,0.0371,12,6.97,0
34.0,55335.73,639.0,12,0.0485,4,7.47,1
40.0,64851.6,850.0,36,0.0703,4,6.08,1
47.0,60556.52,804.0,12,0.069,1,29.04,0
34.0,117724.4,847.0,24,0.0545,4,8.53,0
70.0,48267.96,705.0,36,0.0405,4,24.89,0
47.0,105132.76,574.0,12,0.02,1,37.06,0
18.0,51813.87,746.0,36,0.059,4,5.99,1
50.0,370778.07,530.0,60,0.0634,1,6.56,1
40.0,64907.19,666.0,36,0.0471,2,26.63,0
44.0,622016.94,719.0,60,0.0967,2,6.48,1
39.0,85136.54,850.0,12,0.0352,12,0.62,1
57.0,48354.9,732.0,60,0.0796,2,2.47,0
62.0,24356.45,714.0,36,0.0653,4,21.86,1
49.0,14144.93,694.0,24,0.0463,1,7.47,1
40.0,22215.77,566.0,60,0.02,2,2.06,1
44.0,24844.55,709.0,36,0.0778,4,49.53,1
45.0,88860.23,710.0,24,0.0511,2,27.91,0
33.0,35377.62,603.0,48,0.0861,12,5.77,0
54.0,72180.63,581.0,60,0.0514,2,19.89,0
52.0,215772.17,652.0,60,0.079,2,0.6,1
68.0,54840.91,706.0,12,0.0215,4,11.48,1
64.0,478856.72,654.0,48,0.0231,1,5.84,1
35.0,18475.28,595.0,12,0.0419,12,2.62,0
57.0,51504.09,729.0,12,0.02,1,4.22,0
31.0,34915.53,754.0,36,0.0563,1,0.63,0
55.0,152742.17,712.0,12,0.0348,1,18.78,1
37.0,6375.44,644.0,60,0.065,12,15.7,0
30.0,14141.72,759.0,12,0.02,12,47.73,0
49.0,53779.8,681.0,24,0.073,4,6.59,1
18.0,282484.15,581.0,60,0.0517,4,9.46,0
19.0,75044.9,804.0,36,0.0682,4,1.23,1
42.0,15497.79,735.0,12,0.0466,12,1.94,1
46.0,18084.91,688.0,24,0.02,12,30.24,0
39.0,319013.82,543.0,24,0.0764,2,32.08,0
21.0,32172.43,626.0,60,0.065,1,6.54,1
33.0,23319.3,850.0,12,0.0692,4,35.17,0
51.0,262333.68,549.0,24,0.0525,2,44.17,0
54.0,164570.94,675.0,12,0.0868,12,42.01,0
45.0,214070.28,698.0,60,0.1004,2,1.81,0
62.0,23154.82,732.0,48,0.0775,2,4.18,1
51.0,13028.5,550.0,24,0.0217,12,2.73,1
34.0,68402.63,717.0,36,0.0551,1,12.04,0
41.0,83711.04,531.0,12,0.0366,12,2.98,1
24.0,86215.2,710.0,60,0.023,4,6.65,0
43.0,262546.62,635.0,60,0.0476,2,22.85,1
62.0,10574.84,613.0,36,0.073,4,16.2,1
55.0,141449.08,783.0,48,0.0413,2,14.46,0
66.0,19997.75,676.0,12,0.0385,2,5.27,1
40.0,140890.08,747.0,48,0.0439,4,48.39,0
65.0,37236.45,751.0,60,0.0918,2,10.62,1
42.0,26529.91,827.0,24,0.0605,12,27.57,0
67.0,32535.83,579.0,48,0.0358,12,0.17,1
45.0,14106.48,792.0,24,0.085,2,13.15,1
56.0,62344.39,702.0,36,0.0526,2,1.57,1
67.0,27648.5,662.0,60,0.0332,12,13.6,1
42.0,131439.01,585.0,24,0.0402,1,5.25,1
48.0,113556.53,761.0,12,0.0337,2,3.94,1
64.0,323889.29,608.0,60,0.0474,12,36.88,0
43.0,86364.11,752.0,36,0.0487,1,22.6,1
25.0,100778.24,850.0,12,0.054,1,28.58,0
77.0,242825.85,798.0,60,0.0393,4,29.97,0
38.0,31963.1,839.0,48,0.0624,1,22.36,0
47.0,13517.52,628.0,60,0.0821,2,13.7,0
62.0,73137.32,776.0,12,0.0383,1,16.95,0
36.0,14434.36,586.0,24,0.0759,4,34.14,1
30.0,696580.52,677.0,24,0.0541,12,36.19,1
49.0,256657.63,850.0,60,0.047,4,49.57,0
18.0,521245.46,639.0,60,0.0648,12,1.59,0
41.0,63732.31,811.0,36,0.06,2,36.47,0
49.0,103836.58,802.0,48,0.0629,12,32.96,0
41.0,37817.4,807.0,36,0.0362,1,25.4,1
22.0,144773.37,573.0,36,0.03,12,21.4,1
69.0,17755.61,753.0,24,0.02,1,26.29,0
47.0,4707.47,684.0,24,0.0582,4,1.25,1
66.0,27154.26,809.0,12,0.0319,4,5.84,0
41.0,13968.03,534.0,36,0.0386,12,23.06,1
32.0,262479.1,737.0,12,0.048,4,16.42,0
49.0,367940.84,723.0,60,0.0254,4,9.13,1
42.0,14721.6,501.0,12,0.079,4,2.8,0
27.0,217883.46,611.0,24,0.0445,1,22.49,1
67.0,155031.71,517.0,36,0.061,12,29.75,0
36.0,12459.31,627.0,24,0.0677,1,36.4,0
18.0,40527.36,755.0,60,0.02,12,35.01,0
65.0,33517.95,720.0,48,0.0429,1,2.39,1
37.0,126499.72,717.0,36,0.067,2,5.45,0
36.0,17522.14,596.0,24,0.0302,2,0.78,1
19.0,54237.48,812.0,48,0.0565,2,47.46,0
71.0,30153.78,698.0,60,0.0324,1,25.78,1
26.0,96118.89,703.0,48,0.0582,12,27.98,1
46.0,48204.52,794.0,24,0.0392,1,23.75,1
59.0,35057.83,601.0,24,0.0518,12,27.44,0
51.0,48373.31,723.0,60,0.0758,2,6.87,1
44.0,458650.07,742.0,60,0.0643,1,1.13,1
19.0,39462.27,645.0,48,0.0356,12,16.7,0
33.0,21141.53,765.0,48,0.0607,12,9.96,0
48.0,107305.33,748.0,24,0.058,4,14.48,0
33.0,51868.93,690.0,60,0.0737,12,29.91,0
48.0,14541.56,687.0,12,0.052,2,25.33,0
55.0,557655.31,752.0,60,0.0513,1,0.28,1
59.0,42088.13,779.0,36,0.0661,4,6.11,1
27.0,41032.94,706.0,36,0.0664,2,29.5,1
78.0,70251.39,812.0,60,0.1174,1,0.15,0
57.0,337768.75,766.0,48,0.081,1,8.9,1
45.0,11161.82,521.0,36,0.0505,4,1.11,1
61.0,78903.89,560.0,24,0.0484,2,3.2,0
80.0,482758.67,818.0,24,0.0352,1,2.8,1
23.0,68099.74,675.0,24,0.0203,4,16.71,0
42.0,17407.67,716.0,60,0.0525,1,2.61,1
18.0,32260.64,814.0,36,0.02,1,2.95,1
48.0,73635.5,699.0,48,0.0896,2,29.15,0
50.0,226568.8,704.0,24,0.034,2,50.73,1
44.0,42644.95,613.0,48,0.076,1,4.06,1
35.0,136851.52,737.0,24,0.0478,12,38.24,0
18.0,14251.7,759.0,60,0.0616,1,19.34,1
51.0,14133.2,642.0,24,0.0248,12,40.89,0
67.0,36945.51,608.0,60,0.0619,2,47.47,0
36.0,252212.87,850.0,36,0.0529,1,48.26,1
52.0,64143.28,691.0,36,0.0893,1,16.36,1
21.0,80002.34,632.0,48,0.0248,1,23.49,0
52.0,79069.27,771.0,24,0.0238,4,1.94,1
39.0,181535.77,695.0,36,0.0297,4,2.82,0
34.0,32525.49,591.0,12,0.02,2,1.72,0
34.0,119167.47,748.0,12,0.0333,1,15.92,1
39.0,26085.04,615.0,48,0.0311,1,34.53,1
51.0,435074.54,850.0,36,0.0495,12,19.15,0
25.0,26892.67,749.0,60,0.051,4,7.01,0
39.0,24775.5,672.0,12,0.0204,2,21.37,0
44.0,103742.78,711.0,36,0.0743,2,10.55,1
29.0,64847.16,790.0,60,0.0618,1,35.55,1
72.0,83021.29,719.0,24,0.0688,1,23.3,1
32.0,75155.44,850.0,36,0.0741,4,44.22,0
35.0,20122.78,814.0,24,0.0309,12,45.11,1
30.0,300546.85,749.0,12,0.0387,4,15.23,0
72.0,146318.67,606.0,24,0.058,2,0.42,1
53.0,233036.4,685.0,12,0.0761,4,9.51,1
31.0,35301.09,748.0,48,0.0566,4,19.39,0
62.0,90809.9,618.0,48,0.0502,2,55.11,1
48.0,72938.25,829.0,12,0.037,2,11.3,0
49.0,184979.93,603.0,60,0.024,2,37.21,0
40.0,191041.91,636.0,48,0.0735,1,25.73,1
34.0,72624.01,644.0,60,0.043,12,30.51,1
50.0,13122.04,774.0,60,0.0516,1,18.53,0
37.0,354925.04,620.0,60,0.0844,4,5.98,1
72.0,104400.26,520.0,36,0.0433,12,0.41,1
26.0,32583.55,809.0,36,0.052,4,25.82,0
68.0,89907.99,656.0,60,0.0412,4,16.78,0
43.0,13212.34,593.0,12,0.0245,1,29.72,0
49.0,172017.77,625.0,48,0.0572,12,23.24,0
57.0,13749.92,850.0,24,0.02,1,10.75,0
36.0,48010.04,634.0,36,0.0795,2,30.83,1
58.0,76454.76,688.0,36,0.02,2,10.6,0
18.0,169200.51,655.0,24,0.0451,1,7.05,1
34.0,66605.65,577.0,60,0.0401,1,12.07,1
31.0,112979.64,626.0,24,0.073,1,24.37,1
26.0,58211.2,570.0,60,0.0363,4,53.21,0
42.0,57977.72,796.0,36,0.02,12,25.73,0
51.0,65217.12,710.0,24,0.0244,12,58.24,0
56.0,49560.14,850.0,12,0.02,2,1.49,0
49.0,11085.9,629.0,48,0.0682,12,47.46,0
35.0,27769.03,614.0,48,0.0874,12,38.92,1
51.0,76479.26,850.0,48,0.075,12,3.02,1
47.0,46671.03,806.0,24,0.0516,4,1.67,1
59.0,51235.65,738.0,60,0.0574,2,36.64,0
57.0,43331.99,589.0,36,0.0437,1,5.21,1
45.0,25245.46,850.0,48,0.0396,12,8.96,0
32.0,36566.97,693.0,24,0.0606,12,52.79,0
35.0,44053.86,657.0,48,0.0242,4,23.48,1
37.0,60182.88,814.0,60,0.0616,2,5.34,0
40.0,88732.22,698.0,12,0.0498,12,1.44,1
49.0,49983.57,583.0,12,0.0639,4,12.99,0
56.0,21382.86,704.0,36,0.0609,1,10.12,0
44.0,14793.13,622.0,12,0.0262,2,37.56,1
45.0,804066.46,399.0,12,0.0658,12,40.49,0
47.0,19344.92,612.0,24,0.0812,1,18.1,0
37.0,35645.39,647.0,24,0.0661,12,24.86,1
31.0,100408.32,584.0,36,0.0323,2,48.18,0
19.0,85893.26,758.0,36,0.0681,4,19.02,0
35.0,100797.18,622.0,24,0.0596,12,17.44,1
52.0,38456.5,748.0,12,0.02,2,52.89,0
34.0,76005.28,577.0,60,0.0459,4,43.13,1
41.0,63662.03,791.0,12,0.0669,1,4.22,1
52.0,43821.01,572.0,12,0.049,12,2.32,0
53.0,76527.83,466.0,60,0.0611,1,1.34,0
29.0,172019.92,824.0,36,0.0389,12,9.89,0
60.0,58559.57,614.0,24,0.0563,2,8.03,1
62.0,58950.47,850.0,36,0.0752,1,13.04,0
28.0,174235.14,756.0,36,0.0604,12,42.07,0
33.0,156585.95,779.0,36,0.0555,2,58.79,0
63.0,291832.84,805.0,24,0.0523,12,8.65,1
43.0,10339.94,711.0,36,0.0487,4,24.02,0
18.0,148022.44,712.0,36,0.0356,2,40.87,0
24.0,109270.32,828.0,48,0.0438,2,45.56,0
41.0,24694.79,711.0,12,0.0539,12,29.11,1
28.0,77002.1,627.0,48,0.02,2,31.38,0
39.0,171291.45,759.0,24,0.0757,1,13.41,0
45.0,26130.04,489.0,60,0.0398,12,1.06,1
67.0,93205.54,832.0,60,0.0264,4,17.63,0
41.0,143107.83,834.0,48,0.0902,2,18.52,0
61.0,20516.41,820.0,48,0.054,4,15.94,0
66.0,51933.24,816.0,48,0.0717,1,3.95,0
67.0,80899.94,692.0,12,0.0367,2,13.51,1
49.0,27007.46,689.0,24,0.0727,2,1.32,1
18.0,24855.81,577.0,36,0.0645,12,13.96,1
52.0,52310.66,850.0,48,0.0437,4,24.62,1
61.0,133471.03,651.0,12,0.02,12,18.01,1
44.0,113974.95,734.0,60,0.0711,4,38.38,0
71.0,25300.7,725.0,60,0.0461,12,53.26,0
58.0,114940.27,566.0,60,0.0736,4,6.86,1
54.0,25953.46,526.0,48,0.043,12,18.63,1
61.0,11966.07,701.0,60,0.0485,2,17.53,1
50.0,41475.43,655.0,60,0.0572,2,16.12,0
18.0,184051.22,691.0,60,0.0896,4,13.72,0
38.0,115377.03,807.0,36,0.0339,12,4.25,1
63.0,59780.11,722.0,60,0.0416,4,16.0,1
33.0,39469.93,776.0,12,0.0391,12,23.18,0
42.0,40547.84,745.0,48,0.0374,4,14.2,0
29.0,66755.03,668.0,36,0.0488,1,24.27,0
72.0,20569.46,600.0,36,0.0723,2,18.23,0
70.0,42272.53,726.0,48,0.0426,4,33.45,1
32.0,48263.48,708.0,60,0.0876,1,31.86,1
47.0,15505.12,792.0,60,0.0763,2,23.46,0
35.0,25888.44,685.0,24,0.0479,1,35.97,0
54.0,90265.16,670.0,60,0.0354,12,4.73,0
53.0,60446.37,677.0,12,0.0648,12,23.78,1
57.0,43968.92,608.0,60,0.0797,12,0.41,0
50.0,24066.41,845.0,48,0.0708,4,40.27,0
85.0,289772.04,814.0,60,0.0363,1,10.56,0
30.0,25900.58,579.0,48,0.047,1,1.8,1
19.0,77002.47,780.0,36,0.021,12,37.8,0
39.0,36758.73,515.0,24,0.0237,4,15.0,1
21.0,62086.22,799.0,36,0.0692,12,56.29,0
23.0,94618.64,630.0,48,0.0618,4,10.15,0
30.0,15210.53,736.0,24,0.083,2,30.79,0
31.0,59479.31,507.0,36,0.0265,1,11.73,0
31.0,196954.62,580.0,60,0.0771,4,27.19,0
53.0,348537.77,747.0,60,0.0762,12,27.01,0
37.0,52574.48,630.0,24,0.0916,4,44.14,0
42.0,62422.51,616.0,36,0.0675,4,12.67,1
58.0,546523.74,840.0,12,0.02,2,6.11,1
34.0,186264.74,850.0,12,0.0611,12,48.96,0
41.0,32296.54,794.0,12,0.02,1,5.75,1
50.0,32241.72,591.0,36,0.02,4,4.37,0
18.0,155834.44,850.0,36,0.0555,12,30.88,0
18.0,21784.69,544.0,36,0.066,1,19.25,1
50.0,177677.74,670.0,48,0.02,4,13.07,1
52.0,83641.91,705.0,12,0.02,4,15.77,0
76.0,100480.68,850.0,12,0.0414,12,6.29,0
47.0,46317.09,791.0,12,0.0605,1,59.81,0
57.0,31894.06,654.0,48,0.0497,1,15.5,1
42.0,258329.93,606.0,48,0.0432,2,17.93,0
49.0,46782.42,800.0,36,0.0259,2,11.53,1
70.0,39698.35,647.0,12,0.0432,12,30.64,1
18.0,55263.22,722.0,12,0.07,1,5.38,1
51.0,72621.92,563.0,60,0.0537,4,57.02,0
77.0,21357.86,757.0,60,0.0566,12,51.41,0
49.0,34034.45,749.0,60,0.0855,2,42.44,1
70.0,32272.41,576.0,48,0.0897,12,9.06,1
36.0,139424.75,803.0,36,0.0878,1,14.45,0
45.0,24687.13,755.0,24,0.1034,12,3.04,1
46.0,10344.73,774.0,12,0.0328,2,16.72,1
18.0,8374.15,662.0,60,0.0261,1,21.53,0
27.0,13761.36,718.0,12,0.0609,4,7.87,0
29.0,233640.34,706.0,12,0.0447,2,35.53,1
57.0,60852.4,685.0,12,0.0507,2,20.99,0
58.0,98839.15,717.0,36,0.02,2,26.71,0
50.0,102384.2,826.0,12,0.0566,12,36.71,0
57.0,63334.4,807.0,36,0.0418,2,4.33,1
43.0,55559.99,582.0,24,0.0423,12,9.0,1
63.0,170165.44,799.0,24,0.0471,12,21.32,1
45.0,69285.85,819.0,48,0.02,1,23.12,0
46.0,242582.58,685.0,12,0.0377,1,5.97,1
41.0,111394.13,751.0,60,0.0796,2,16.69,0
55.0,32280.02,749.0,48,0.0566,12,4.79,1
39.0,36419.73,615.0,48,0.0789,4,4.94,0
60.0,28927.13,662.0,24,0.0263,12,13.55,1
28.0,202308.29,775.0,60,0.0551,1,31.66,0
29.0,39932.63,650.0,12,0.0285,1,2.72,0
55.0,26944.3,798.0,12,0.0925,12,6.33,1
44.0,82436.04,830.0,24,0.0276,12,13.83,0
38.0,54330.06,814.0,36,0.0704,12,7.81,0
58.0,80383.85,850.0,24,0.0419,4,21.55,1
36.0,396255.27,691.0,60,0.0735,12,8.39,1
42.0,149204.15,718.0,36,0.0233,2,29.64,0
66.0,61513.41,732.0,60,0.0398,2,36.72,0
68.0,14640.93,694.0,12,0.0628,1,21.27,1
69.0,36316.86,754.0,36,0.0484,4,22.56,1
41.0,121910.95,529.0,60,0.0535,4,0.25,1
63.0,18563.62,720.0,12,0.0417,1,13.23,1
31.0,509390.55,562.0,60,0.0461,2,10.46,1
31.0,60743.57,604.0,36,0.0451,2,1.74,1
18.0,62871.51,773.0,12,0.035,4,35.49,0
70.0,30741.07,680.0,60,0.0906,12,3.86,1
32.0,98394.26,770.0,48,0.0828,12,31.2,1
43.0,18807.26,678.0,36,0.0788,4,12.18,0
31.0,521723.27,811.0,36,0.0644,4,1.01,0
55.0,223541.26,676.0,36,0.0704,4,29.55,0
39.0,160218.93,505.0,12,0.0365,4,3.48,0
25.0,14906.77,723.0,36,0.0286,4,3.55,0
52.0,73527.39,483.0,60,0.0759,4,1.98,0
23.0,200603.66,555.0,48,0.0599,4,16.53,1
32.0,108348.2,612.0,60,0.0761,4,33.33,1
18.0,21980.06,599.0,60,0.0592,12,15.34,0
24.0,31254.11,645.0,36,0.0359,1,26.99,0
48.0,38103.59,596.0,48,0.0273,2,25.13,0
18.0,32746.85,559.0,48,0.0622,1,20.04,1
23.0,276171.92,850.0,48,0.0674,1,11.97,0
45.0,8769.08,632.0,48,0.0623,4,48.76,0
37.0,115372.25,477.0,24,0.0311,4,17.29,0
75.0,16443.68,664.0,48,0.0556,4,7.38,1
73.0,22896.71,588.0,36,0.0566,1,22.61,1
32.0,8024.6,612.0,48,0.0376,12,58.89,0
53.0,34577.05,771.0,60,0.078,4,12.26,0
56.0,271232.5,655.0,24,0.0482,4,21.47,0
36.0,78028.1,585.0,60,0.0816,2,22.46,0
23.0,18063.32,745.0,36,0.059,12,31.75,0
45.0,165569.72,815.0,36,0.0482,4,38.3,1
42.0,205110.53,754.0,48,0.0537,12,37.57,1
38.0,66439.46,455.0,36,0.02,2,12.32,0
52.0,458057.11,589.0,24,0.0511,1,35.89,1
34.0,136157.03,705.0,60,0.02,2,7.56,0
28.0,118498.14,676.0,36,0.0408,12,10.94,1
47.0,26812.44,667.0,36,0.0593,4,23.63,0
51.0,112128.24,602.0,24,0.0433,4,20.69,0
27.0,74368.76,559.0,12,0.0816,2,6.61,1
59.0,100692.74,850.0,12,0.0516,2,8.76,1
18.0,30194.48,703.0,24,0.0645,12,12.19,0
36.0,68056.86,764.0,36,0.049,12,6.93,1
41.0,26453.36,701.0,24,0.0589,12,34.95,0
35.0,6994.42,705.0,24,0.0454,4,46.16,0
37.0,162479.09,694.0,12,0.064,2,1.39,1
73.0,13327.85,588.0,48,0.0749,12,16.53,0
32.0,66648.41,549.0,36,0.0541,2,26.29,1
82.0,83533.42,739.0,60,0.0792,4,18.92,1
52.0,82997.27,719.0,24,0.0461,1,16.02,1
46.0,45112.78,794.0,12,0.0774,12,13.79,1
52.0,78528.07,774.0,48,0.0671,1,17.45,0
83.0,95890.97,619.0,36,0.0469,4,0.09,1
30.0,124862.05,813.0,24,0.0656,2,49.58,0
28.0,338893.55,777.0,12,0.0651,1,56.82,0
34.0,75674.32,769.0,24,0.0692,2,53.61,0
45.0,63834.49,850.0,60,0.02,12,14.71,0
19.0,24179.76,850.0,36,0.029,12,48.92,0
45.0,92590.92,769.0,36,0.0454,4,35.65,0
70.0,116702.48,757.0,36,0.056,12,4.87,1
47.0,49399.56,808.0,36,0.0629,2,0.46,0
41.0,103219.44,642.0,12,0.0423,12,2.0,1
36.0,44689.05,643.0,60,0.0668,1,51.23,0
58.0,117124.49,767.0,24,0.02,2,36.25,0
33.0,149134.27,614.0,12,0.0228,12,18.64,0
73.0,147064.69,759.0,48,0.0401,1,3.46,0
74.0,67362.54,716.0,36,0.092,2,39.54,0
49.0,21163.47,614.0,36,0.0685,1,24.22,0
45.0,32470.49,703.0,24,0.0424,2,29.81,0
60.0,108570.75,831.0,36,0.0838,1,16.24,1
61.0,693018.73,708.0,36,0.0307,1,14.56,1
33.0,42585.93,709.0,24,0.0355,12,7.15,1
37.0,94451.12,733.0,60,0.0557,4,3.66,1
25.0,34335.92,746.0,12,0.0524,12,28.88,0
51.0,22607.41,667.0,60,0.0584,2,25.66,0
55.0,30445.22,735.0,24,0.0431,1,11.2,1
25.0,7461.62,595.0,36,0.0639,2,1.46,0
38.0,231754.77,620.0,36,0.0527,12,16.81,1
25.0,6437.33,633.0,60,0.0746,2,18.88,0
32.0,45989.66,747.0,48,0.0663,12,17.87,1
53.0,18432.53,716.0,12,0.0369,12,36.85,0
34.0,24726.23,687.0,36,0.0265,4,14.84,0
40.0,237167.68,769.0,24,0.0715,12,39.53,0
21.0,73208.51,738.0,60,0.0281,1,7.66,0
48.0,22802.01,671.0,12,0.0712,12,38.97,0
44.0,33205.9,596.0,48,0.0448,12,43.03,0
34.0,27848.07,618.0,36,0.0626,1,41.97,0
42.0,57322.83,553.0,60,0.0378,12,46.45,0
48.0,71174.63,714.0,36,0.0594,2,24.86,1
33.0,398544.63,614.0,60,0.0731,4,51.89,0
23.0,8810.5,650.0,48,0.0413,1,14.01,0
72.0,57825.65,687.0,24,0.0323,1,23.0,0
36.0,43670.68,804.0,24,0.0341,2,49.9,1
44.0,154283.72,793.0,12,0.02,1,7.44,1
60.0,85375.81,695.0,36,0.0332,2,44.56,0
85.0,108051.39,827.0,36,0.0746,1,16.59,1
26.0,84548.97,499.0,36,0.02,12,6.63,0
52.0,23576.57,850.0,24,0.0394,1,15.95,1
34.0,201041.27,769.0,12,0.0529,4,17.55,0
37.0,133053.28,710.0,24,0.0525,1,8.66,0
34.0,149571.5,611.0,60,0.0334,1,1.12,0
28.0,211938.24,656.0,36,0.0763,4,23.21,0
44.0,90914.53,761.0,60,0.0652,1,22.03,1
23.0,263285.01,763.0,48,0.0307,2,23.51,0
59.0,87346.62,767.0,60,0.0471,2,48.22,1
46.0,48095.38,627.0,60,0.0382,4,10.89,0
51.0,59480.04,607.0,60,0.0597,12,10.18,0
38.0,58463.4,720.0,24,0.0796,1,15.98,0
39.0,35618.08,777.0,60,0.0601,4,3.26,0
49.0,306167.88,700.0,36,0.0823,4,20.09,1
28.0,80522.78,848.0,12,0.0479,1,8.1,0
40.0,65823.91,703.0,48,0.02,12,22.8,0
32.0,88280.48,700.0,36,0.0355,1,22.61,1
32.0,1178619.64,767.0,12,0.0646,1,14.09,0
18.0,19308.02,822.0,36,0.0486,4,53.07,0
65.0,25718.39,565.0,60,0.0523,12,2.87,1
35.0,15054.45,588.0,48,0.0412,4,1.69,0
62.0,47448.53,669.0,36,0.039,12,26.32,0
61.0,76536.15,850.0,48,0.0731,12,1.47,1
26.0,37596.92,674.0,24,0.0873,4,21.24,1
29.0,34901.09,688.0,24,0.0406,12,29.6,0
83.0,69037.48,762.0,60,0.0374,1,7.74,1
71.0,36239.04,798.0,60,0.0673,4,41.05,0
45.0,81648.26,717.0,24,0.0813,4,20.35,1
49.0,182450.53,816.0,36,0.0722,1,24.0,1
36.0,117833.8,581.0,12,0.0889,12,8.16,1
51.0,144496.9,623.0,12,0.0733,12,35.01,0
34.0,177356.73,816.0,24,0.0665,12,0.62,1
18.0,79445.63,701.0,12,0.0754,1,0.34,1
25.0,51090.76,574.0,36,0.0592,4,13.65,0
45.0,27660.12,568.0,12,0.0528,2,0.72,1
28.0,40490.47,619.0,12,0.0619,4,6.94,1
44.0,35465.46,700.0,24,0.0609,2,19.04,0
29.0,124451.62,747.0,48,0.0371,4,44.71,0
33.0,84692.52,667.0,48,0.061,2,0.05,0
58.0,120181.44,738.0,36,0.0538,1,25.34,1
49.0,18763.39,656.0,48,0.0604,12,5.86,1
45.0,250634.12,822.0,60,0.0512,1,25.56,1
58.0,39066.46,850.0,24,0.0587,12,58.77,1
52.0,19930.04,661.0,48,0.0568,4,23.77,1
67.0,38591.3,748.0,12,0.0283,1,31.98,0
38.0,717670.62,740.0,48,0.0364,4,0.42,1
39.0,40630.86,714.0,24,0.021,12,21.55,0
25.0,43256.53,765.0,12,0.0787,4,23.78,0
39.0,49409.37,748.0,12,0.0499,1,41.8,0
59.0,51605.3,653.0,24,0.0568,2,29.59,0
64.0,27406.18,832.0,36,0.0499,12,40.83,1
59.0,69093.3,720.0,36,0.03,4,24.68,0
18.0,175535.21,662.0,24,0.0467,2,5.68,1
61.0,81984.81,850.0,24,0.0502,2,46.21,0
18.0,19709.08,688.0,24,0.02,1,38.57,0
58.0,42431.83,725.0,12,0.0603,4,12.13,0
39.0,34491.65,718.0,12,0.0571,1,30.97,0
56.0,63129.25,687.0,24,0.0432,4,51.92,1
25.0,226489.0,745.0,12,0.0793,2,6.25,0
63.0,51591.76,616.0,60,0.0579,4,23.57,1
23.0,54821.91,760.0,24,0.0681,12,47.29,0
35.0,354209.85,524.0,12,0.0579,2,40.5,0
30.0,143803.92,570.0,36,0.0582,12,6.76,0
19.0,106306.45,850.0,24,0.02,1,4.49,0
46.0,424272.67,574.0,24,0.0396,12,8.04,1
72.0,97715.09,504.0,24,0.048,1,19.26,0
85.0,8212.99,577.0,48,0.0281,1,23.43,0
46.0,137677.02,850.0,24,0.0451,12,16.37,0
62.0,12185.37,521.0,36,0.0684,4,8.93,1
48.0,94089.84,604.0,12,0.0502,12,13.38,1
52.0,10788.72,554.0,24,0.0237,4,0.98,0
40.0,37539.33,673.0,60,0.0597,1,12.31,1
48.0,41614.98,656.0,12,0.02,12,21.56,1
53.0,27719.21,652.0,36,0.0618,12,27.26,0
36.0,42241.06,850.0,48,0.0396,4,4.97,0
44.0,168141.59,580.0,36,0.088,12,10.27,1
44.0,29320.64,690.0,48,0.021,12,15.8,0
57.0,103273.99,734.0,12,0.0493,4,32.98,0
29.0,22796.23,602.0,48,0.0278,4,8.95,1
44.0,49538.25,749.0,12,0.0425,2,52.67,0
74.0,82771.52,660.0,36,0.0934,4,16.94,1
62.0,22103.07,737.0,36,0.0421,1,41.2,0
65.0,16127.47,689.0,48,0.026,1,29.61,0
45.0,97917.26,495.0,60,0.0626,4,33.14,1
50.0,184071.66,831.0,36,0.0429,2,13.67,0
60.0,55322.5,850.0,48,0.0428,2,2.25,1
68.0,37899.27,682.0,24,0.0432,12,45.14,0
18.0,69959.75,610.0,12,0.0433,2,42.06,0
25.0,63289.83,850.0,24,0.0732,1,45.71,1
65.0,76336.2,850.0,24,0.02,1,39.1,0
41.0,4777.89,683.0,24,0.0513,4,6.61,0
35.0,20555.74,678.0,48,0.0553,4,8.19,1
26.0,25713.46,692.0,36,0.0531,12,14.37,1
37.0,69624.21,533.0,24,0.0277,4,33.21,0
24.0,72104.94,671.0,48,0.0295,2,24.5,0
76.0,113117.29,850.0,36,0.0436,12,10.27,0
45.0,77465.02,683.0,12,0.03,4,29.09,0
44.0,16305.62,596.0,36,0.0562,4,3.77,0
54.0,254486.89,750.0,36,0.0736,4,3.22,0
59.0,213612.37,633.0,24,0.0512,4,31.99,0
59.0,17014.19,693.0,48,0.0438,4,10.82,0
61.0,83508.63,573.0,60,0.02,1,37.42,0
36.0,33010.32,596.0,12,0.0559,12,11.46,0
41.0,68793.46,774.0,48,0.0342,1,48.31,0
57.0,171666.73,712.0,24,0.0434,12,8.78,0
37.0,503885.46,622.0,48,0.0352,2,2.12,1
45.0,126915.62,712.0,60,0.0457,2,27.94,0
51.0,80413.29,639.0,12,0.0542,2,18.69,1
57.0,42624.26,622.0,36,0.0581,12,16.33,1
18.0,71835.56,816.0,12,0.071,1,39.41,0
56.0,233228.02,778.0,60,0.0459,1,12.99,1
41.0,57256.2,698.0,12,0.0455,4,1.49,1
56.0,24683.43,714.0,12,0.0747,12,4.4,0
57.0,11852.69,699.0,24,0.0676,2,35.64,1
69.0,100012.24,749.0,36,0.0758,12,51.2,0
65.0,76671.71,620.0,60,0.0688,4,14.27,1
65.0,31385.2,786.0,24,0.0987,1,37.95,0
67.0,167044.27,735.0,12,0.0649,4,7.48,1
49.0,39270.27,674.0,12,0.0287,4,52.47,0
45.0,52331.61,651.0,48,0.0649,4,46.29,0
58.0,58884.66,784.0,24,0.0574,4,24.58,1
56.0,42152.42,685.0,60,0.0426,1,18.4,0
40.0,75800.87,630.0,60,0.0405,1,1.66,1
51.0,189380.81,662.0,60,0.0466,1,16.77,0
44.0,19101.42,777.0,60,0.02,1,2.5,1
32.0,97589.01,539.0,12,0.02,2,2.99,0
64.0,71122.47,664.0,12,0.0516,12,6.34,0
46.0,69826.15,807.0,24,0.0401,2,2.31,1
76.0,143178.1,683.0,36,0.039,4,12.3,1
21.0,62899.75,727.0,60,0.0431,4,13.81,1
37.0,96783.25,809.0,12,0.02,4,28.83,0
45.0,122499.79,789.0,24,0.0648,4,29.16,1
62.0,36157.32,656.0,60,0.044,2,4.88,1
51.0,80755.67,687.0,36,0.0508,1,5.17,0
50.0,46593.32,790.0,60,0.0688,4,19.37,1
28.0,52434.4,794.0,48,0.0431,2,4.05,0
28.0,43388.02,691.0,60,0.0678,2,4.18,0
50.0,95901.84,695.0,48,0.0573,4,4.63,0
25.0,64967.65,727.0,36,0.0677,4,8.0,1
37.0,88835.71,837.0,48,0.0693,2,13.14,0
53.0,58834.44,807.0,36,0.0602,12,1.39,1
30.0,12038.67,769.0,24,0.0482,2,0.17,0
69.0,61782.07,592.0,48,0.06,12,36.8,0
63.0,63801.88,673.0,60,0.0291,4,11.92,1
21.0,76312.8,678.0,60,0.0576,1,15.9,0
31.0,33066.33,842.0,24,0.0659,1,16.8,0
18.0,18115.63,676.0,12,0.0309,12,16.55,1
33.0,111815.63,825.0,36,0.0757,4,21.25,0
56.0,45542.15,643.0,12,0.0488,4,2.38,1
39.0,71057.45,651.0,12,0.0577,12,1.66,1
52.0,45185.88,748.0,24,0.0259,1,32.75,1
22.0,59512.29,850.0,24,0.02,2,6.67,1
57.0,38204.73,679.0,48,0.0743,12,17.69,0
37.0,22740.81,444.0,48,0.0473,4,33.05,1
45.0,96156.43,544.0,48,0.0698,4,5.4,0
44.0,32757.26,730.0,48,0.0464,1,25.99,0
26.0,70541.15,553.0,48,0.0326,12,10.39,1
28.0,90260.95,613.0,60,0.0846,12,9.53,1
60.0,33295.82,701.0,24,0.0485,12,8.07,0
51.0,17963.81,455.0,36,0.0523,4,32.42,1
61.0,677446.33,662.0,36,0.0465,2,26.54,1
50.0,35320.83,584.0,36,0.0215,12,16.35,1
47.0,111682.71,550.0,36,0.0608,2,45.53,1
19.0,416425.79,620.0,36,0.0584,4,19.38,0
41.0,131914.3,593.0,60,0.0679,2,13.99,1
45.0,44336.22,747.0,24,0.0338,2,2.81,0
74.0,55987.49,820.0,48,0.02,2,2.42,0
55.0,26040.1,664.0,48,0.0614,4,51.52,0
68.0,144595.64,640.0,48,0.0761,4,19.32,0
54.0,105479.37,659.0,24,0.02,4,0.53,1
34.0,35795.38,589.0,24,0.0221,2,3.07,0
47.0,21116.82,571.0,60,0.039,1,0.14,0
49.0,15974.78,535.0,60,0.0201,1,9.23,1
31.0,160574.61,567.0,48,0.0421,1,31.36,0
39.0,67533.1,850.0,24,0.0576,2,43.66,0
42.0,74234.52,631.0,48,0.0646,1,13.65,0
69.0,26292.83,406.0,60,0.0608,4,26.9,1
18.0,13856.32,641.0,48,0.047,2,15.73,0
63.0,156782.31,541.0,60,0.0756,12,25.79,1
31.0,62444.85,706.0,12,0.02,1,22.09,0
24.0,148335.91,695.0,36,0.0289,2,0.5,1
63.0,40703.4,706.0,12,0.0507,12,20.21,1
56.0,47248.78,696.0,48,0.0346,2,26.5,0
64.0,122185.81,663.0,48,0.0472,12,21.45,0
57.0,124535.75,554.0,24,0.0596,4,5.49,1
76.0,132928.36,693.0,36,0.039,2,12.83,0
53.0,44569.22,802.0,60,0.0391,4,56.46,0
43.0,110696.47,850.0,48,0.0447,4,19.08,0
50.0,181516.07,676.0,60,0.0675,12,0.36,1
64.0,53918.45,687.0,60,0.0627,1,34.92,1
33.0,35828.95,750.0,60,0.0661,12,11.38,1
35.0,229291.09,849.0,12,0.053,1,41.59,0
40.0,31118.39,651.0,60,0.0535,12,6.95,0
18.0,112361.48,769.0,24,0.0733,2,14.53,0
47.0,56476.38,618.0,12,0.0329,1,8.7,1
18.0,9494.18,733.0,12,0.0738,2,2.77,1
46.0,185089.37,797.0,48,0.0534,12,10.09,0
58.0,3797.68,571.0,36,0.051,4,13.01,1
38.0,8232.72,647.0,36,0.0399,12,37.27,0
70.0,101450.89,795.0,48,0.0742,2,49.27,0
23.0,101424.63,762.0,36,0.0669,12,29.17,1
63.0,31647.68,804.0,60,0.0229,4,6.43,0
55.0,69412.49,785.0,24,0.0565,4,20.56,0
19.0,4762.7,666.0,60,0.0355,12,27.51,0
85.0,121415.7,850.0,36,0.0446,12,15.6,0
44.0,76858.82,714.0,36,0.02,2,40.94,0
32.0,57202.74,394.0,24,0.0531,4,33.69,0
24.0,61135.1,672.0,12,0.0541,1,58.86,0
42.0,98052.09,653.0,12,0.0554,2,10.96,0
43.0,58168.46,780.0,24,0.0419,1,20.09,1
47.0,9190.67,655.0,12,0.0445,4,54.01,0
41.0,538386.64,810.0,36,0.02,4,2.37,0
54.0,198948.41,756.0,12,0.0692,2,29.86,0
39.0,16565.13,600.0,36,0.02,4,12.78,0
18.0,42398.27,686.0,48,0.058,1,3.1,1
43.0,47285.82,622.0,60,0.0455,12,39.92,0
18.0,176107.44,718.0,12,0.0615,2,9.15,1
50.0,6910.04,622.0,48,0.053,12,14.63,1
30.0,36351.54,707.0,12,0.0303,12,13.1,0
47.0,10294.48,673.0,48,0.0613,2,8.73,1
65.0,45021.91,685.0,24,0.0491,1,9.12,1
31.0,37328.0,850.0,48,0.0454,4,19.94,1
61.0,64841.04,664.0,36,0.0546,4,20.5,1
38.0,32699.84,507.0,24,0.0731,2,2.49,1
71.0,28253.61,802.0,24,0.0429,1,34.69,0
40.0,111263.52,801.0,36,0.0575,2,20.13,0
32.0,94341.15,502.0,12,0.0542,2,17.75,0
55.0,103922.25,630.0,24,0.0415,4,3.21,1
38.0,50166.36,744.0,12,0.0383,2,7.63,1
32.0,33801.53,752.0,60,0.0298,1,7.45,1
38.0,53164.57,700.0,48,0.06,1,0.65,1
44.0,98830.55,702.0,48,0.0381,1,52.87,0
65.0,6790.1,606.0,36,0.0247,1,25.39,1
18.0,88797.34,460.0,36,0.0488,4,18.27,1
45.0,81563.59,850.0,48,0.0696,4,21.29,1
54.0,63713.45,603.0,60,0.0733,4,2.95,0
48.0,51569.55,718.0,36,0.02,4,35.61,0
65.0,4600.32,684.0,60,0.0525,1,5.09,1
44.0,38566.79,790.0,36,0.0605,1,36.58,1
42.0,358412.1,711.0,24,0.0595,2,2.09,1
54.0,60651.6,715.0,12,0.0483,2,46.97,0
46.0,44033.68,437.0,48,0.0821,4,30.73,1
39.0,60894.99,617.0,12,0.0752,2,0.32,1
53.0,85371.95,774.0,48,0.0482,4,10.24,0
35.0,115707.44,765.0,36,0.0417,4,23.36,0
36.0,47625.32,605.0,12,0.0568,4,1.9,1
37.0,91575.55,542.0,60,0.0596,12,5.35,1
65.0,320183.9,713.0,36,0.051,2,23.08,1
18.0,163775.33,409.0,24,0.0527,2,14.9,1
51.0,621754.26,585.0,12,0.0806,4,3.28,0
46.0,31046.14,850.0,12,0.0811,1,35.04,1
20.0,320036.24,845.0,24,0.0656,12,15.74,0
50.0,27155.27,749.0,48,0.0684,2,18.58,1
52.0,85268.99,731.0,36,0.067,1,11.92,1
54.0,124551.74,505.0,24,0.046,4,10.21,1
18.0,35926.22,626.0,60,0.059,4,40.88,0
65.0,65379.52,670.0,36,0.0552,2,22.71,0
34.0,148815.28,628.0,24,0.0746,2,29.12,1
55.0,29428.8,665.0,24,0.0558,12,7.29,0
56.0,317865.45,830.0,12,0.0672,2,13.09,1
32.0,14993.97,646.0,12,0.0476,12,15.8,1
55.0,416520.7,666.0,12,0.0639,4,13.13,0
39.0,162970.77,774.0,36,0.0554,1,55.66,0
18.0,54735.86,558.0,48,0.035,1,11.71,1
63.0,40027.89,616.0,36,0.0645,12,4.66,1
33.0,36061.16,626.0,12,0.0708,12,4.0,1
32.0,52271.38,706.0,12,0.02,2,4.93,1
39.0,57039.78,666.0,36,0.02,2,1.17,0
49.0,210076.34,669.0,24,0.0547,2,2.6,0
44.0,428760.64,634.0,24,0.0579,1,0.63,1
53.0,73085.11,593.0,12,0.0318,2,0.25,1
25.0,25703.22,761.0,12,0.0557,2,43.84,0
34.0,34692.33,666.0,48,0.0481,4,17.48,1
43.0,49856.75,762.0,24,0.02,12,7.11,1
73.0,21372.88,589.0,48,0.0536,2,11.84,0
43.0,18417.54,633.0,12,0.0306,4,0.86,1
61.0,487539.8,678.0,12,0.0615,1,18.19,1
46.0,81033.14,687.0,48,0.0399,2,12.3,1
38.0,26026.4,775.0,48,0.0571,1,16.09,1
41.0,135483.29,657.0,12,0.0735,1,0.98,0
42.0,18428.5,775.0,60,0.0416,1,12.88,0
54.0,20010.01,737.0,12,0.0474,1,0.87,1
66.0,26821.46,689.0,24,0.075,12,25.26,1
50.0,313173.7,605.0,12,0.0613,1,14.04,0
63.0,46495.92,776.0,36,0.0484,4,43.45,1
31.0,5209.78,607.0,12,0.0794,4,6.1,1
39.0,200800.25,698.0,60,0.0458,1,3.13,0
34.0,44073.71,695.0,24,0.0454,1,7.42,1
50.0,9420.02,679.0,12,0.032,12,16.57,0
40.0,43621.98,661.0,48,0.0612,2,9.81,1
56.0,100811.12,618.0,24,0.0292,1,1.33,0
31.0,89684.14,538.0,24,0.0769,4,12.53,1
46.0,361643.78,840.0,60,0.0387,4,24.34,1
55.0,25520.37,651.0,48,0.0591,12,17.46,0
18.0,62737.84,687.0,36,0.0508,4,15.89,0
77.0,29745.43,687.0,12,0.0603,4,11.42,0
41.0,12807.77,810.0,36,0.0581,1,12.91,0
18.0,145150.64,850.0,48,0.0518,12,39.02,0
47.0,95155.68,716.0,24,0.0427,4,12.58,1
46.0,79513.21,684.0,60,0.0552,4,54.89,0
44.0,91747.01,588.0,60,0.075,12,19.74,1
60.0,30167.7,556.0,24,0.0439,12,1.2,1
56.0,21901.38,523.0,60,0.0276,4,5.53,1
49.0,62171.21,620.0,36,0.063,2,19.41,0
52.0,191226.03,491.0,24,0.0552,1,28.56,0
43.0,298963.61,808.0,12,0.077,4,6.85,1
72.0,132645.14,742.0,12,0.0609,4,1.73,1
23.0,61646.67,675.0,48,0.0749,1,7.28,1
47.0,78416.05,811.0,24,0.0846,4,11.26,0
46.0,60572.35,593.0,36,0.0444,4,34.49,0
57.0,21462.37,618.0,24,0.0479,12,16.1,1
32.0,61368.22,507.0,24,0.0721,4,8.39,0
19.0,15759.1,777.0,36,0.0516,2,17.72,1
47.0,52887.53,619.0,60,0.0419,12,15.73,0
49.0,307461.49,702.0,36,0.0447,4,0.98,1
67.0,136333.48,800.0,24,0.0375,4,0.39,1
26.0,23786.67,837.0,24,0.02,1,13.09,0
62.0,55690.84,697.0,24,0.063,1,22.16,0
81.0,25994.07,738.0,24,0.0355,2,32.8,0
39.0,56245.78,610.0,48,0.0209,1,5.91,1
26.0,169584.71,850.0,60,0.0676,1,11.06,0
39.0,115036.87,683.0,24,0.0213,2,20.62,0
45.0,717942.01,708.0,48,0.0726,4,28.45,1
53.0,197299.35,659.0,24,0.0634,1,3.78,1
36.0,73423.58,820.0,60,0.0589,1,7.71,1
68.0,117847.89,720.0,60,0.0264,2,8.53,0
28.0,48901.18,776.0,36,0.02,1,20.35,1
19.0,19389.67,735.0,48,0.0356,12,35.03,0
62.0,220968.75,678.0,60,0.02,1,15.5,0
18.0,164224.8,793.0,12,0.02,4,42.72,0
42.0,47049.04,735.0,24,0.0671,2,32.46,0
85.0,78742.3,604.0,60,0.0902,4,22.02,0
45.0,207096.3,601.0,48,0.0524,4,15.76,1
28.0,139574.17,715.0,48,0.0506,4,1.68,1
44.0,13861.89,791.0,48,0.038,2,0.52,1
44.0,76390.99,850.0,36,0.0679,12,20.23,1
47.0,50633.49,522.0,24,0.02,1,1.77,1
55.0,182225.59,703.0,12,0.0538,4,4.91,1
29.0,167886.38,749.0,48,0.0868,2,1.31,0
70.0,223822.33,730.0,24,0.0533,1,6.78,1
49.0,19576.9,801.0,48,0.0442,2,8.4,1
56.0,27334.05,766.0,48,0.0807,4,10.66,1
36.0,182422.82,601.0,12,0.0882,2,15.98,0
64.0,33135.29,599.0,24,0.0801,4,15.48,1
41.0,13076.43,731.0,48,0.0483,2,48.99,0
49.0,101986.58,799.0,36,0.0669,4,48.08,0
31.0,34640.6,714.0,48,0.0804,1,0.06,1
30.0,358538.3,542.0,24,0.0401,2,36.93,0
55.0,80513.85,595.0,60,0.0324,2,11.97,1
38.0,70281.18,769.0,48,0.0585,1,17.12,1
32.0,41388.41,665.0,36,0.0297,4,33.09,0
35.0,293853.12,712.0,36,0.0261,12,24.47,0
55.0,85695.4,807.0,48,0.0389,4,4.36,1
36.0,39795.16,580.0,24,0.0331,4,51.62,0
43.0,27062.82,659.0,48,0.0305,1,9.61,1
45.0,55632.73,648.0,36,0.0531,12,58.14,0
18.0,22524.37,736.0,48,0.0557,2,24.21,0
23.0,167523.25,777.0,36,0.0225,12,7.28,0
50.0,9814.91,552.0,60,0.0578,2,0.87,0
34.0,52077.38,699.0,48,0.0537,2,34.74,0
61.0,110208.97,787.0,12,0.0298,1,48.8,0
60.0,84298.51,515.0,48,0.0506,4,23.64,1
56.0,29223.17,694.0,36,0.0554,4,13.75,1
72.0,115874.0,578.0,24,0.0574,12,0.32,1
44.0,24685.24,636.0,36,0.0678,4,12.61,0
55.0,58548.77,449.0,60,0.0664,2,0.92,1
36.0,114902.77,839.0,24,0.0509,1,53.58,0
82.0,95121.74,664.0,12,0.0322,4,6.59,1
75.0,30484.11,619.0,12,0.0405,4,8.43,1
45.0,198291.71,733.0,60,0.0542,2,1.05,1
51.0,65296.56,596.0,60,0.0758,12,1.11,1
65.0,125868.8,586.0,60,0.02,4,15.27,1
43.0,276260.91,850.0,60,0.0521,2,50.54,0
35.0,183051.09,850.0,48,0.0471,12,30.31,0
58.0,183529.26,641.0,36,0.0555,4,25.62,1
46.0,72597.08,807.0,48,0.0225,2,17.71,0
48.0,132446.64,736.0,24,0.0683,2,30.06,1
32.0,74131.56,559.0,12,0.0496,4,13.97,1
19.0,17866.37,607.0,12,0.0447,2,41.68,0
49.0,81043.7,850.0,24,0.0579,4,34.25,1
59.0,77370.51,557.0,12,0.0565,4,39.03,0
42.0,107337.07,850.0,60,0.0505,12,32.19,0
67.0,52680.63,643.0,60,0.039,1,0.13,1
34.0,27960.4,850.0,60,0.0457,4,1.39,0
29.0,115439.99,669.0,24,0.0505,4,45.53,1
44.0,16102.47,780.0,36,0.0864,12,27.11,1
44.0,257511.37,840.0,24,0.0523,1,29.05,0
57.0,47504.61,839.0,36,0.0633,1,34.48,0
33.0,76536.89,642.0,12,0.0673,2,5.62,1
66.0,104668.99,614.0,12,0.0505,1,11.12,1
75.0,108086.6,692.0,12,0.0774,1,5.25,0
44.0,14632.72,570.0,36,0.02,2,29.34,1
64.0,136500.91,724.0,12,0.0562,1,17.12,1
29.0,81076.94,618.0,24,0.0721,12,0.75,0
61.0,31721.14,808.0,36,0.0603,4,31.25,1
61.0,28291.96,643.0,60,0.02,12,27.5,1
58.0,42870.83,526.0,36,0.0558,1,16.78,0
45.0,16338.15,840.0,24,0.0492,2,7.17,1
18.0,335127.85,718.0,24,0.0514,12,39.36,0
35.0,264646.78,703.0,24,0.0437,12,3.14,1
36.0,94061.13,809.0,12,0.0669,4,12.63,0
30.0,47887.11,787.0,60,0.0472,2,45.14,0
47.0,49162.78,624.0,60,0.0756,12,9.59,1
39.0,127780.05,655.0,48,0.0531,1,6.06,1
33.0,347259.25,589.0,24,0.0381,4,53.04,0
29.0,33846.92,554.0,12,0.0886,12,9.48,0
34.0,19582.94,758.0,36,0.0342,1,48.19,0
62.0,281430.49,739.0,12,0.0433,12,23.98,1
35.0,10025.24,776.0,24,0.0566,12,20.71,1
37.0,21839.36,828.0,12,0.0203,2,16.22,0
38.0,46776.78,777.0,24,0.054,12,10.68,1
50.0,12576.26,786.0,36,0.0381,2,23.18,1
52.0,182070.47,492.0,36,0.0953,1,3.25,1
18.0,141055.01,669.0,60,0.0452,2,44.39,0
60.0,33698.44,796.0,48,0.0299,1,21.98,1
67.0,215262.63,583.0,12,0.057,2,11.27,0
29.0,255069.78,709.0,48,0.0521,2,3.64,1
30.0,53467.5,752.0,12,0.0662,2,12.52,0
38.0,38151.94,744.0,60,0.0327,2,15.48,1
34.0,573550.94,737.0,60,0.0807,4,32.88,0
48.0,123150.42,760.0,36,0.0574,12,8.76,1
18.0,77367.7,718.0,36,0.0354,4,54.54,0
28.0,234109.9,554.0,36,0.0523,1,9.04,0
68.0,80977.83,751.0,12,0.0628,1,8.11,1
31.0,36111.96,728.0,48,0.0599,12,0.49,1
64.0,64871.25,555.0,48,0.0258,1,11.43,1
50.0,169169.13,838.0,36,0.02,1,5.53,1
18.0,8166.65,753.0,60,0.0228,2,50.32,0
55.0,44889.95,562.0,48,0.0544,12,1.67,1
43.0,238722.58,618.0,60,0.0576,2,2.41,1
38.0,35887.04,644.0,36,0.02,12,8.48,0
49.0,280999.61,644.0,12,0.0557,2,13.7,0
52.0,246407.96,729.0,24,0.0352,12,19.15,1
56.0,56076.43,602.0,48,0.0257,1,0.92,1
63.0,33909.85,813.0,36,0.0376,4,9.51,1
51.0,44920.12,805.0,36,0.0511,1,7.55,0
24.0,859937.07,762.0,48,0.0481,12,24.87,0
38.0,390203.8,704.0,24,0.02,4,59.77,0
85.0,67872.82,794.0,12,0.079,4,1.52,1
56.0,32592.79,672.0,48,0.0629,2,0.26,1
81.0,67308.45,628.0,12,0.053,12,7.46,0
66.0,76406.8,819.0,36,0.02,2,26.77,1
49.0,17268.53,732.0,48,0.0335,12,23.29,1
50.0,64863.56,632.0,12,0.0487,1,10.04,1
44.0,224673.68,658.0,60,0.0655,12,6.35,1
19.0,9903.5,626.0,60,0.0716,1,48.81,0
45.0,136842.23,850.0,60,0.1,4,2.5,1
63.0,236758.99,700.0,12,0.053,4,24.27,1
36.0,34181.6,716.0,60,0.0369,2,5.8,0
51.0,325844.57,772.0,36,0.065,4,13.3,1
58.0,30021.32,578.0,12,0.0302,4,30.23,0
31.0,93067.72,810.0,36,0.0571,1,7.24,0
38.0,44056.46,639.0,24,0.093,12,4.48,0
30.0,44046.61,850.0,12,0.0439,1,7.03,1
33.0,32296.07,669.0,60,0.0374,4,24.73,1
26.0,120400.08,804.0,60,0.0222,12,48.8,0
31.0,139917.11,450.0,24,0.0529,4,1.76,1
66.0,56138.54,582.0,48,0.0201,4,22.17,1
31.0,15367.83,671.0,24,0.0279,1,39.67,0
47.0,89605.34,497.0,60,0.0231,12,17.51,1
37.0,91309.89,760.0,60,0.071,1,32.47,0
63.0,48208.23,731.0,48,0.0468,2,0.96,0
65.0,387407.07,601.0,24,0.0773,2,15.31,1
58.0,12532.38,698.0,36,0.0543,2,33.53,0
50.0,6520.56,781.0,24,0.041,2,12.22,1
42.0,28829.81,490.0,36,0.0624,1,4.31,1
27.0,121835.19,573.0,60,0.0628,2,0.08,1
74.0,20830.12,666.0,60,0.074,1,2.09,1
34.0,22449.62,702.0,24,0.0323,12,8.58,0
55.0,154975.35,694.0,60,0.0503,12,1.91,0
61.0,95087.04,789.0,48,0.0268,1,34.2,0
37.0,87296.09,748.0,12,0.0549,12,29.83,0
61.0,130800.55,770.0,36,0.02,2,8.02,1
56.0,39136.35,561.0,60,0.0301,1,0.01,1
71.0,40987.23,714.0,36,0.0348,4,34.88,0
38.0,134561.86,669.0,24,0.0496,12,6.41,0
26.0,15601.36,846.0,48,0.0705,2,8.15,0
37.0,7025.35,717.0,36,0.02,2,14.93,0
48.0,38820.97,633.0,60,0.067,4,24.4,1
46.0,151884.14,785.0,12,0.0567,2,42.31,0
39.0,77308.54,756.0,48,0.0583,1,33.45,0
18.0,141109.51,618.0,24,0.0444,12,22.15,0
52.0,7972.12,665.0,60,0.0644,1,3.88,1
75.0,82083.87,667.0,48,0.0463,1,10.31,0
52.0,115135.45,823.0,60,0.0322,12,50.44,0
54.0,15509.42,720.0,24,0.046,2,10.92,0
54.0,141783.65,773.0,24,0.0523,4,19.7,1
51.0,53555.89,651.0,12,0.0293,4,1.8,1
59.0,1291528.17,733.0,48,0.02,2,45.4,0
51.0,6787.0,830.0,12,0.0633,1,15.16,1
40.0,235417.16,664.0,12,0.0349,12,20.7,1
33.0,40369.99,712.0,12,0.02,12,53.82,1
41.0,11882.81,564.0,36,0.0524,1,2.05,1
50.0,35349.69,623.0,24,0.0467,2,0.4,1
40.0,79021.82,667.0,12,0.0229,2,5.03,0
50.0,168968.35,594.0,36,0.0369,1,49.73,1
52.0,335026.29,832.0,36,0.0693,2,9.42,1
57.0,248175.91,616.0,36,0.02,4,29.09,1
64.0,22802.33,779.0,12,0.039,4,9.02,1
46.0,185380.3,719.0,36,0.0587,12,13.88,1
25.0,88546.66,703.0,12,0.02,2,3.09,1
40.0,31113.5,849.0,48,0.0865,1,21.09,1
46.0,48440.4,474.0,24,0.0672,4,4.04,1
18.0,29441.41,680.0,60,0.0842,12,2.88,0
66.0,62136.72,592.0,12,0.0495,2,50.1,0
47.0,28863.76,504.0,24,0.0804,1,41.27,0
51.0,21418.41,581.0,12,0.0526,2,19.84,0
65.0,96675.87,702.0,48,0.0443,12,4.82,1
36.0,112277.7,627.0,24,0.0274,2,28.31,0
54.0,49632.59,790.0,24,0.0552,2,2.58,0
43.0,235072.98,679.0,36,0.0366,12,17.21,1
42.0,46146.18,668.0,12,0.0357,2,3.96,0
33.0,44232.96,668.0,12,0.0528,2,0.57,1
70.0,115900.69,690.0,60,0.0848,1,12.91,0
39.0,52447.84,658.0,36,0.0763,4,50.02,0
55.0,65172.82,615.0,36,0.0664,1,4.17,0
18.0,4815.34,799.0,60,0.0491,12,17.7,0
63.0,60882.89,638.0,36,0.0517,4,17.2,1
61.0,9631.59,662.0,36,0.0792,2,6.73,1
46.0,17659.86,743.0,48,0.0601,2,59.25,0
42.0,15751.29,732.0,24,0.02,12,7.76,0
51.0,21108.2,611.0,60,0.099,1,2.08,1
79.0,34583.99,775.0,48,0.0494,1,28.91,1
19.0,36809.36,754.0,48,0.051,4,22.43,0
57.0,116340.35,718.0,48,0.054,2,14.45,0
31.0,74786.14,657.0,36,0.0513,1,44.91,1
45.0,8945.68,659.0,60,0.046,2,8.45,1
41.0,65074.93,680.0,36,0.02,2,20.19,0
39.0,82310.61,577.0,36,0.0248,2,14.43,0
45.0,43106.69,696.0,48,0.0843,4,0.67,1
28.0,56337.41,789.0,12,0.0356,12,40.94,1
60.0,72425.24,788.0,60,0.0721,2,27.66,0
18.0,128617.68,662.0,60,0.0557,12,27.81,1
53.0,12395.89,806.0,48,0.02,12,40.96,0
40.0,46895.78,850.0,48,0.0248,4,21.41,0
27.0,270583.52,668.0,24,0.0338,1,12.56,0
48.0,246880.9,769.0,48,0.0643,12,20.5,1
22.0,140215.66,474.0,36,0.0449,12,2.11,1
46.0,102418.71,574.0,48,0.0645,12,12.0,0
24.0,313211.75,709.0,60,0.0443,1,16.41,0
52.0,407521.1,599.0,12,0.0624,2,3.01,1
31.0,52623.6,850.0,12,0.0287,2,9.35,1
38.0,22710.16,760.0,36,0.0402,4,27.36,0
49.0,45693.33,797.0,12,0.0562,2,25.97,1
33.0,1324698.59,697.0,48,0.044,2,11.06,1
44.0,12464.55,600.0,12,0.0505,2,9.99,1
22.0,37401.3,648.0,48,0.0509,4,16.46,0
54.0,14578.58,725.0,24,0.0656,4,44.14,0
71.0,67830.27,636.0,60,0.0509,2,6.63,1
85.0,17985.28,767.0,36,0.0477,2,39.95,1
46.0,53704.33,771.0,24,0.0566,12,9.17,1
57.0,8517.73,700.0,12,0.0607,1,7.48,0
18.0,111037.21,517.0,36,0.0524,4,57.98,0
68.0,203281.15,850.0,48,0.028,1,31.44,1
57.0,40784.46,679.0,24,0.0665,2,34.13,1
38.0,52306.19,850.0,60,0.0628,2,18.38,1
64.0,50847.83,765.0,60,0.0434,2,28.7,0
41.0,71747.67,679.0,24,0.0605,2,4.71,0
38.0,57631.84,745.0,24,0.0881,4,3.72,0
52.0,129070.88,498.0,24,0.0447,2,9.2,1
29.0,205466.67,803.0,12,0.0492,1,11.33,0
60.0,26527.28,850.0,60,0.0553,12,12.01,1
29.0,43944.01,491.0,60,0.1084,12,16.81,1
29.0,147505.31,671.0,12,0.0537,1,7.09,1
31.0,14448.28,689.0,36,0.0372,1,27.7,1
56.0,8343.84,788.0,60,0.0241,12,27.18,1
36.0,75080.49,850.0,36,0.0431,4,44.15,1
25.0,98355.76,738.0,36,0.0491,1,5.04,0
36.0,29076.91,850.0,36,0.0622,4,19.73,1
45.0,33568.69,717.0,60,0.0503,12,18.15,0
27.0,27995.74,745.0,48,0.0512,4,54.17,0
28.0,25161.61,733.0,36,0.0538,12,2.15,1
77.0,119790.04,822.0,48,0.0532,2,3.45,1
32.0,18388.88,658.0,12,0.0745,4,29.51,0
40.0,45911.79,782.0,48,0.0312,4,19.83,0
39.0,24213.46,577.0,48,0.0876,4,10.76,1
39.0,13970.61,672.0,24,0.0773,2,15.33,1
54.0,142939.7,636.0,36,0.0703,2,3.41,1
59.0,35602.63,709.0,60,0.0331,2,5.76,0
40.0,72289.93,668.0,24,0.0471,1,7.82,1
26.0,13252.27,813.0,48,0.0353,12,32.04,0
64.0,28511.44,612.0,12,0.033,1,9.11,1
44.0,127527.57,527.0,60,0.0444,4,39.0,1
71.0,795933.93,564.0,12,0.0472,12,41.59,0
18.0,8298.12,799.0,48,0.0427,1,37.83,0
48.0,48966.53,603.0,12,0.0506,2,13.59,1
74.0,90425.41,740.0,24,0.0666,1,14.89,1
40.0,32334.82,671.0,12,0.0653,2,18.84,1
42.0,140017.4,782.0,24,0.0576,1,6.72,1
49.0,25166.46,677.0,36,0.0484,2,14.95,0
37.0,69832.0,850.0,60,0.0421,1,36.92,1
40.0,35522.73,850.0,12,0.0559,4,59.24,0
40.0,202689.61,668.0,24,0.0697,12,11.83,1
36.0,30443.73,655.0,48,0.0762,1,14.29,0
63.0,42113.61,850.0,48,0.0247,1,45.16,0
52.0,154151.17,592.0,24,0.0484,12,7.53,0
49.0,21417.45,694.0,60,0.0322,4,20.53,1
57.0,64135.29,702.0,36,0.0207,4,13.44,0
41.0,9676.6,700.0,36,0.073,2,26.46,0
33.0,20172.32,526.0,60,0.075,4,17.12,1
36.0,87739.83,750.0,12,0.0461,12,21.98,0
45.0,22232.32,603.0,24,0.0408,1,13.85,1
29.0,34732.36,844.0,36,0.0425,12,47.57,0
37.0,98035.64,554.0,60,0.02,2,31.39,1
37.0,33550.73,706.0,36,0.0718,1,7.3,1
77.0,136331.14,478.0,36,0.0404,2,13.94,1
18.0,74284.89,485.0,12,0.0454,2,42.57,0
42.0,92566.55,616.0,36,0.056,4,54.0,0
71.0,207101.77,630.0,24,0.02,1,4.9,1
47.0,82439.75,847.0,60,0.0503,2,33.68,0
56.0,278966.59,696.0,12,0.0526,2,3.58,0
46.0,148934.56,829.0,12,0.0389,2,25.08,1
35.0,35473.73,662.0,60,0.0926,12,17.72,1
18.0,218195.79,761.0,24,0.0258,2,15.37,0
48.0,77953.36,627.0,36,0.0595,4,12.5,1
33.0,40348.94,621.0,36,0.0293,4,22.42,0
33.0,79093.48,518.0,24,0.0555,1,2.14,1
38.0,182102.83,734.0,48,0.0279,2,0.64,0
71.0,94376.28,726.0,60,0.0688,1,12.18,1
81.0,370420.02,778.0,24,0.057,1,12.66,0
48.0,177465.33,721.0,36,0.02,4,1.42,0
38.0,101028.71,850.0,60,0.0528,2,31.6,0
27.0,21459.7,718.0,60,0.0396,4,13.95,0
52.0,50024.47,799.0,36,0.0468,12,23.16,1
72.0,64322.46,668.0,24,0.02,2,25.1,0
41.0,120166.25,609.0,48,0.078,2,20.03,1
18.0,113247.73,772.0,60,0.0308,1,22.56,0
55.0,70936.5,691.0,60,0.0452,1,22.75,1
60.0,67531.53,783.0,60,0.0324,4,6.97,1
21.0,123063.64,735.0,24,0.045,12,40.16,0
48.0,25372.31,621.0,60,0.0477,4,6.63,0
52.0,326281.51,807.0,36,0.0483,12,34.02,0
44.0,7729.76,613.0,36,0.0781,2,26.03,1
33.0,256634.84,763.0,12,0.048,1,18.66,0
60.0,57228.91,828.0,60,0.0819,1,28.04,1
39.0,163175.21,662.0,48,0.0217,2,0.03,0
23.0,86149.59,816.0,12,0.0738,12,0.45,1
18.0,84629.18,740.0,60,0.0697,4,16.06,0
64.0,104219.49,785.0,60,0.0719,2,29.39,1
54.0,134464.34,616.0,24,0.0927,1,12.64,1
46.0,43095.3,721.0,24,0.02,12,44.2,1
38.0,168518.22,559.0,36,0.02,4,33.28,0
37.0,20242.29,850.0,12,0.0511,2,10.95,0
29.0,59555.83,499.0,12,0.02,1,15.81,1
39.0,138132.68,665.0,12,0.02,12,49.8,0
18.0,161945.9,607.0,36,0.0454,4,57.17,0
34.0,94919.92,767.0,48,0.0401,2,10.67,1
40.0,40400.91,850.0,48,0.02,4,52.29,0
54.0,146782.59,765.0,48,0.0375,2,0.26,0
44.0,30657.54,850.0,12,0.065,12,26.9,0
57.0,345037.74,562.0,60,0.0596,1,2.86,1
65.0,55013.24,570.0,12,0.0648,2,2.11,0
61.0,12840.69,611.0,60,0.0406,2,7.1,1
52.0,18129.88,712.0,24,0.074,12,30.07,0
45.0,62545.13,597.0,36,0.0864,12,47.42,0
30.0,68859.62,625.0,48,0.0539,1,15.65,0
56.0,429190.73,762.0,12,0.0408,12,52.93,0
70.0,21194.58,576.0,12,0.0493,4,4.13,1
50.0,62284.15,587.0,24,0.025,4,0.14,1
74.0,20755.75,660.0,60,0.0431,1,26.89,1
22.0,36583.23,670.0,48,0.0623,1,11.82,0
28.0,322536.64,801.0,36,0.0571,12,46.56,0
58.0,19219.18,610.0,60,0.0599,4,32.09,0
49.0,107693.28,628.0,60,0.02,12,24.47,0
65.0,88690.44,758.0,48,0.0639,1,17.06,1
45.0,58444.25,780.0,36,0.039,4,23.96,0
32.0,100653.24,843.0,48,0.0455,1,3.97,1
42.0,18769.33,747.0,48,0.0354,1,15.53,0
22.0,313740.82,713.0,12,0.0802,12,26.89,1
28.0,410382.73,758.0,36,0.0235,1,7.94,1
60.0,62761.98,673.0,60,0.048,12,8.62,0
58.0,675430.9,673.0,48,0.0236,1,17.51,0
50.0,40173.87,523.0,24,0.0693,1,12.81,0
19.0,89360.32,789.0,36,0.0526,1,34.31,0
40.0,250669.11,721.0,24,0.028,4,4.32,1
27.0,37835.21,778.0,60,0.0516,1,19.44,0
63.0,15039.73,418.0,36,0.0334,2,19.84,1
36.0,11947.57,695.0,12,0.0667,4,28.17,0
29.0,470159.16,614.0,36,0.0906,2,12.9,1
45.0,35276.61,850.0,60,0.0234,1,31.47,1
35.0,49725.01,761.0,12,0.078,4,41.56,0
67.0,19677.59,723.0,60,0.0744,2,1.6,0
34.0,154560.25,657.0,36,0.0434,1,5.23,1
24.0,27403.89,740.0,60,0.0643,4,13.32,0
18.0,36634.18,607.0,36,0.0549,1,25.19,0
45.0,80782.89,690.0,12,0.0491,12,13.35,0
37.0,20659.99,642.0,36,0.0403,12,7.14,0
24.0,50082.04,850.0,60,0.064,2,17.86,1
63.0,243338.7,847.0,60,0.0395,4,57.04,0
55.0,91881.45,806.0,60,0.07,4,1.62,1
45.0,68223.36,551.0,24,0.0328,4,22.39,1
65.0,74225.62,786.0,24,0.0918,4,19.13,1
55.0,40573.28,719.0,24,0.0272,4,3.88,1
33.0,440714.4,822.0,48,0.1066,2,11.32,1
29.0,26578.1,732.0,36,0.0429,4,18.43,1
57.0,73933.86,699.0,24,0.0656,12,0.5,0
51.0,67172.93,723.0,60,0.0697,12,26.49,1
48.0,164187.2,519.0,60,0.0536,4,0.36,0
32.0,180443.67,623.0,24,0.0725,1,2.08,1
54.0,57987.41,737.0,24,0.038,4,5.02,1
34.0,80070.8,814.0,60,0.0254,2,36.88,0
43.0,83161.08,645.0,24,0.051,12,46.0,0
67.0,6172.49,696.0,48,0.0655,12,1.66,0
35.0,12222.21,540.0,48,0.0383,2,31.08,0
21.0,32693.66,846.0,48,0.0557,2,38.28,0
29.0,34146.02,811.0,12,0.0237,1,28.27,0
60.0,18046.69,765.0,48,0.055,12,0.35,1
49.0,126700.66,741.0,60,0.0414,4,25.05,1
43.0,60001.11,850.0,12,0.0537,2,23.59,0
37.0,48305.73,619.0,60,0.0523,4,36.69,0
52.0,17048.96,609.0,60,0.0312,2,16.47,1
32.0,57265.59,806.0,24,0.0529,2,7.81,0
50.0,4329.97,799.0,36,0.0395,12,5.04,0
34.0,50870.77,581.0,48,0.0685,2,9.79,0
32.0,63779.28,647.0,36,0.0687,12,3.94,0
35.0,76260.85,850.0,36,0.0541,1,15.21,0
39.0,12530.22,741.0,24,0.0519,12,4.2,0
44.0,74968.01,779.0,36,0.0649,4,36.21,0
49.0,21132.53,584.0,48,0.0689,4,9.26,1
18.0,26569.79,766.0,12,0.0811,4,15.33,0
33.0,122753.23,558.0,60,0.0451,4,0.75,0
39.0,448701.76,502.0,48,0.0248,12,8.77,0
68.0,63029.54,773.0,24,0.0692,12,33.12,1
29.0,26447.17,843.0,12,0.0816,2,14.96,0
47.0,72306.58,675.0,24,0.0514,12,19.98,0
67.0,153127.95,645.0,48,0.049,4,4.58,0
25.0,111412.81,850.0,60,0.082,12,32.9,0
51.0,930160.91,681.0,36,0.0284,1,36.14,1
33.0,29280.07,693.0,36,0.044,1,21.2,0
37.0,77051.67,850.0,24,0.0373,1,6.88,0
33.0,281790.16,665.0,12,0.0506,4,37.41,1
34.0,264648.88,635.0,60,0.0707,1,4.62,1
85.0,8517.87,782.0,24,0.0251,2,5.37,0
58.0,59673.44,629.0,60,0.0707,1,10.62,1
62.0,264215.61,686.0,24,0.0334,4,2.7,0
52.0,1078026.91,568.0,12,0.0588,2,3.32,0
21.0,121030.26,719.0,48,0.02,1,19.11,0
51.0,41445.59,707.0,36,0.02,12,7.25,1
61.0,21824.68,797.0,60,0.047,12,37.0,1
32.0,550588.71,786.0,60,0.0754,4,36.21,1
59.0,124087.42,755.0,12,0.0712,4,6.48,0
56.0,25640.62,739.0,60,0.02,4,27.84,0
73.0,48866.32,693.0,48,0.0722,2,15.15,1
39.0,81649.14,761.0,48,0.0605,4,27.65,0
29.0,103136.3,589.0,12,0.0588,1,36.82,1
40.0,24352.29,465.0,24,0.0957,1,45.66,1
67.0,32396.63,816.0,24,0.0375,12,1.98,1
18.0,11465.13,767.0,60,0.0695,12,46.71,0
18.0,169356.68,687.0,60,0.0508,1,3.55,0
46.0,42547.72,807.0,12,0.0825,12,17.27,1
38.0,95446.55,627.0,48,0.057,4,5.69,0
45.0,248266.62,629.0,12,0.0396,4,31.06,1
59.0,74598.09,616.0,24,0.0369,1,15.49,1
37.0,53478.21,757.0,48,0.0547,2,1.05,0
18.0,72687.27,542.0,60,0.0342,2,13.83,1
76.0,63779.91,623.0,24,0.02,2,44.27,0
30.0,208181.38,729.0,36,0.0763,12,8.09,0
29.0,81702.38,580.0,24,0.0726,2,16.97,0
62.0,34738.33,634.0,48,0.05,4,17.88,1
39.0,170731.78,479.0,48,0.0642,2,24.88,0
44.0,204942.42,761.0,12,0.0653,1,2.83,1
52.0,15703.98,631.0,48,0.051,12,0.99,0
61.0,277280.22,590.0,36,0.02,4,10.51,1
40.0,86224.68,570.0,36,0.0569,4,18.92,0
68.0,79480.74,658.0,48,0.0448,1,6.07,1
18.0,163836.56,542.0,60,0.0902,12,13.64,1
56.0,33962.89,850.0,48,0.0632,1,8.93,1
32.0,155463.23,462.0,60,0.0633,2,40.32,0
66.0,41077.86,655.0,48,0.0798,12,34.74,0
47.0,13698.61,711.0,24,0.0522,12,0.06,0
35.0,22075.94,622.0,48,0.0899,4,0.9,1
55.0,105558.63,721.0,24,0.0295,2,17.99,1
58.0,23260.96,620.0,60,0.0477,2,11.67,0
55.0,299561.83,850.0,48,0.0768,4,0.03,1
30.0,196670.19,588.0,60,0.0254,1,2.21,0
38.0,227166.65,465.0,36,0.0429,4,22.77,0
45.0,67831.27,570.0,12,0.0597,1,2.65,1
44.0,77486.7,739.0,60,0.0607,1,5.84,0
56.0,18147.5,688.0,24,0.0372,12,14.81,1
18.0,162069.98,775.0,12,0.0791,2,15.89,0
50.0,87538.45,750.0,48,0.03,2,20.98,1
41.0,105588.59,636.0,24,0.0544,2,30.43,0
32.0,323939.42,651.0,12,0.0368,4,0.46,1
34.0,32664.27,661.0,12,0.02,4,55.78,0
42.0,52778.46,850.0,60,0.036,1,2.25,1
18.0,83006.23,769.0,48,0.0437,1,16.97,0
34.0,23495.51,850.0,48,0.0241,4,26.91,0
32.0,49632.5,784.0,48,0.0748,12,24.86,1
53.0,98022.25,694.0,60,0.0534,4,1.23,1
33.0,43242.48,598.0,60,0.0559,1,4.02,0
42.0,221679.83,720.0,48,0.0483,12,21.03,0
68.0,13214.57,694.0,12,0.0478,1,21.56,1
60.0,184014.76,691.0,48,0.0614,4,20.18,0
59.0,115981.44,679.0,60,0.0401,2,34.68,0
38.0,33900.04,495.0,48,0.02,12,10.56,0
53.0,23756.02,826.0,60,0.02,4,2.08,0
41.0,7477.98,695.0,48,0.0562,12,4.2,1
42.0,27033.31,559.0,12,0.0443,2,23.81,1
51.0,170617.02,748.0,12,0.1031,2,0.66,0
36.0,56608.49,614.0,60,0.068,4,36.7,0
67.0,191564.7,756.0,60,0.058,1,21.27,0
43.0,32213.11,788.0,24,0.02,12,59.59,0
54.0,121431.57,802.0,36,0.0368,12,46.97,0
67.0,29216.87,684.0,24,0.0697,2,17.46,0
60.0,22797.93,659.0,60,0.0541,4,41.32,1
24.0,53791.61,637.0,60,0.0311,2,16.7,0
52.0,30792.72,628.0,48,0.0263,2,6.5,0
58.0,12799.71,698.0,24,0.0608,1,1.61,0
58.0,49895.46,679.0,36,0.0373,2,22.22,1
28.0,66598.37,617.0,24,0.0408,4,19.15,0
35.0,212853.33,586.0,12,0.046,2,12.92,1
60.0,152787.86,689.0,12,0.0777,4,37.09,0
34.0,202793.44,657.0,24,0.0452,2,9.86,0
41.0,123051.41,586.0,24,0.0781,1,20.16,0
69.0,83500.91,783.0,60,0.0422,1,30.74,0
44.0,17519.24,850.0,48,0.0211,2,37.54,1
34.0,69554.94,796.0,12,0.0447,1,35.48,0
32.0,108748.57,628.0,36,0.0499,12,15.6,0
50.0,257155.94,695.0,48,0.02,12,28.56,0
25.0,118929.78,850.0,24,0.0294,2,12.99,0
41.0,206981.24,583.0,12,0.0615,2,20.99,0
50.0,21332.82,778.0,24,0.0401,1,17.13,0
64.0,43199.42,555.0,12,0.0669,1,2.79,1
55.0,91982.23,850.0,36,0.0221,2,47.28,0
34.0,191176.56,657.0,48,0.0331,4,8.24,1
63.0,51780.63,850.0,36,0.0646,4,10.45,0
41.0,55135.77,850.0,36,0.0522,12,35.62,0
26.0,119031.13,689.0,48,0.02,1,11.62,1
42.0,19421.37,628.0,48,0.0553,1,2.24,0
67.0,298762.6,719.0,36,0.0784,12,12.42,1
47.0,24856.24,682.0,24,0.0461,4,15.34,0
45.0,8790.36,660.0,48,0.0388,4,14.05,0
70.0,60479.94,534.0,36,0.0708,12,39.83,0
24.0,327243.13,649.0,36,0.0385,2,13.01,1
26.0,107629.83,589.0,36,0.0611,1,16.92,0
21.0,126891.86,755.0,24,0.0442,2,46.65,0
51.0,62404.07,799.0,60,0.0288,2,2.54,1
47.0,51411.77,774.0,60,0.0385,4,12.66,0
68.0,12773.02,734.0,48,0.02,2,8.03,1
49.0,6251.73,615.0,60,0.0658,1,16.99,0
39.0,72858.34,721.0,12,0.0633,1,2.18,1
45.0,222470.37,779.0,48,0.0547,1,21.64,0
47.0,84468.48,641.0,48,0.0381,12,13.69,0
20.0,111703.08,712.0,36,0.0656,2,34.35,0
85.0,291768.96,685.0,12,0.0624,2,14.73,1
53.0,83180.39,850.0,60,0.0657,1,40.19,0
48.0,52962.79,785.0,48,0.0578,12,21.45,1
54.0,26409.4,761.0,12,0.0453,12,4.36,1
56.0,452350.48,528.0,24,0.0455,4,9.22,0
43.0,101371.55,717.0,24,0.02,4,22.14,1
36.0,23304.42,684.0,36,0.0255,1,3.97,0
54.0,18561.27,684.0,12,0.0587,2,8.02,1
51.0,209622.53,544.0,48,0.0806,2,12.53,1
33.0,21217.01,591.0,24,0.0665,2,44.23,0
66.0,382251.54,693.0,24,0.045,12,13.12,0
49.0,3802.97,811.0,60,0.0336,2,9.06,0
56.0,248350.22,641.0,60,0.0637,12,1.75,1
66.0,97430.52,660.0,12,0.0536,1,2.57,0
45.0,67413.09,850.0,60,0.0336,2,38.39,1
50.0,50238.73,670.0,12,0.0545,12,17.28,1
57.0,396618.38,687.0,48,0.0651,1,53.08,0
34.0,121425.82,688.0,48,0.02,1,4.19,0
46.0,24265.15,565.0,48,0.0479,12,55.25,0
47.0,10733.13,757.0,60,0.0757,12,45.4,0
31.0,71488.88,635.0,60,0.0708,2,6.77,0
80.0,59810.04,697.0,36,0.0496,4,6.28,0
24.0,13096.91,744.0,24,0.03,2,54.0,0
26.0,56647.69,850.0,48,0.0216,4,27.97,0
65.0,33727.38,568.0,60,0.0677,12,10.62,1
56.0,60432.97,786.0,24,0.0393,4,38.1,0
30.0,123738.24,787.0,48,0.0626,12,41.27,0
54.0,266361.57,636.0,48,0.0732,1,10.06,1
67.0,148581.52,760.0,24,0.0346,4,14.01,1
45.0,29101.91,850.0,24,0.0431,4,48.11,0
84.0,86587.88,624.0,60,0.073,1,26.92,0
19.0,63774.4,724.0,24,0.0461,2,29.9,0
55.0,15801.67,740.0,24,0.0615,4,2.37,1
62.0,89164.01,753.0,60,0.0435,12,11.78,0
58.0,383337.98,777.0,48,0.0268,2,36.43,1
42.0,61847.48,717.0,24,0.0603,1,13.24,0
41.0,12158.91,751.0,36,0.0803,4,18.1,0
52.0,61714.16,609.0,12,0.0582,1,35.57,0
57.0,17788.15,716.0,24,0.0623,1,3.58,1
54.0,142003.29,652.0,24,0.0626,12,21.2,0
61.0,101201.11,577.0,12,0.0833,1,0.23,0
30.0,50467.76,649.0,36,0.0437,4,18.61,1
42.0,42994.85,727.0,48,0.02,1,29.67,0
31.0,48424.72,744.0,36,0.0752,2,11.77,0
39.0,60371.63,573.0,12,0.0205,1,9.17,1
60.0,27660.62,606.0,24,0.0404,4,39.36,0
47.0,14946.72,772.0,48,0.0341,4,8.29,1
84.0,186969.16,751.0,36,0.0341,4,12.25,1
48.0,40725.06,789.0,36,0.0682,2,25.35,1
46.0,70759.57,837.0,48,0.064,4,3.72,0
47.0,79640.81,754.0,36,0.0331,2,18.62,1
35.0,82621.11,659.0,12,0.0748,1,31.48,0
44.0,18512.14,711.0,48,0.045,2,37.89,1
62.0,11205.5,850.0,12,0.0874,1,22.9,0
47.0,33233.29,850.0,48,0.0423,1,9.72,1
33.0,88939.49,746.0,12,0.0411,1,5.38,0
31.0,28913.1,754.0,24,0.0428,4,4.97,1
38.0,41985.46,773.0,24,0.0319,2,28.75,0
46.0,502473.11,702.0,36,0.0612,12,9.17,1
63.0,9457.62,816.0,48,0.0364,4,48.29,0
25.0,28140.53,801.0,48,0.0446,4,3.42,1
40.0,398955.06,735.0,12,0.0595,2,39.08,0
47.0,57262.51,668.0,36,0.0896,12,0.4,1
18.0,29555.2,548.0,36,0.0366,1,18.21,0
32.0,192676.7,773.0,48,0.0391,12,2.34,1
35.0,63274.04,721.0,24,0.0378,2,7.29,0
33.0,42264.03,626.0,48,0.059,4,42.03,0
48.0,72574.5,587.0,48,0.0404,12,15.36,0
43.0,31004.61,766.0,60,0.0322,2,2.05,0
37.0,21644.55,540.0,12,0.0521,1,27.61,1
51.0,53444.72,730.0,12,0.0616,4,15.89,0
71.0,21785.57,784.0,60,0.0403,2,44.58,0
70.0,60517.83,755.0,36,0.052,1,22.02,0
18.0,85340.68,661.0,12,0.0553,4,13.16,0
54.0,140513.73,575.0,36,0.05,12,54.6,0
42.0,184965.57,759.0,24,0.0564,4,21.31,0
47.0,39905.26,820.0,36,0.033,1,12.37,1
39.0,98658.0,643.0,12,0.029,2,57.68,0
47.0,97980.47,751.0,36,0.0339,1,24.39,0
47.0,83101.56,850.0,24,0.02,4,4.39,1
36.0,37069.16,734.0,60,0.0262,1,23.79,0
32.0,21416.83,660.0,12,0.064,4,39.39,0
38.0,98913.59,804.0,24,0.0633,1,32.05,1
49.0,10863.21,626.0,48,0.0238,2,31.16,1
54.0,45805.55,570.0,60,0.02,1,17.37,0
58.0,4658.13,781.0,60,0.0505,4,12.65,1
38.0,15734.29,659.0,12,0.0606,12,18.88,1
49.0,24906.05,668.0,24,0.0343,2,33.84,0
59.0,179283.6,637.0,48,0.0382,12,1.1,1
62.0,119146.37,653.0,24,0.0655,4,25.0,1
44.0,34408.72,840.0,36,0.0836,2,1.43,1
42.0,124165.4,850.0,12,0.0382,4,16.61,1
48.0,145455.13,850.0,36,0.0612,12,24.25,1
28.0,50987.47,809.0,36,0.0493,12,15.14,1
42.0,14997.25,747.0,60,0.0718,4,16.67,0
56.0,48634.46,557.0,60,0.0274,4,13.29,0
55.0,54290.67,681.0,36,0.0504,2,6.25,1
41.0,17457.87,850.0,24,0.037,4,51.26,0
48.0,86426.26,656.0,12,0.0487,12,10.18,1
33.0,79206.36,850.0,12,0.0676,1,0.75,1
56.0,93437.0,706.0,24,0.0496,12,10.38,0
44.0,79135.99,432.0,36,0.0347,4,22.88,1
41.0,124224.17,764.0,12,0.0682,12,27.55,0
40.0,50044.7,827.0,60,0.0602,4,0.15,1
44.0,73261.1,695.0,48,0.0548,2,45.3,0
38.0,40225.63,823.0,60,0.026,4,43.68,0
55.0,33372.94,533.0,24,0.0599,4,2.01,0
39.0,228262.06,561.0,48,0.037,4,11.02,1
69.0,7756.07,720.0,12,0.0302,4,35.58,0
67.0,143883.61,748.0,12,0.0315,4,15.36,0
32.0,32191.55,836.0,48,0.0617,12,3.38,0
46.0,28281.46,764.0,12,0.0592,12,17.04,0
35.0,77775.17,581.0,48,0.0503,1,32.86,1
40.0,13499.26,721.0,36,0.02,1,2.06,1
75.0,26475.55,760.0,24,0.0715,2,47.2,0
40.0,25613.13,513.0,60,0.067,2,3.68,1
50.0,47982.98,696.0,48,0.039,1,8.75,1
53.0,26792.1,666.0,48,0.0772,12,52.32,0
30.0,296890.51,635.0,36,0.0304,2,5.71,1
32.0,361138.39,750.0,60,0.0518,1,1.4,0
27.0,7926.81,585.0,36,0.0521,12,0.86,1
32.0,103189.53,742.0,36,0.0547,1,9.16,1
18.0,141303.23,756.0,24,0.0222,2,22.36,0
53.0,103051.61,808.0,12,0.02,2,3.16,0
76.0,31004.47,588.0,60,0.0482,4,4.05,1
47.0,46906.17,549.0,36,0.0325,1,11.25,1
24.0,28331.38,728.0,12,0.0566,1,3.11,0
35.0,39329.73,671.0,12,0.0525,1,17.03,0
38.0,17854.93,850.0,12,0.0765,2,33.37,1
30.0,53381.05,746.0,12,0.076,12,2.21,1
58.0,13322.35,706.0,24,0.051,1,27.1,1
57.0,49014.21,683.0,24,0.0798,12,20.31,1
28.0,17178.58,578.0,36,0.0542,1,18.15,0
56.0,73630.63,756.0,12,0.0492,2,7.99,0
68.0,30350.87,692.0,36,0.0841,12,2.17,1
74.0,80063.9,692.0,48,0.031,1,11.98,0
85.0,176589.08,709.0,24,0.02,12,13.06,1
31.0,293445.42,722.0,24,0.0454,1,45.97,0
85.0,4779.04,526.0,60,0.0537,4,10.59,1
40.0,25998.81,784.0,48,0.0626,4,19.63,1
36.0,44219.18,615.0,24,0.0272,4,29.42,0
50.0,94876.17,686.0,12,0.0468,1,22.18,1
36.0,11494.75,829.0,12,0.0256,12,6.01,0
51.0,22424.46,850.0,12,0.0443,4,18.76,1
25.0,68210.73,530.0,36,0.0768,2,10.25,1
41.0,65178.72,703.0,24,0.0529,12,9.84,1
64.0,87344.77,727.0,36,0.031,4,15.13,1
44.0,93309.36,549.0,24,0.02,2,2.77,1
47.0,84001.88,780.0,60,0.0426,2,4.3,1
52.0,72667.92,712.0,36,0.0496,2,12.03,0
63.0,63306.28,719.0,24,0.0501,1,12.2,1
20.0,116397.12,608.0,60,0.0236,2,12.25,0
54.0,6378.43,741.0,24,0.0538,12,28.25,1
41.0,280501.26,784.0,48,0.02,12,10.34,0
47.0,6604.58,713.0,36,0.0524,1,44.16,1
61.0,20350.04,649.0,12,0.0469,2,15.74,1
27.0,47726.36,656.0,60,0.0632,12,6.33,1
30.0,117314.41,722.0,60,0.0721,1,8.87,1
18.0,2995.1,705.0,12,0.02,2,14.38,0
37.0,58213.68,790.0,60,0.0633,12,42.54,1
65.0,132242.82,652.0,12,0.0712,2,27.83,1
43.0,161865.03,578.0,12,0.0637,1,32.21,0
25.0,29812.12,736.0,24,0.0392,4,6.32,0
38.0,44318.82,652.0,36,0.0719,12,4.26,1
23.0,32333.27,778.0,48,0.0388,2,0.28,0
28.0,40429.92,701.0,60,0.0283,2,4.65,1
51.0,21336.48,765.0,24,0.0496,4,8.34,1
27.0,24606.06,599.0,48,0.0476,2,28.4,0
62.0,92445.72,714.0,48,0.0675,1,34.04,0
44.0,68296.61,630.0,60,0.0364,1,9.25,1
46.0,97888.71,578.0,60,0.0527,2,15.36,1
41.0,74162.54,614.0,24,0.0271,2,26.87,1
57.0,121095.96,646.0,60,0.0767,12,33.07,0
57.0,144092.97,824.0,48,0.0617,1,49.23,0
50.0,10491.11,643.0,60,0.02,12,16.04,0
53.0,25481.05,573.0,24,0.0738,4,9.01,1
42.0,47506.61,713.0,24,0.0533,12,32.82,1
53.0,58531.62,703.0,24,0.0518,2,2.43,0
40.0,30635.34,651.0,60,0.0859,12,0.28,0
45.0,149048.0,684.0,36,0.02,12,41.24,1
41.0,433630.63,798.0,24,0.0587,12,1.78,1
38.0,72125.43,767.0,36,0.0429,1,4.53,1
35.0,65143.06,758.0,12,0.0317,12,9.86,1
52.0,140008.2,582.0,24,0.0769,4,10.16,0
65.0,9266.49,850.0,36,0.0325,12,17.32,0
63.0,61603.19,805.0,36,0.0382,12,28.63,1
26.0,159378.29,752.0,48,0.0559,12,9.57,1
64.0,31471.76,584.0,36,0.0739,2,9.19,0
40.0,17561.06,795.0,48,0.0436,2,2.52,0
54.0,49721.58,650.0,36,0.0662,4,42.48,0
31.0,56348.71,681.0,36,0.0837,2,36.97,0
47.0,24133.3,532.0,12,0.0855,2,18.8,0
50.0,487069.1,576.0,36,0.0748,1,16.76,0
23.0,37097.45,744.0,60,0.0748,4,52.07,0
54.0,18889.11,801.0,60,0.0697,2,19.28,0
65.0,54523.04,768.0,60,0.0234,1,0.16,1
42.0,148428.8,765.0,12,0.0582,2,25.52,0
65.0,60925.94,694.0,36,0.0587,1,31.65,0
42.0,97303.86,659.0,12,0.0615,2,53.29,0
58.0,25046.5,729.0,36,0.0326,2,3.83,1
18.0,265053.89,782.0,48,0.0616,2,49.53,0
81.0,104999.52,700.0,12,0.0705,2,8.02,1
67.0,170706.6,821.0,60,0.0557,12,8.23,1
41.0,86263.4,678.0,60,0.0287,2,1.49,0
18.0,136609.81,602.0,60,0.0382,4,40.05,0
49.0,25007.91,699.0,36,0.0581,12,41.79,0
23.0,36628.78,711.0,36,0.053,4,59.58,0
52.0,230148.63,692.0,12,0.0214,12,42.66,0
51.0,284856.82,828.0,24,0.0567,12,49.18,0
31.0,19014.07,781.0,36,0.028,4,10.04,0
62.0,76859.63,557.0,24,0.0297,1,14.16,1
57.0,38911.93,850.0,24,0.0276,4,21.12,0
60.0,29821.01,426.0,36,0.0204,2,0.54,1
45.0,79605.6,850.0,12,0.02,2,27.1,0
24.0,187392.93,671.0,24,0.0228,4,27.89,0
60.0,94057.58,681.0,12,0.053,1,29.85,0
41.0,43498.75,694.0,12,0.0543,12,9.1,1
24.0,100193.76,739.0,36,0.0434,12,9.28,1
65.0,41773.77,700.0,24,0.0435,2,23.54,0
76.0,90410.37,687.0,12,0.051,1,1.7,1
44.0,241945.0,831.0,24,0.037,12,8.48,0
77.0,7501.37,757.0,12,0.0353,12,23.68,1
46.0,132886.72,604.0,36,0.0553,2,32.34,0
39.0,12848.02,774.0,12,0.0724,1,58.94,0
36.0,204500.91,752.0,36,0.0329,12,52.47,0
70.0,31665.23,645.0,36,0.0517,1,7.13,1
33.0,17717.86,779.0,24,0.0308,1,6.81,1
56.0,120002.66,684.0,24,0.0588,2,37.71,1
37.0,86177.99,678.0,24,0.1002,12,6.85,1
38.0,22044.38,675.0,48,0.0618,2,19.98,0
60.0,17102.85,457.0,24,0.0578,4,1.77,1
39.0,49638.33,647.0,24,0.0587,12,5.74,0
39.0,17960.19,771.0,12,0.053,1,18.58,0
62.0,20713.21,698.0,48,0.0441,1,46.69,0
69.0,67212.92,571.0,48,0.0238,12,42.94,0
55.0,22791.17,796.0,12,0.05,2,57.85,0
35.0,91723.99,670.0,24,0.0483,1,21.99,0
37.0,265705.44,578.0,60,0.0475,12,20.57,0
46.0,51608.65,850.0,36,0.0547,1,6.18,0
50.0,68196.67,595.0,48,0.0611,2,47.26,0
30.0,450492.51,788.0,12,0.0582,12,9.93,0
56.0,18258.74,623.0,60,0.0446,2,57.2,0
46.0,197054.42,714.0,36,0.0582,2,18.95,0
19.0,174705.61,610.0,60,0.0341,12,38.84,0
31.0,140690.45,576.0,24,0.02,2,27.03,0
37.0,217890.48,752.0,12,0.0395,2,13.45,0
44.0,79266.82,741.0,36,0.0501,2,4.53,1
73.0,33425.37,814.0,36,0.02,1,19.56,0
49.0,178898.39,697.0,24,0.052,2,37.53,0
32.0,185877.33,850.0,24,0.0535,4,4.99,1
48.0,180830.23,727.0,24,0.0665,1,4.96,0
40.0,62598.84,757.0,12,0.0571,4,4.33,0
50.0,29254.99,564.0,48,0.0236,2,57.91,0
54.0,72501.48,639.0,60,0.056,2,11.68,1
63.0,153618.88,752.0,12,0.0506,1,5.43,0
45.0,166766.81,692.0,12,0.0584,2,1.13,1
70.0,38961.29,719.0,60,0.0712,1,9.27,0
59.0,82073.7,618.0,36,0.0359,12,12.59,0
34.0,16174.99,712.0,60,0.044,1,2.81,0
78.0,160323.69,712.0,24,0.0496,2,11.86,0
50.0,27356.0,582.0,36,0.0408,1,40.23,1
32.0,131302.01,764.0,12,0.02,1,34.32,0
70.0,18971.54,530.0,60,0.0671,1,19.52,0
76.0,167949.04,718.0,12,0.02,2,47.37,0
45.0,82605.8,850.0,12,0.0559,1,4.45,1
37.0,27409.43,768.0,60,0.0244,4,3.23,1
42.0,119534.03,767.0,12,0.0298,12,20.66,0
56.0,33177.87,610.0,48,0.0624,12,49.12,0
64.0,126697.17,850.0,48,0.075,12,12.05,1
54.0,45519.16,838.0,12,0.0564,1,0.08,1
47.0,10710.21,616.0,36,0.0447,1,15.85,1
67.0,22417.2,653.0,36,0.0467,12,4.93,0
40.0,38932.52,825.0,36,0.0753,12,51.05,0
60.0,235199.42,850.0,36,0.0735,2,14.3,0
41.0,147435.14,574.0,48,0.0601,1,2.88,1
51.0,303719.97,600.0,36,0.0737,2,20.37,0
43.0,312898.84,686.0,60,0.0406,1,3.93,1
44.0,35075.19,483.0,36,0.0639,12,52.8,0
39.0,49588.45,702.0,60,0.0244,4,27.17,1
65.0,39684.66,819.0,48,0.04,2,21.49,0
34.0,30591.86,556.0,60,0.0421,4,26.33,1
34.0,9494.85,713.0,60,0.0731,1,11.62,1
77.0,58997.61,642.0,12,0.0458,4,28.3,1
60.0,16554.85,850.0,60,0.069,12,0.68,1
18.0,57862.69,643.0,12,0.0385,1,8.41,0
37.0,496714.56,850.0,36,0.065,12,2.36,1
18.0,35977.71,640.0,60,0.0608,1,20.43,0
31.0,72749.26,777.0,60,0.02,1,46.33,0
18.0,148248.97,725.0,24,0.07,1,35.3,0
43.0,79244.34,686.0,36,0.0392,12,5.76,0
28.0,80216.47,621.0,60,0.0254,1,32.07,0
46.0,41672.54,732.0,60,0.0324,1,10.87,1
21.0,47482.76,656.0,24,0.0388,2,24.44,0
46.0,22925.14,631.0,12,0.0333,12,0.07,1
39.0,139531.41,847.0,36,0.0323,1,2.1,0
68.0,10493.47,755.0,24,0.0451,1,1.63,1
66.0,158116.65,764.0,36,0.0586,1,44.5,0
57.0,14710.28,661.0,36,0.0731,4,9.6,1
40.0,156781.32,681.0,12,0.082,4,10.17,1
75.0,42031.83,675.0,12,0.0943,2,2.36,1
22.0,17468.09,734.0,48,0.0562,4,22.76,0
24.0,106862.54,764.0,24,0.047,2,29.87,0
44.0,151564.65,697.0,24,0.0644,1,3.7,1
79.0,38635.29,621.0,36,0.0271,12,12.29,1
42.0,123082.55,776.0,48,0.0454,1,11.47,0
42.0,6093.12,703.0,48,0.058,12,1.5,1
23.0,15984.96,556.0,36,0.0313,2,15.63,0
59.0,218034.58,486.0,12,0.0697,12,7.87,0
59.0,47874.14,730.0,48,0.0594,2,33.43,1
57.0,9300.16,617.0,24,0.0425,2,14.19,0
36.0,29766.35,743.0,12,0.0581,12,19.94,0
34.0,23779.98,622.0,60,0.0456,1,5.74,0
26.0,50718.11,713.0,48,0.02,4,26.13,0
46.0,41326.08,662.0,36,0.072,1,16.29,1
29.0,71605.83,850.0,24,0.0486,2,26.34,0
27.0,55856.1,795.0,48,0.0557,1,39.19,1
39.0,233220.41,835.0,36,0.063,1,34.2,0
38.0,91541.58,702.0,24,0.02,1,19.06,0
37.0,94624.49,782.0,48,0.0473,4,56.48,0
52.0,191982.04,709.0,24,0.0357,12,31.09,0
46.0,40588.14,847.0,60,0.0779,4,10.43,1
41.0,16951.69,693.0,24,0.049,1,7.35,0
48.0,200179.62,560.0,36,0.0471,12,7.83,1
30.0,68585.87,500.0,48,0.0417,1,27.18,0
47.0,68826.99,850.0,36,0.0813,2,22.26,1
47.0,31782.47,748.0,60,0.0356,1,14.76,1
22.0,32310.41,754.0,12,0.0296,12,37.46,1
60.0,139625.95,849.0,24,0.0336,4,7.47,1
32.0,160276.51,535.0,36,0.0374,4,3.36,1
46.0,131114.12,664.0,48,0.0492,1,24.0,1
62.0,132317.76,676.0,48,0.0637,4,1.53,0
59.0,105770.78,774.0,12,0.0336,12,29.36,0
46.0,68290.28,631.0,48,0.0795,4,2.22,0
40.0,50242.69,580.0,60,0.0563,4,0.79,0
59.0,200852.05,579.0,12,0.0211,1,23.31,1
55.0,41203.53,815.0,60,0.02,12,1.41,1
36.0,86680.07,626.0,24,0.0503,12,57.9,0
33.0,26795.44,645.0,60,0.0366,2,18.59,1
18.0,30967.73,763.0,24,0.0324,4,44.85,0
47.0,47280.13,630.0,60,0.0378,12,26.51,0
44.0,26797.44,530.0,12,0.038,2,29.27,1
62.0,132966.41,542.0,24,0.0549,1,16.62,1
50.0,15552.33,694.0,60,0.0593,2,4.19,0
65.0,66120.2,750.0,60,0.048,2,2.74,0
35.0,68357.6,680.0,48,0.0545,12,8.72,0
62.0,9790.82,743.0,60,0.03,2,47.69,0
37.0,38521.67,539.0,48,0.0433,1,18.42,1
57.0,77319.35,545.0,60,0.0537,12,19.56,1
23.0,91924.97,850.0,36,0.0505,12,20.95,0
49.0,48810.11,823.0,48,0.065,12,14.13,1
18.0,117817.04,777.0,12,0.0515,12,57.81,0
41.0,53673.99,634.0,12,0.02,1,12.82,0
52.0,60697.2,676.0,24,0.0384,1,18.9,0
37.0,77007.17,700.0,12,0.0818,1,19.69,0
29.0,151296.93,831.0,24,0.0375,4,24.89,1
58.0,30463.42,740.0,12,0.0456,1,31.07,0
43.0,36797.24,753.0,48,0.02,2,17.88,1
38.0,30671.94,683.0,36,0.0288,12,0.49,1
46.0,42950.44,779.0,24,0.0356,2,4.0,1
85.0,249255.63,730.0,36,0.0884,1,11.46,0
62.0,106162.4,704.0,60,0.0499,4,17.26,1
62.0,19320.27,626.0,60,0.0465,4,7.61,1
52.0,32844.94,689.0,36,0.0434,12,11.23,1
47.0,86922.07,592.0,48,0.0238,1,28.53,1
18.0,24185.1,696.0,36,0.0712,4,7.87,0
35.0,28988.66,709.0,36,0.02,2,21.22,1
38.0,229798.86,460.0,36,0.0471,4,7.35,0
18.0,32423.03,677.0,24,0.02,12,10.59,0
28.0,155541.34,582.0,24,0.0382,4,16.24,0
18.0,210096.7,750.0,36,0.02,1,3.22,1
44.0,28754.17,764.0,48,0.0339,2,12.21,0
57.0,24588.58,657.0,60,0.068,12,13.16,0
62.0,45427.27,755.0,60,0.0206,12,1.58,1
51.0,20158.32,759.0,60,0.0379,4,6.17,1
31.0,67577.74,677.0,12,0.0675,12,3.89,1
18.0,48744.52,850.0,48,0.0933,4,14.69,1
19.0,85869.16,627.0,24,0.0546,2,33.98,1
26.0,242060.62,847.0,60,0.0405,4,3.41,1
32.0,135602.76,677.0,24,0.0437,12,9.51,1
43.0,97659.26,616.0,24,0.0359,2,22.05,1
30.0,8382.92,665.0,24,0.0454,4,41.24,0
50.0,93281.4,590.0,24,0.1092,12,37.95,0
42.0,335248.61,778.0,36,0.069,12,38.11,0
45.0,2949.76,540.0,24,0.0619,1,1.72,1
62.0,119298.32,839.0,12,0.0572,4,55.63,0
27.0,51054.11,606.0,24,0.0522,4,13.54,1
51.0,25596.35,784.0,60,0.0525,4,20.97,1
45.0,133402.82,702.0,24,0.0826,2,2.7,1
40.0,330944.48,727.0,60,0.0529,2,19.04,0
58.0,129992.33,641.0,24,0.0456,1,27.75,1
58.0,41307.86,735.0,48,0.0291,1,16.33,0
31.0,23307.49,713.0,36,0.0528,1,0.8,1
42.0,69191.11,554.0,60,0.0379,12,0.13,1
49.0,143367.89,604.0,12,0.0466,12,41.15,1
41.0,40657.84,646.0,24,0.0308,1,31.29,1
54.0,44784.48,625.0,60,0.0513,12,24.44,1
49.0,1006510.8,825.0,36,0.0368,1,46.58,0
72.0,176072.65,701.0,24,0.0246,2,0.02,0
22.0,189118.42,622.0,36,0.0752,12,4.09,0
43.0,13900.97,651.0,12,0.021,12,4.28,1
31.0,29519.65,650.0,60,0.0343,1,16.43,1
54.0,64516.85,671.0,12,0.0576,4,42.11,1
21.0,22001.42,592.0,36,0.07,1,29.06,1
50.0,296676.41,619.0,48,0.0494,12,3.63,1
36.0,245318.42,777.0,48,0.0475,12,5.25,0
34.0,35117.49,719.0,60,0.0238,1,55.72,0
23.0,356439.07,685.0,24,0.0362,1,18.77,0
38.0,59620.09,700.0,12,0.02,1,12.59,0
61.0,797621.71,695.0,48,0.0465,12,4.18,1
45.0,69195.16,679.0,48,0.0596,12,1.42,0
54.0,106531.15,752.0,24,0.0578,12,15.1,1
70.0,242778.17,744.0,12,0.02,2,9.26,1
49.0,214836.67,543.0,36,0.0624,1,17.73,0
37.0,99780.9,687.0,48,0.0758,2,0.89,1
52.0,51992.76,549.0,60,0.0425,1,17.38,1
37.0,100120.8,764.0,60,0.0815,2,19.76,1
37.0,26471.28,777.0,36,0.041,1,18.39,0
22.0,69712.42,639.0,24,0.02,4,7.95,0
59.0,19745.73,688.0,24,0.047,2,19.52,0
39.0,10088.17,489.0,48,0.044,12,0.16,1
48.0,62970.82,797.0,48,0.0711,12,47.67,0
29.0,211562.95,771.0,48,0.0301,2,34.37,0
52.0,151116.24,815.0,36,0.0579,1,45.16,0
34.0,55165.21,849.0,36,0.02,2,36.75,0
43.0,343516.25,578.0,48,0.0391,12,6.93,0
58.0,33892.15,789.0,24,0.0424,12,4.13,1
57.0,8797.01,848.0,12,0.0399,12,30.02,0
45.0,6754.06,551.0,48,0.02,2,6.62,1
18.0,18376.15,683.0,24,0.0391,2,52.51,0
85.0,135486.16,664.0,24,0.0506,4,52.76,0
71.0,31735.69,786.0,60,0.0713,1,6.63,1
56.0,94936.04,461.0,12,0.0347,4,8.75,1
34.0,310606.89,850.0,48,0.0296,12,23.88,1
43.0,19928.44,689.0,12,0.0953,4,14.38,0
37.0,96616.01,792.0,48,0.02,12,18.85,0
64.0,102637.95,694.0,12,0.0347,1,6.79,1
49.0,25317.78,749.0,12,0.0289,4,1.54,1
33.0,231934.65,468.0,24,0.02,12,16.75,1
38.0,44904.48,662.0,12,0.0482,4,9.97,0
62.0,40792.23,785.0,12,0.0718,2,17.44,1
69.0,494653.71,729.0,48,0.0708,2,34.33,1
68.0,100988.99,536.0,24,0.0614,1,15.51,1
56.0,151038.58,706.0,12,0.0738,1,3.8,1
41.0,232092.88,618.0,24,0.0452,4,44.15,0
18.0,31242.23,609.0,24,0.05,1,27.94,0
49.0,208943.9,548.0,36,0.0549,1,7.52,1
45.0,36246.78,762.0,48,0.0754,2,7.64,0
47.0,34730.61,811.0,36,0.0419,4,2.19,0
46.0,45615.37,850.0,24,0.074,2,10.5,1
25.0,32142.52,553.0,12,0.0816,2,16.01,1
53.0,136237.7,777.0,48,0.0563,2,3.1,1
54.0,78214.53,783.0,60,0.0662,4,26.55,1
55.0,36635.59,642.0,48,0.0264,4,16.53,0
59.0,117536.6,608.0,36,0.0614,4,43.91,0
54.0,45470.43,591.0,48,0.0613,2,24.41,1
39.0,43128.08,647.0,12,0.0552,1,2.01,0
44.0,62861.17,720.0,48,0.0675,4,14.49,0
46.0,95173.84,836.0,60,0.0533,1,6.79,1
47.0,88419.49,811.0,36,0.0434,2,12.47,0
60.0,41637.26,538.0,36,0.0477,12,21.78,1
55.0,139680.26,621.0,24,0.0483,4,42.41,0
76.0,47935.22,830.0,36,0.0498,1,20.02,1
78.0,31101.63,627.0,60,0.0427,4,31.38,1
46.0,13793.85,694.0,60,0.0418,2,18.68,1
18.0,160039.91,529.0,36,0.0628,4,6.21,1
64.0,60620.6,815.0,48,0.051,2,36.88,0
37.0,73929.88,509.0,60,0.0268,12,16.52,0
33.0,170382.79,536.0,36,0.0613,2,14.83,0
39.0,37145.35,805.0,36,0.0319,12,39.58,0
38.0,15147.65,850.0,48,0.0877,12,6.21,0
54.0,64201.43,671.0,36,0.0298,12,13.58,0
22.0,81467.67,695.0,12,0.0885,1,0.54,0
29.0,46034.71,791.0,24,0.0591,2,21.8,1
50.0,261381.83,729.0,60,0.0415,12,29.1,1
54.0,4983.23,663.0,48,0.0343,2,1.96,1
55.0,183515.91,651.0,48,0.0618,4,17.13,0
33.0,132078.75,543.0,24,0.0427,2,30.84,1
30.0,94539.29,723.0,12,0.0354,2,29.08,0
37.0,2130.47,691.0,24,0.0375,2,41.38,0
49.0,216184.78,656.0,36,0.0495,2,12.25,1
67.0,21451.84,600.0,48,0.0515,1,18.36,1
18.0,36037.24,610.0,36,0.0742,12,4.59,1
42.0,50483.78,762.0,48,0.0452,12,4.73,1
25.0,89986.78,788.0,48,0.0614,12,32.44,0
20.0,113485.24,667.0,36,0.0414,4,49.19,1
60.0,146216.04,657.0,24,0.0317,4,14.98,1
53.0,135381.7,615.0,60,0.0357,2,2.4,1
52.0,77105.29,794.0,60,0.02,1,2.04,0
59.0,90755.35,703.0,24,0.0505,1,42.35,1
38.0,20115.51,737.0,12,0.0414,2,21.39,1
39.0,28253.52,736.0,24,0.0455,2,0.04,1
78.0,146599.58,669.0,24,0.0389,12,30.84,0
41.0,138304.01,583.0,24,0.0509,4,2.67,1
56.0,123475.67,600.0,60,0.0774,4,7.18,1
45.0,35795.71,813.0,48,0.063,4,13.91,1
18.0,148819.9,627.0,12,0.0325,4,19.0,1
18.0,18746.37,659.0,12,0.0794,2,15.61,0
36.0,175845.28,587.0,12,0.0991,2,2.39,1
61.0,46125.87,578.0,36,0.0493,4,31.86,1
57.0,322600.63,623.0,24,0.048,12,22.65,1
59.0,13076.32,850.0,48,0.0666,12,16.65,0
30.0,349201.38,766.0,48,0.0632,12,48.54,0
69.0,41711.65,647.0,36,0.0416,4,48.44,0
31.0,40966.94,808.0,60,0.0399,12,16.94,0
48.0,72753.97,685.0,36,0.0412,2,7.36,1
45.0,29819.6,835.0,36,0.0751,4,14.78,0
42.0,55696.41,850.0,24,0.043,12,41.42,1
65.0,28634.68,803.0,60,0.05,2,4.51,0
34.0,29701.01,709.0,36,0.0698,4,22.94,0
25.0,97429.66,770.0,48,0.0753,2,1.87,1
45.0,24304.93,702.0,24,0.0319,12,6.45,1
39.0,27772.62,516.0,60,0.0254,1,30.07,1
85.0,15172.03,635.0,48,0.0568,12,41.05,0
55.0,36173.04,605.0,12,0.052,2,3.31,1
39.0,222259.75,632.0,24,0.0652,1,1.46,0
29.0,25695.38,850.0,48,0.0213,1,58.77,0
18.0,28806.8,812.0,36,0.0434,4,20.75,0
30.0,72687.3,744.0,36,0.0542,1,4.8,1
47.0,41324.2,781.0,24,0.0305,4,16.75,0
66.0,555794.8,511.0,60,0.0599,1,24.88,0
62.0,50892.56,773.0,36,0.0741,1,52.56,0
48.0,83718.76,794.0,48,0.0308,4,11.11,1
40.0,153855.45,476.0,12,0.0659,2,24.63,1
49.0,150930.97,777.0,60,0.0477,4,0.95,1
37.0,75605.75,558.0,24,0.0378,1,7.77,1
71.0,50963.88,503.0,36,0.0409,12,29.18,0
42.0,453172.69,833.0,60,0.0683,4,5.32,0
44.0,54189.35,599.0,12,0.0415,4,8.54,1
18.0,38496.01,628.0,60,0.0423,1,43.94,1
42.0,31387.06,799.0,60,0.0704,1,4.13,0
58.0,10648.74,669.0,24,0.0659,12,14.01,0
29.0,136164.06,682.0,12,0.0408,1,5.78,1
34.0,5721.19,680.0,12,0.0871,4,45.47,0
57.0,59532.47,735.0,60,0.0676,4,7.01,1
23.0,48783.11,677.0,36,0.0809,4,53.24,0
61.0,562398.07,711.0,60,0.0855,2,8.73,0
37.0,9588.78,650.0,48,0.0386,4,5.12,1
39.0,24316.17,735.0,36,0.0364,2,9.12,1
28.0,52255.66,731.0,24,0.02,1,10.81,0
51.0,49142.06,850.0,12,0.0795,2,24.83,0
82.0,34560.11,662.0,36,0.02,4,32.36,0
57.0,55216.22,682.0,24,0.0555,1,15.41,0
32.0,16990.97,724.0,60,0.027,2,41.49,0
62.0,85578.8,796.0,24,0.0477,1,49.59,1
40.0,5875.31,591.0,48,0.0497,1,0.73,0
66.0,58350.93,710.0,24,0.0859,2,0.87,1
57.0,32847.91,449.0,36,0.0629,1,3.86,1
18.0,165427.44,673.0,12,0.1087,1,12.21,1
30.0,346386.7,807.0,36,0.0541,4,24.8,1
59.0,42999.67,627.0,36,0.056,12,38.15,1
47.0,240560.27,718.0,12,0.0282,12,20.62,0
30.0,43646.73,647.0,48,0.0365,1,31.5,1
35.0,22785.36,614.0,36,0.0212,2,24.66,1
18.0,343143.37,797.0,12,0.049,12,16.89,1
44.0,100788.19,595.0,12,0.0343,2,1.7,1
78.0,60140.49,729.0,36,0.042,12,28.55,0
57.0,119035.55,731.0,12,0.0243,4,20.94,1
78.0,78764.29,615.0,60,0.0343,4,19.76,1
58.0,55869.87,716.0,36,0.0505,2,30.31,0
60.0,15891.91,607.0,48,0.02,2,1.3,0
75.0,45682.17,752.0,60,0.0864,4,27.48,0
51.0,111664.65,569.0,48,0.0772,2,5.64,1
42.0,52956.63,666.0,36,0.0965,1,0.05,1
60.0,147609.53,675.0,24,0.0303,4,5.85,1
67.0,87873.63,811.0,12,0.0401,4,23.52,0
38.0,24881.1,714.0,60,0.0913,4,21.04,1
34.0,16007.75,796.0,36,0.0853,4,10.8,1
47.0,51165.54,755.0,12,0.0407,1,58.05,0
57.0,35446.21,755.0,24,0.0267,4,33.52,1
57.0,83811.19,667.0,48,0.0872,4,13.43,1
24.0,29198.2,802.0,36,0.0357,2,42.12,0
74.0,32357.71,664.0,36,0.063,4,4.15,1
35.0,171625.44,527.0,24,0.0621,12,30.19,1
41.0,69438.93,679.0,48,0.0436,2,31.16,0
31.0,29651.65,745.0,36,0.0245,2,55.91,0
85.0,60939.8,539.0,12,0.0717,12,7.78,0
49.0,237734.85,611.0,24,0.0232,2,14.69,1
32.0,80321.02,577.0,36,0.02,1,4.87,0
58.0,108331.45,779.0,48,0.051,4,4.42,1
57.0,28219.41,850.0,60,0.0227,4,4.61,0
42.0,167111.98,679.0,36,0.0573,2,53.28,1
58.0,608104.65,753.0,48,0.0802,4,11.6,1
33.0,27133.72,751.0,24,0.0709,2,27.37,1
38.0,18363.24,850.0,48,0.0842,4,44.91,0
18.0,71363.53,635.0,48,0.0659,2,8.42,0
25.0,143703.16,678.0,24,0.0439,2,8.46,0
72.0,54644.85,666.0,60,0.0235,2,2.22,1
70.0,20885.15,708.0,12,0.0268,1,33.69,1
46.0,53713.3,850.0,60,0.0641,2,25.6,0
70.0,108889.87,703.0,12,0.0648,1,14.52,1
43.0,39853.61,615.0,12,0.0359,1,8.94,1
41.0,109892.18,585.0,12,0.0461,12,2.69,1
46.0,191896.37,825.0,36,0.0634,2,35.54,0
43.0,76132.51,614.0,60,0.041,1,0.15,1
42.0,58223.96,766.0,48,0.086,12,39.58,0
62.0,137220.43,632.0,36,0.056,4,9.69,1
47.0,25435.45,573.0,24,0.0649,1,8.7,1
56.0,23046.98,761.0,24,0.0484,1,7.45,1
60.0,45863.63,637.0,12,0.0584,1,5.43,0
51.0,36611.6,743.0,36,0.02,12,22.13,0
30.0,26813.43,750.0,36,0.0493,12,46.1,0
25.0,373423.51,755.0,24,0.0346,1,2.28,0
47.0,525441.01,673.0,48,0.1002,2,40.57,1
42.0,42036.56,769.0,60,0.0533,12,14.16,1
46.0,65625.46,608.0,60,0.0463,12,26.16,0
45.0,49620.39,455.0,12,0.0579,4,12.74,0
84.0,181225.84,771.0,12,0.0564,4,1.38,0
25.0,220939.8,717.0,12,0.05,1,51.29,0
18.0,10124.73,639.0,24,0.0634,4,8.84,0
50.0,96375.84,553.0,24,0.0616,2,2.59,0
39.0,16206.68,496.0,60,0.0516,1,29.13,0
50.0,347413.9,705.0,12,0.0803,1,22.9,0
54.0,92990.07,850.0,36,0.02,12,50.64,1
64.0,26282.29,686.0,48,0.0415,1,26.03,1
22.0,47036.47,664.0,24,0.0421,4,50.13,0
37.0,44847.48,698.0,12,0.0494,1,13.38,1
51.0,101226.2,850.0,12,0.0443,1,4.64,1
57.0,169721.24,775.0,24,0.0392,4,20.78,0
78.0,18992.37,607.0,60,0.0748,12,9.59,1
59.0,376530.56,703.0,60,0.0301,2,5.63,1
44.0,298250.83,733.0,60,0.0594,4,6.54,1
32.0,24951.18,594.0,60,0.0396,2,10.69,1
37.0,64395.68,776.0,36,0.0576,2,21.83,1
36.0,331309.59,618.0,12,0.0763,2,19.8,1
55.0,205441.91,549.0,60,0.02,1,56.02,0
49.0,42755.66,708.0,60,0.0334,2,31.8,1
25.0,135176.93,692.0,48,0.0335,12,42.69,0
38.0,1199239.65,700.0,48,0.0468,12,37.93,1
58.0,66513.48,624.0,12,0.0683,12,0.81,0
50.0,31804.14,637.0,24,0.0868,1,47.02,0
54.0,71141.05,813.0,60,0.068,4,0.7,1
51.0,76615.3,744.0,36,0.0471,12,37.38,1
69.0,35435.28,604.0,48,0.0397,2,13.09,1
49.0,93118.21,505.0,60,0.0803,1,15.18,1
39.0,17078.9,609.0,24,0.0202,1,54.33,0
31.0,30775.25,716.0,36,0.0579,12,0.27,1
49.0,127802.93,637.0,48,0.074,2,6.47,1
18.0,10354.01,629.0,24,0.044,2,3.05,0
42.0,147733.85,641.0,24,0.0563,12,30.22,1
42.0,8006.58,693.0,36,0.0232,2,16.7,1
25.0,10600.7,778.0,36,0.0599,1,34.94,0
31.0,36352.61,700.0,48,0.0513,1,24.17,0
57.0,79766.89,706.0,36,0.0609,12,27.09,0
48.0,225317.01,678.0,60,0.0411,2,42.48,0
47.0,63425.59,650.0,36,0.0278,4,11.9,0
50.0,46791.01,789.0,24,0.0721,12,12.26,0
46.0,106892.75,774.0,36,0.0725,1,0.5,1
64.0,25061.83,850.0,48,0.0613,12,1.79,0
47.0,68831.39,761.0,60,0.0579,12,40.14,0
23.0,18043.73,650.0,36,0.02,1,26.89,0
69.0,65029.12,610.0,60,0.0741,4,53.56,1
51.0,52583.82,795.0,36,0.0595,12,28.57,1
36.0,26788.61,619.0,60,0.0753,4,42.28,0
26.0,70618.02,781.0,36,0.0263,4,13.06,1
51.0,70161.12,624.0,36,0.0631,1,25.07,0
43.0,193969.07,735.0,12,0.0619,12,25.39,1
69.0,12020.47,594.0,24,0.02,12,41.25,1
40.0,55489.61,778.0,48,0.048,4,28.95,0
32.0,27993.78,577.0,48,0.0499,12,11.62,1
58.0,142880.24,727.0,12,0.0306,4,49.81,1
59.0,127250.4,680.0,36,0.0595,1,4.49,1
48.0,99496.71,710.0,24,0.0546,1,4.9,1
55.0,29618.86,660.0,60,0.037,1,13.21,1
44.0,145142.4,658.0,12,0.0394,4,6.12,1
49.0,12963.19,715.0,48,0.02,12,33.36,1
62.0,10558.53,600.0,48,0.0589,12,7.6,0
54.0,16716.12,599.0,48,0.0563,2,2.48,1
42.0,57903.04,664.0,36,0.0475,2,1.55,0
65.0,117614.12,660.0,60,0.0444,1,7.97,1
18.0,3053.27,599.0,60,0.0649,12,26.66,1
76.0,224749.75,792.0,60,0.053,4,36.3,1
19.0,68262.25,667.0,36,0.0664,4,51.26,0
36.0,12484.31,677.0,48,0.0541,4,1.06,1
44.0,66233.85,567.0,48,0.0685,12,11.07,0
43.0,178532.41,850.0,36,0.0671,12,24.09,0
60.0,109036.83,850.0,24,0.0691,1,6.07,1
29.0,179705.21,622.0,36,0.0379,2,15.24,0
49.0,15271.65,823.0,36,0.0636,12,3.99,1
36.0,39576.66,691.0,48,0.0501,4,18.17,1
49.0,23749.29,850.0,60,0.0474,12,15.81,1
44.0,333560.72,734.0,48,0.0405,2,3.56,1
46.0,113477.84,710.0,24,0.0567,2,32.63,0
37.0,1032000.38,450.0,12,0.02,4,26.86,1
37.0,37511.04,612.0,12,0.0569,1,21.28,1
49.0,29007.97,702.0,36,0.0568,2,8.77,1
59.0,51905.15,720.0,12,0.0714,2,19.67,1
36.0,237603.17,579.0,60,0.0527,2,19.02,0
32.0,41517.92,627.0,48,0.0775,2,4.14,0
54.0,67808.14,755.0,24,0.0422,2,1.62,0
45.0,65952.54,562.0,24,0.0398,12,13.95,0
57.0,62286.3,713.0,24,0.0819,4,9.74,0
31.0,31182.16,824.0,48,0.0385,12,3.55,1
18.0,52193.27,739.0,60,0.02,1,27.8,0
37.0,50005.96,734.0,24,0.0823,2,32.41,0
34.0,59422.92,498.0,12,0.0839,1,4.91,0
44.0,153816.69,618.0,60,0.0468,1,1.16,0
35.0,348233.33,850.0,60,0.0488,4,26.11,0
56.0,25837.06,640.0,60,0.04,12,15.34,0
41.0,40457.46,826.0,24,0.0875,1,37.32,0
47.0,26238.63,639.0,60,0.0808,1,30.7,0
47.0,72193.23,672.0,24,0.0391,1,32.6,1
48.0,34949.19,752.0,12,0.0529,1,33.15,1
45.0,76099.49,710.0,12,0.086,2,0.45,1
53.0,180525.43,738.0,12,0.0912,4,8.59,1
33.0,4789.44,618.0,12,0.0585,4,1.17,1
66.0,97907.64,586.0,60,0.0615,4,14.66,0
41.0,37790.5,611.0,60,0.0511,1,48.62,1
25.0,94885.13,647.0,24,0.0405,1,59.16,0
48.0,24429.11,677.0,12,0.0645,2,0.5,1
32.0,198047.26,804.0,36,0.0846,1,0.14,0
55.0,149235.46,709.0,12,0.035,12,3.52,0
78.0,105699.15,748.0,48,0.0569,12,20.98,0
33.0,132352.71,714.0,36,0.056,1,48.48,0
50.0,28406.68,588.0,48,0.026,12,30.27,0
19.0,32221.08,702.0,36,0.0535,12,17.78,0
52.0,127062.73,713.0,24,0.0495,4,3.3,0
32.0,27785.54,776.0,60,0.0442,1,23.75,0
36.0,254138.59,593.0,24,0.0808,4,2.17,0
28.0,43321.7,496.0,36,0.0447,12,10.36,0
56.0,98902.95,718.0,12,0.0349,4,18.62,1
60.0,488575.61,735.0,24,0.0666,12,45.7,0
45.0,29548.16,682.0,36,0.0587,4,0.48,1
32.0,64136.04,703.0,12,0.0546,1,53.67,0
69.0,171816.64,788.0,60,0.067,12,39.8,1
34.0,155015.03,654.0,36,0.0504,1,6.67,1
18.0,43139.08,672.0,48,0.0467,2,38.9,0
52.0,35712.98,708.0,48,0.0378,12,36.03,0
28.0,47423.07,578.0,48,0.07,4,28.07,1
60.0,254704.1,685.0,12,0.0814,2,30.22,1
39.0,45292.38,694.0,12,0.0995,1,4.45,1
54.0,64738.78,850.0,24,0.0664,1,19.48,0
66.0,39074.04,670.0,12,0.0883,1,1.1,1
27.0,121242.57,720.0,36,0.04,2,22.14,0
37.0,69949.23,792.0,48,0.0352,12,12.51,0
44.0,21950.96,616.0,60,0.0291,12,3.92,1
68.0,22723.98,838.0,48,0.0531,1,22.4,1
35.0,8114.39,850.0,36,0.046,1,13.94,0
36.0,26073.6,697.0,60,0.0866,1,39.48,0
52.0,132448.05,646.0,24,0.0448,2,2.08,1
36.0,224978.59,850.0,12,0.0464,2,55.07,0
47.0,118842.98,780.0,36,0.0694,1,30.43,1
22.0,104258.87,708.0,12,0.0749,4,15.31,1
78.0,52758.17,843.0,24,0.0634,12,14.95,0
25.0,129951.24,832.0,60,0.0683,2,32.87,0
40.0,79720.2,666.0,36,0.0686,12,17.23,0
45.0,363832.53,725.0,60,0.0923,2,23.67,0
74.0,54260.66,758.0,36,0.02,4,53.31,0
25.0,229350.82,703.0,24,0.0401,2,11.65,0
75.0,143503.41,561.0,24,0.0836,12,11.41,1
56.0,124921.81,606.0,24,0.0512,4,35.69,1
51.0,8010.5,564.0,12,0.0675,4,23.6,1
30.0,151628.63,749.0,48,0.02,4,6.9,0
54.0,52706.39,582.0,60,0.0375,4,56.17,0
34.0,38410.01,719.0,36,0.02,12,1.62,0
64.0,13589.97,850.0,60,0.0382,4,4.01,0
30.0,59540.55,843.0,48,0.0448,12,41.79,1
43.0,61917.1,516.0,12,0.0574,2,2.21,1
37.0,16268.7,572.0,12,0.0778,12,20.07,1
30.0,13721.51,622.0,48,0.066,1,29.23,1
56.0,97403.7,583.0,36,0.064,4,9.13,1
53.0,143158.13,535.0,48,0.0421,12,50.4,0
63.0,72423.27,699.0,12,0.0275,2,31.93,1
18.0,189251.98,771.0,12,0.0484,1,58.08,0
61.0,54919.02,795.0,60,0.0344,1,27.26,0
83.0,56706.76,653.0,36,0.0324,2,10.01,1
38.0,23932.01,673.0,36,0.0222,1,47.48,0
73.0,12578.67,736.0,12,0.052,1,20.28,1
41.0,382568.17,689.0,48,0.0539,12,19.99,1
24.0,185590.71,781.0,12,0.0752,4,17.85,0
40.0,14875.75,743.0,60,0.076,12,0.99,1
61.0,69965.11,662.0,48,0.0635,4,11.88,0
32.0,54173.85,514.0,12,0.1074,12,23.14,1
36.0,45524.57,850.0,36,0.0384,2,53.22,0
54.0,39774.53,631.0,60,0.0438,4,18.81,0
45.0,87664.22,736.0,12,0.0464,1,21.13,0
54.0,135696.43,508.0,12,0.0454,1,1.04,1
49.0,89535.56,699.0,24,0.02,12,27.06,0
52.0,53076.08,710.0,48,0.0388,4,56.85,0
39.0,51163.07,715.0,24,0.059,2,16.44,0
48.0,152789.18,850.0,36,0.0732,2,17.74,1
31.0,95172.37,637.0,48,0.0252,4,6.69,1
64.0,64388.44,782.0,60,0.0273,2,33.85,0
35.0,57762.71,752.0,48,0.0314,12,53.9,0
62.0,84564.56,632.0,12,0.0603,2,10.67,1
41.0,37483.32,781.0,12,0.0322,1,30.06,0
48.0,136153.58,684.0,12,0.0234,4,10.5,0
38.0,20417.37,788.0,48,0.0229,4,3.03,0
30.0,39677.66,850.0,12,0.046,1,9.57,0
19.0,110316.2,715.0,12,0.051,1,18.11,1
29.0,19285.66,672.0,24,0.0674,4,33.3,1
40.0,12419.11,805.0,12,0.0648,4,35.2,1
48.0,63772.52,840.0,24,0.0725,1,57.24,0
60.0,10976.83,612.0,36,0.0507,2,22.87,1
38.0,16337.14,655.0,48,0.0339,12,46.65,0
32.0,127592.15,768.0,24,0.0567,1,25.63,0
23.0,48786.78,687.0,48,0.0248,12,18.83,1
52.0,216530.56,605.0,48,0.0607,2,1.63,1
66.0,17947.13,754.0,60,0.0587,4,38.34,0
64.0,54505.0,767.0,24,0.0756,4,32.13,0
56.0,89284.62,667.0,12,0.0703,4,13.27,0
55.0,18573.39,706.0,60,0.0617,4,36.17,0
70.0,168007.16,642.0,24,0.02,4,17.47,0
50.0,99775.59,590.0,24,0.0422,1,24.33,1
55.0,11976.63,650.0,36,0.0637,4,27.83,0
40.0,57656.5,707.0,12,0.0805,12,6.1,0
25.0,88076.12,552.0,36,0.0647,4,22.48,1
35.0,33187.99,658.0,48,0.0244,12,3.12,1
45.0,13631.45,709.0,12,0.0845,12,3.87,1
46.0,79099.26,819.0,36,0.0529,4,14.1,1
74.0,546474.51,669.0,36,0.0614,4,29.13,1
46.0,40660.64,575.0,12,0.0631,2,40.68,0
63.0,287575.63,679.0,24,0.0382,4,17.04,1
38.0,28217.88,643.0,48,0.0345,12,32.78,1
40.0,74276.18,755.0,60,0.0562,2,14.64,0
25.0,129511.19,666.0,60,0.0348,12,15.51,0
34.0,59372.49,429.0,60,0.0402,2,25.13,0
53.0,44456.41,850.0,48,0.0447,12,2.26,0
45.0,123763.47,714.0,12,0.02,4,12.17,1
59.0,396906.14,709.0,12,0.0646,2,7.94,1
48.0,80869.09,546.0,12,0.0753,12,18.6,1
40.0,35736.93,554.0,60,0.0622,4,9.5,1
77.0,49525.77,691.0,24,0.02,2,10.51,0
44.0,743934.03,734.0,36,0.0592,1,17.08,0
62.0,68521.79,770.0,60,0.0733,4,34.2,0
39.0,33043.7,724.0,48,0.0419,12,12.98,1
56.0,19052.09,581.0,12,0.0572,4,3.33,0
59.0,9644.07,450.0,36,0.0623,12,45.92,0
48.0,86127.52,690.0,12,0.0343,12,5.47,0
18.0,115225.0,647.0,12,0.0336,12,40.67,0
45.0,40267.65,574.0,12,0.02,12,6.51,1
63.0,58984.48,783.0,24,0.0395,2,0.46,0
53.0,18574.38,542.0,36,0.033,1,3.31,1
52.0,68386.35,762.0,60,0.0453,4,17.08,0
19.0,96905.86,559.0,24,0.0688,12,7.8,0
34.0,35060.69,713.0,48,0.0664,2,41.1,0
51.0,324633.67,793.0,48,0.0272,2,14.0,1
51.0,25923.2,666.0,60,0.0441,12,24.68,0
63.0,79497.16,850.0,36,0.0526,4,5.32,0
43.0,139848.81,850.0,60,0.02,12,27.95,0
51.0,55420.81,724.0,24,0.0489,2,6.25,0
45.0,49588.94,754.0,36,0.0453,4,6.47,1
30.0,14344.67,806.0,48,0.0453,1,14.08,0
18.0,232661.87,754.0,36,0.0566,1,0.19,0
51.0,50519.1,744.0,36,0.0275,1,13.2,0
48.0,102474.11,648.0,36,0.06,1,19.0,1
36.0,117327.04,531.0,60,0.0537,12,19.65,1
21.0,31942.78,561.0,12,0.08,2,14.39,1
54.0,49142.1,850.0,24,0.0502,2,26.7,0
41.0,227403.75,732.0,36,0.0783,2,59.54,0
53.0,19590.55,675.0,36,0.0803,4,9.8,1
73.0,502785.08,826.0,60,0.0575,1,11.87,0
18.0,28427.92,625.0,24,0.0483,4,22.84,0
35.0,18406.93,758.0,24,0.0363,1,35.92,1
42.0,68344.0,708.0,48,0.0559,4,18.15,0
67.0,544894.93,746.0,24,0.0861,2,5.09,1
20.0,8857.63,666.0,24,0.0562,2,56.36,0
74.0,51999.23,604.0,36,0.0574,2,22.37,1
47.0,96400.34,618.0,12,0.081,4,53.36,1
44.0,61923.19,622.0,36,0.0869,12,10.01,0
42.0,87721.44,700.0,60,0.0501,2,25.06,1
38.0,29201.25,544.0,24,0.0587,2,38.34,1
61.0,32868.77,575.0,12,0.033,1,2.07,1
29.0,51615.5,714.0,36,0.0548,4,29.95,1
50.0,19343.5,687.0,48,0.0609,4,21.22,1
39.0,57257.48,719.0,60,0.0502,2,2.56,0
34.0,40589.09,695.0,60,0.0375,12,6.91,1
84.0,37419.78,850.0,60,0.0342,4,19.68,0
51.0,82496.11,713.0,36,0.069,12,43.73,0
54.0,9694.76,662.0,12,0.059,12,13.55,1
62.0,47615.32,710.0,12,0.0517,2,31.73,0
24.0,607649.65,802.0,24,0.0235,12,42.49,0
71.0,20209.14,695.0,12,0.0493,4,35.66,0
18.0,216533.49,768.0,48,0.0433,12,55.47,0
33.0,63237.71,740.0,60,0.0222,1,48.98,1
38.0,32762.58,671.0,36,0.0701,4,48.47,0
54.0,15984.24,711.0,60,0.0651,2,5.48,1
48.0,68849.76,850.0,60,0.0538,4,22.39,0
42.0,256118.91,724.0,48,0.02,4,24.99,0
45.0,40570.19,601.0,60,0.068,12,0.26,0
30.0,55217.69,668.0,60,0.0542,1,3.95,1
23.0,164451.48,489.0,48,0.0532,12,4.6,1
56.0,84193.31,714.0,48,0.0538,12,0.88,1
55.0,12428.21,831.0,12,0.0351,12,40.35,1
69.0,66097.57,566.0,60,0.0506,12,1.75,0
33.0,271640.54,715.0,24,0.0723,12,22.7,0
55.0,57702.68,799.0,24,0.02,4,42.44,0
41.0,3860.34,809.0,24,0.0699,1,8.02,0
63.0,88275.24,828.0,48,0.0579,1,0.23,1
60.0,49096.53,513.0,60,0.0621,1,0.95,0
48.0,9613.33,750.0,12,0.0467,2,10.81,0
40.0,11167.82,549.0,60,0.047,1,8.08,1
59.0,158753.37,600.0,24,0.024,4,35.96,0
55.0,28785.22,782.0,36,0.0432,12,45.55,0
35.0,24161.21,716.0,24,0.0564,12,6.13,0
25.0,57777.89,773.0,48,0.0799,4,11.96,1
41.0,31438.77,607.0,60,0.0552,12,11.52,0
68.0,66174.38,847.0,48,0.0231,12,16.49,0
62.0,48887.64,769.0,12,0.0492,1,0.07,1
28.0,18033.82,789.0,60,0.0383,1,10.53,1
27.0,35911.12,592.0,60,0.0487,1,12.35,1
64.0,93223.33,817.0,60,0.0521,2,32.91,0
28.0,62437.29,668.0,36,0.0896,1,17.94,0
53.0,55163.54,639.0,60,0.0577,1,2.13,1
36.0,415560.81,763.0,36,0.0575,1,16.01,1
69.0,124372.64,758.0,60,0.0593,1,38.31,0
33.0,140426.75,615.0,24,0.0382,1,12.69,0
62.0,50717.77,850.0,12,0.0804,4,0.18,1
48.0,74618.61,850.0,60,0.0577,4,19.66,0
49.0,38905.85,761.0,48,0.0452,4,10.36,1
18.0,130294.14,743.0,24,0.0621,12,24.76,1
18.0,53615.85,733.0,48,0.0781,12,2.98,0
42.0,74785.38,545.0,48,0.0569,2,0.35,1
49.0,70305.92,711.0,36,0.0502,12,29.66,1
28.0,58796.24,710.0,12,0.0511,2,18.3,1
29.0,1130519.78,642.0,48,0.0649,4,8.51,0
53.0,30741.87,669.0,24,0.0595,1,6.52,1
53.0,30463.62,462.0,12,0.0549,1,3.98,0
43.0,119862.05,590.0,24,0.0467,2,4.48,0
57.0,33018.75,792.0,48,0.0562,2,31.34,1
27.0,44738.68,850.0,12,0.0221,1,28.23,0
40.0,20203.05,606.0,60,0.0755,2,55.59,0
70.0,97885.91,718.0,48,0.0518,1,28.69,0
46.0,99136.92,810.0,48,0.029,4,48.42,0
47.0,43687.09,648.0,36,0.044,2,38.33,0
80.0,122371.49,768.0,24,0.066,4,17.55,1
24.0,9338.26,697.0,60,0.0811,2,6.03,1
57.0,29529.55,819.0,12,0.0606,4,56.05,0
70.0,50514.76,572.0,48,0.0634,4,4.55,0
40.0,18540.59,590.0,48,0.0429,12,5.56,1
58.0,10417.96,728.0,60,0.0888,12,2.87,1
30.0,44007.0,710.0,48,0.0467,2,33.33,0
35.0,119852.86,694.0,24,0.0517,2,36.42,0
51.0,215800.23,758.0,12,0.0521,4,10.71,1
57.0,34638.19,607.0,60,0.0826,4,14.71,1
62.0,124643.86,563.0,60,0.0575,1,0.61,0
69.0,113158.19,650.0,36,0.0672,12,4.27,0
44.0,202522.89,661.0,12,0.0398,4,41.07,0
63.0,42184.54,672.0,60,0.0593,2,10.97,0
40.0,9911.98,827.0,48,0.0402,1,31.69,0
59.0,64227.44,777.0,12,0.0389,12,13.9,0
48.0,21724.72,753.0,24,0.0635,1,29.32,1
52.0,29041.9,722.0,60,0.0444,4,40.85,0
51.0,44301.81,657.0,24,0.0376,1,26.13,0
21.0,42662.36,615.0,60,0.0751,2,10.46,1
28.0,68979.13,580.0,48,0.0343,2,39.56,0
47.0,120952.88,631.0,36,0.0887,4,18.06,1
20.0,41450.88,696.0,48,0.0713,1,35.35,0
57.0,88938.24,585.0,24,0.0846,4,39.8,1
58.0,60767.84,717.0,12,0.0363,12,8.26,0
50.0,152587.64,681.0,24,0.064,4,2.96,0
28.0,49583.24,660.0,36,0.0545,4,29.6,0
66.0,55330.15,816.0,60,0.0688,12,9.5,0
76.0,41175.54,454.0,60,0.039,1,5.38,0
47.0,50906.78,662.0,24,0.072,2,5.34,0
53.0,27351.1,465.0,12,0.0625,2,7.92,1
48.0,24770.35,724.0,60,0.0469,1,54.32,0
53.0,130061.85,776.0,60,0.02,4,22.68,1
43.0,20267.99,565.0,36,0.0702,2,3.61,1
44.0,43515.91,578.0,36,0.0475,4,24.53,1
59.0,165271.16,530.0,12,0.0338,12,55.55,0
80.0,42078.79,706.0,60,0.0409,2,7.91,0
24.0,137137.65,666.0,48,0.0628,4,31.92,1
43.0,33155.18,672.0,24,0.0471,4,19.16,1
27.0,20927.86,663.0,60,0.0531,4,1.21,1
69.0,12151.09,603.0,24,0.0556,2,4.27,1
36.0,222509.28,813.0,60,0.0303,4,35.09,0
23.0,19208.9,727.0,36,0.0618,2,24.21,0
55.0,126397.45,582.0,12,0.0628,2,0.13,1
71.0,22027.63,630.0,48,0.0924,2,30.21,0
55.0,223548.56,613.0,36,0.0633,2,40.3,1
48.0,544042.54,841.0,12,0.057,1,49.44,0
51.0,11086.35,771.0,36,0.02,12,23.69,0
66.0,20236.51,687.0,24,0.0634,12,12.73,1
32.0,129719.78,850.0,60,0.087,2,27.01,1
43.0,100011.75,845.0,36,0.0393,4,57.28,0
38.0,130212.35,677.0,12,0.0203,2,1.12,0
27.0,33733.42,659.0,60,0.0359,4,13.02,1
40.0,436932.57,664.0,24,0.0651,1,46.29,0
62.0,67376.36,605.0,24,0.0422,12,8.74,1
53.0,17730.43,850.0,48,0.035,2,31.83,0
55.0,46483.44,599.0,60,0.0559,1,34.65,1
47.0,17969.54,787.0,24,0.0545,2,56.0,0
53.0,293884.28,769.0,36,0.0779,2,22.51,0
33.0,30935.78,670.0,24,0.0415,1,0.6,1
40.0,97976.55,850.0,24,0.0522,4,15.97,0
48.0,37396.29,544.0,24,0.02,4,43.53,0
49.0,32357.87,692.0,48,0.0393,4,30.08,1
50.0,8863.93,651.0,12,0.0558,2,28.32,1
43.0,108898.83,796.0,24,0.0448,4,6.43,1
39.0,219516.19,735.0,12,0.02,4,4.68,0
85.0,23957.4,527.0,60,0.0624,2,12.04,0
59.0,12768.94,824.0,12,0.0605,1,5.53,1
51.0,133694.96,749.0,60,0.0318,12,20.9,1
42.0,11542.12,596.0,48,0.0641,4,14.63,1
38.0,202710.26,665.0,60,0.0244,1,47.49,0
43.0,24236.25,570.0,60,0.0354,2,1.12,0
49.0,19864.85,683.0,36,0.0779,2,27.0,1
18.0,76761.8,715.0,48,0.076,4,16.67,1
21.0,21202.21,667.0,24,0.0637,4,18.1,1
35.0,29521.94,655.0,48,0.0377,1,29.39,1
48.0,85304.45,539.0,36,0.059,4,2.15,0
41.0,5275.81,734.0,60,0.0601,1,16.97,1
67.0,309408.98,508.0,48,0.02,2,12.06,1
23.0,62544.91,703.0,36,0.0289,1,58.35,0
34.0,16432.79,520.0,24,0.0717,2,40.32,0
68.0,21649.87,705.0,60,0.02,4,25.0,0
47.0,161400.86,699.0,48,0.0517,12,5.74,1
58.0,109212.73,740.0,48,0.049,1,3.69,0
76.0,239613.06,786.0,60,0.0341,12,13.17,0
35.0,30250.17,805.0,48,0.0502,1,25.35,0
44.0,80546.01,539.0,60,0.0499,1,1.49,1
41.0,91726.62,694.0,36,0.0529,12,59.82,0
18.0,120002.46,850.0,60,0.0473,12,6.75,1
40.0,184846.52,712.0,24,0.0612,4,9.73,0
58.0,29223.72,617.0,60,0.0648,12,14.91,0
53.0,53414.08,692.0,48,0.0329,12,13.72,1
54.0,32527.8,662.0,60,0.0699,4,8.22,1
39.0,56805.48,582.0,60,0.0465,12,18.25,0
35.0,120382.9,787.0,60,0.02,12,14.41,1
64.0,11452.51,758.0,24,0.041,4,37.55,0
38.0,181565.47,567.0,24,0.0489,12,1.21,1
49.0,19164.56,691.0,48,0.0209,1,42.72,0
47.0,44030.14,643.0,48,0.0476,1,11.66,1
67.0,207719.09,540.0,60,0.0434,12,26.04,0
60.0,83117.43,559.0,12,0.0567,12,13.77,1
26.0,84080.5,573.0,36,0.0413,12,13.26,0
27.0,18386.54,694.0,60,0.0474,2,8.64,1
54.0,21076.5,654.0,36,0.0694,12,29.99,0
44.0,153469.39,604.0,24,0.0561,1,11.9,0
38.0,33218.31,661.0,48,0.0557,12,0.36,1
60.0,36500.75,775.0,12,0.0433,2,38.98,0
48.0,156992.18,736.0,48,0.0302,4,7.29,1
46.0,20954.03,800.0,24,0.0612,2,6.42,0
57.0,78373.03,677.0,60,0.0295,2,32.82,1
39.0,62499.09,850.0,24,0.0816,1,17.28,1
69.0,59713.55,735.0,12,0.0288,12,10.79,1
33.0,35652.14,651.0,60,0.0454,1,17.48,1
55.0,33528.29,709.0,60,0.0698,2,1.93,0
67.0,20366.28,575.0,12,0.0485,2,26.18,0
24.0,97019.28,669.0,48,0.0578,12,27.9,0
40.0,30694.87,743.0,60,0.053,4,42.39,0
62.0,157746.5,761.0,48,0.0204,1,4.5,1
62.0,47831.75,659.0,36,0.0306,4,1.78,1
42.0,20775.91,850.0,12,0.0448,2,4.04,1
34.0,47201.74,683.0,36,0.048,4,6.74,0
59.0,39701.44,532.0,60,0.0646,1,48.78,1
63.0,164243.18,821.0,12,0.0516,2,25.34,1
28.0,41398.5,761.0,60,0.0472,2,31.99,0
27.0,45423.72,723.0,12,0.0422,4,34.97,1
48.0,245621.42,654.0,48,0.0663,12,45.25,0
54.0,99535.27,739.0,24,0.0366,12,10.0,0
41.0,315749.99,850.0,24,0.0271,1,31.95,0
55.0,210880.1,720.0,12,0.0466,12,4.79,1
34.0,24657.53,553.0,36,0.0668,2,10.2,1
18.0,161127.44,355.0,12,0.0381,2,10.1,0
39.0,275213.73,738.0,48,0.0543,4,23.1,0
46.0,277288.33,601.0,36,0.0313,2,31.13,0
41.0,160828.84,690.0,12,0.035,2,6.65,1
28.0,157553.91,619.0,12,0.0788,1,25.39,0
18.0,44237.98,612.0,60,0.02,12,38.81,0
37.0,25916.05,623.0,48,0.0351,12,37.05,0
58.0,42099.14,633.0,48,0.02,12,5.68,1
64.0,11330.02,778.0,24,0.0342,1,11.4,1
63.0,229302.03,757.0,60,0.0663,12,52.36,0
33.0,45103.14,579.0,36,0.08,4,1.58,0
28.0,217799.62,593.0,24,0.025,12,28.7,1
52.0,17474.54,738.0,48,0.0643,2,57.08,0
55.0,176773.57,805.0,12,0.0235,1,21.39,1
51.0,36501.89,804.0,60,0.0368,4,56.96,0
18.0,16574.66,600.0,48,0.0553,1,27.31,1
32.0,304710.69,799.0,48,0.02,4,3.42,0
45.0,181191.85,522.0,60,0.0363,4,15.98,1
52.0,73997.93,680.0,48,0.0483,2,55.06,0
57.0,61941.02,749.0,24,0.02,12,5.99,1
47.0,92921.47,492.0,60,0.0334,12,8.18,1
50.0,72738.68,850.0,48,0.0397,4,12.42,0
46.0,27111.79,833.0,48,0.0353,4,20.06,1
55.0,39654.02,765.0,60,0.0394,12,22.84,0
50.0,425371.35,603.0,12,0.0564,1,4.18,1
46.0,866447.45,693.0,36,0.0541,4,1.62,1
41.0,285691.69,779.0,60,0.0753,4,24.45,0
46.0,96589.37,588.0,12,0.0449,1,25.38,1
52.0,42712.67,682.0,48,0.02,1,20.27,1
49.0,26952.04,791.0,24,0.02,12,12.57,1
51.0,28788.11,551.0,48,0.0766,12,3.48,1
65.0,34431.68,733.0,48,0.0488,1,8.83,0
49.0,514609.71,525.0,12,0.056,1,17.3,1
35.0,364500.17,606.0,60,0.0663,2,34.09,0
58.0,126282.71,650.0,36,0.054,2,13.31,1
25.0,22911.33,751.0,36,0.0741,12,16.57,0
29.0,146247.54,630.0,60,0.0649,4,18.18,0
50.0,47163.85,713.0,60,0.0697,1,6.48,1
53.0,6953.43,631.0,24,0.0336,12,26.91,1
26.0,79785.79,647.0,60,0.0654,2,28.54,1
39.0,25798.9,825.0,24,0.0585,4,5.85,0
36.0,26687.39,585.0,60,0.0307,2,16.06,1
38.0,46611.01,776.0,24,0.0818,2,11.87,1
59.0,36376.46,700.0,60,0.0479,2,19.94,1
56.0,57857.78,642.0,60,0.02,4,11.19,0
45.0,55142.14,578.0,36,0.0644,2,27.24,1
37.0,9174.57,585.0,48,0.0599,12,22.78,1
25.0,273834.17,626.0,48,0.0444,4,10.85,1
66.0,22395.68,685.0,24,0.0615,1,11.29,0
54.0,23100.32,760.0,12,0.0333,1,46.05,0
34.0,43107.26,670.0,36,0.0594,1,7.11,0
56.0,53726.69,677.0,60,0.0651,1,5.24,0
44.0,257552.75,692.0,36,0.0569,2,20.26,1
41.0,78387.79,748.0,12,0.0504,2,12.02,0
52.0,105499.92,764.0,36,0.0469,1,18.81,1
34.0,78789.59,561.0,12,0.0785,4,1.07,1
40.0,75467.82,672.0,12,0.0391,2,5.75,0
47.0,81611.83,823.0,12,0.052,2,37.47,0
38.0,8666.89,568.0,12,0.048,4,1.82,1
55.0,46633.83,707.0,12,0.0568,4,32.41,0
73.0,191426.87,683.0,60,0.0752,12,6.3,1
34.0,3085829.35,643.0,36,0.0744,4,5.94,1
20.0,17956.21,850.0,48,0.0633,1,16.21,1
18.0,91407.24,704.0,48,0.055,1,32.77,1
43.0,33824.93,850.0,60,0.0582,4,4.95,1
35.0,464005.6,701.0,24,0.0784,12,50.58,0
48.0,15463.18,746.0,12,0.0282,12,57.68,0
47.0,111852.85,642.0,36,0.044,1,25.43,1
21.0,14658.69,643.0,12,0.0363,1,2.97,0
18.0,43539.91,741.0,12,0.0634,4,29.47,0
49.0,57854.51,743.0,48,0.0453,2,38.73,0
47.0,174502.03,760.0,12,0.02,12,49.05,0
39.0,20390.68,738.0,36,0.0376,1,18.63,0
20.0,116236.6,566.0,36,0.0531,4,36.05,1
52.0,61009.06,619.0,48,0.0594,4,2.78,0
64.0,78652.4,785.0,60,0.0467,4,21.09,0
49.0,156112.58,504.0,48,0.0311,12,17.94,0
32.0,16604.74,729.0,48,0.0786,2,5.14,0
46.0,134671.66,689.0,12,0.0602,4,34.31,1
25.0,33897.45,785.0,24,0.0589,4,22.11,0
61.0,179131.14,742.0,60,0.0556,2,13.07,0
46.0,83663.46,634.0,60,0.0276,4,8.83,0
18.0,48555.93,629.0,60,0.0524,1,7.51,1
40.0,33189.01,648.0,12,0.02,12,8.33,0
52.0,136392.9,758.0,48,0.0582,2,51.94,0
40.0,211282.56,470.0,12,0.02,2,31.18,0
41.0,35141.87,716.0,36,0.0346,12,1.87,0
27.0,19283.28,612.0,24,0.0508,4,14.66,1
53.0,119875.75,719.0,24,0.0552,12,25.09,1
35.0,14065.34,734.0,12,0.0247,1,19.06,0
18.0,16227.9,534.0,48,0.0364,2,6.79,1
39.0,20687.81,677.0,60,0.0244,4,5.71,1
60.0,39519.5,716.0,36,0.0731,4,12.89,0
39.0,15735.4,709.0,36,0.0359,12,14.73,0
71.0,8614.48,688.0,24,0.0487,2,21.63,1
51.0,19236.33,578.0,48,0.0543,12,2.23,1
50.0,113831.49,593.0,60,0.0634,2,31.34,1
43.0,16788.61,562.0,24,0.0601,12,18.19,0
44.0,42605.15,755.0,48,0.0617,4,8.11,0
41.0,419449.52,688.0,60,0.0266,12,1.23,0
40.0,57001.1,695.0,12,0.0583,2,22.33,0
53.0,84333.21,529.0,48,0.0224,1,23.91,1
31.0,23247.67,697.0,36,0.058,12,16.68,1
29.0,520984.13,763.0,48,0.0752,1,13.03,0
28.0,34846.41,516.0,48,0.0281,4,40.93,1
76.0,47662.27,646.0,48,0.0215,12,39.74,0
53.0,223475.86,543.0,60,0.0832,1,39.14,1
50.0,49924.43,658.0,60,0.0383,12,33.65,0
29.0,62811.21,610.0,12,0.0615,12,8.24,1
54.0,45175.57,738.0,12,0.02,4,32.9,1
43.0,45486.35,717.0,60,0.0683,2,9.27,1
48.0,86725.39,829.0,60,0.0713,2,9.4,1
30.0,104082.92,695.0,24,0.0817,12,14.32,0
47.0,31468.79,734.0,48,0.0856,4,11.51,1
39.0,27831.38,644.0,48,0.0316,12,11.7,1
34.0,32560.78,590.0,36,0.0748,4,33.86,0
56.0,14746.28,783.0,60,0.0601,2,1.43,1
22.0,12204.62,824.0,60,0.0489,4,41.37,0
53.0,80593.01,771.0,12,0.0549,12,9.42,0
55.0,153061.61,713.0,12,0.0913,1,37.51,1
32.0,143063.7,603.0,48,0.0318,1,10.36,1
33.0,5530.36,814.0,48,0.0536,12,49.44,0
42.0,46860.71,758.0,60,0.0731,1,2.12,0
49.0,19888.72,850.0,48,0.0563,12,46.93,0
43.0,69129.54,585.0,60,0.0237,12,21.72,1
52.0,39425.83,786.0,36,0.0519,2,1.22,0
71.0,108218.96,755.0,36,0.02,2,1.03,1
37.0,58738.28,666.0,24,0.0419,2,18.28,0
19.0,8991.17,836.0,12,0.0253,12,15.34,0
57.0,22763.51,740.0,24,0.0374,4,9.42,0
70.0,60221.52,606.0,36,0.0702,12,15.2,0
51.0,65519.98,688.0,48,0.0396,2,45.73,0
29.0,14681.2,605.0,12,0.0488,2,33.04,1
43.0,12881.41,653.0,12,0.0825,1,21.07,0
28.0,63338.29,770.0,24,0.0558,2,17.12,0
55.0,14710.73,799.0,12,0.0489,4,17.59,0
25.0,11286.59,722.0,36,0.044,12,32.06,0
40.0,38363.41,625.0,48,0.0573,4,2.74,0
30.0,36737.52,738.0,24,0.0765,12,34.48,0
47.0,24874.53,772.0,48,0.0309,1,55.21,0
40.0,29621.72,503.0,24,0.0575,1,29.55,0
48.0,60708.3,712.0,60,0.0245,4,23.91,0
45.0,29139.13,681.0,12,0.02,1,2.38,0
30.0,64260.28,795.0,60,0.0561,12,32.86,0
54.0,40926.43,739.0,12,0.0531,1,0.12,1
44.0,70802.54,748.0,60,0.02,12,0.73,1
30.0,144091.76,652.0,48,0.032,12,12.08,1
79.0,138586.21,700.0,36,0.0387,4,15.65,0
52.0,217121.08,794.0,24,0.0586,12,44.63,1
43.0,138433.71,694.0,12,0.0787,1,17.74,1
66.0,76005.24,717.0,24,0.0242,4,7.17,0
73.0,38815.25,546.0,36,0.045,12,1.82,1
43.0,40629.07,693.0,60,0.0845,12,3.81,1
50.0,24890.03,499.0,48,0.0753,12,2.23,1
30.0,60145.94,648.0,24,0.02,4,31.59,0
43.0,120257.13,706.0,60,0.0427,12,54.02,0
42.0,28979.16,777.0,12,0.0581,4,12.42,1
48.0,57686.71,600.0,24,0.0645,1,4.57,0
50.0,30413.38,737.0,24,0.0725,4,5.32,1
53.0,73817.74,847.0,12,0.02,2,24.83,0
49.0,34565.68,636.0,36,0.0541,2,1.38,0
27.0,28580.77,545.0,60,0.0548,12,28.65,1
31.0,30334.27,729.0,24,0.0726,12,15.11,0
37.0,99044.92,581.0,60,0.0601,2,5.46,0
41.0,54352.76,618.0,48,0.0595,1,2.31,1
61.0,39010.19,792.0,60,0.0574,4,14.55,0
28.0,77761.72,850.0,60,0.0501,2,32.6,0
40.0,39556.44,600.0,12,0.0737,4,3.12,1
59.0,184705.49,626.0,60,0.0302,1,48.87,1
41.0,22609.69,656.0,36,0.0747,1,23.79,0
52.0,49663.65,645.0,60,0.0462,2,6.68,1
43.0,14694.59,850.0,48,0.0391,12,18.1,0
49.0,42324.68,647.0,60,0.0459,1,13.75,1
42.0,11163.05,661.0,12,0.0463,1,0.42,0
55.0,126287.52,850.0,48,0.0862,4,32.82,1
22.0,128862.83,758.0,12,0.0255,4,3.96,0
40.0,131159.6,799.0,36,0.024,2,14.77,0
49.0,61628.05,609.0,36,0.0287,2,32.18,1
53.0,24837.99,647.0,12,0.0454,4,35.86,1
67.0,26894.02,596.0,36,0.0342,1,45.11,0
39.0,276556.95,780.0,12,0.02,12,30.31,0
67.0,251620.46,823.0,24,0.0363,12,8.75,1
35.0,67680.62,640.0,60,0.0267,2,48.15,1
65.0,35752.16,664.0,24,0.0698,4,7.15,1
57.0,235301.61,668.0,36,0.0625,1,19.11,1
31.0,29896.5,545.0,12,0.0571,12,2.47,0
50.0,75270.92,633.0,12,0.02,12,6.0,1
44.0,231412.54,777.0,12,0.0783,12,0.54,0
54.0,25943.11,612.0,12,0.0336,1,31.05,1
42.0,137203.92,709.0,60,0.0663,1,35.28,0
40.0,100766.46,569.0,48,0.0622,2,37.14,0
66.0,57554.26,686.0,24,0.0338,2,3.63,0
44.0,22171.58,644.0,36,0.0567,4,26.21,1
57.0,29014.77,578.0,12,0.0519,4,10.78,0
42.0,79973.54,779.0,24,0.0713,4,24.16,0
70.0,14424.21,785.0,48,0.0368,4,19.15,0
35.0,68237.11,603.0,24,0.0533,4,8.78,1
36.0,102852.48,678.0,36,0.0298,2,26.82,0
68.0,160366.99,704.0,12,0.0747,1,45.72,0
38.0,14789.06,519.0,36,0.0476,12,13.99,0
69.0,223294.61,560.0,12,0.0314,1,30.63,0
58.0,326231.81,829.0,48,0.0623,2,0.82,1
43.0,90233.1,593.0,36,0.0712,12,32.53,1
18.0,21204.13,826.0,24,0.0405,12,34.02,0
45.0,43126.4,565.0,48,0.0916,1,17.6,1
47.0,57091.06,766.0,36,0.0803,12,43.78,1
63.0,78469.36,669.0,12,0.0509,2,30.42,0
69.0,61204.84,683.0,48,0.0413,12,6.17,0
35.0,79313.62,850.0,12,0.0238,1,2.69,0
57.0,54680.0,575.0,60,0.0285,1,3.02,0
56.0,78050.17,759.0,24,0.02,4,19.66,1
61.0,37777.79,755.0,12,0.0619,2,20.07,1
52.0,42693.98,850.0,36,0.0485,12,37.9,1
18.0,33656.95,592.0,60,0.0393,12,35.64,0
43.0,407281.36,637.0,48,0.02,12,28.8,0
28.0,258823.28,782.0,36,0.0606,1,50.8,0
42.0,104327.91,680.0,48,0.0491,2,3.4,0
60.0,225327.23,654.0,60,0.0503,12,19.42,0
50.0,133047.48,796.0,36,0.05,2,3.44,0
62.0,71773.54,673.0,12,0.0704,12,4.61,1
50.0,13285.5,611.0,36,0.02,4,0.33,1
26.0,46066.26,773.0,24,0.0969,4,1.19,1
18.0,42828.63,738.0,12,0.0235,4,43.85,0
47.0,19281.95,669.0,24,0.0453,1,3.2,1
42.0,13545.88,664.0,36,0.02,12,18.76,0
30.0,97999.67,609.0,36,0.053,1,32.22,0
19.0,82826.58,773.0,48,0.0436,1,38.56,0
34.0,18631.39,664.0,36,0.0496,1,17.32,1
42.0,28399.35,623.0,12,0.0573,4,16.13,1
55.0,191228.11,571.0,24,0.0398,2,8.36,0
48.0,24892.04,739.0,60,0.081,2,6.68,1
69.0,71025.83,649.0,24,0.0397,2,7.79,1
29.0,49524.45,499.0,48,0.0606,12,7.4,1
58.0,99345.95,580.0,60,0.0324,1,5.47,1
46.0,25435.28,677.0,60,0.0703,1,49.23,0
55.0,65518.22,679.0,36,0.0291,12,40.75,1
38.0,70878.51,676.0,48,0.0449,1,31.48,0
61.0,75371.22,662.0,48,0.0374,2,34.12,0
49.0,64800.84,552.0,36,0.056,1,3.3,0
35.0,84508.66,613.0,12,0.0323,12,29.91,0
45.0,535936.16,818.0,36,0.036,12,1.18,0
41.0,775526.77,804.0,48,0.0465,2,24.35,0
52.0,31595.94,758.0,60,0.0411,1,45.63,1
27.0,5894.39,749.0,12,0.0505,12,45.75,0
45.0,108607.45,790.0,48,0.0341,12,3.47,1
51.0,72131.96,588.0,48,0.0349,12,47.09,0
45.0,172999.13,703.0,36,0.0492,2,4.66,1
65.0,79609.28,588.0,24,0.0777,1,2.56,0
57.0,63487.86,590.0,48,0.0437,4,8.64,1
45.0,185147.22,737.0,24,0.0642,1,1.99,1
48.0,212943.17,795.0,12,0.0579,2,14.17,1
49.0,14964.56,681.0,60,0.0338,2,23.17,1
51.0,26460.12,850.0,24,0.0644,12,7.52,1
18.0,53874.2,721.0,24,0.048,12,7.14,1
40.0,66067.86,622.0,24,0.07,2,20.5,0
23.0,47763.49,591.0,24,0.1018,4,2.65,1
64.0,92430.03,802.0,24,0.0508,4,3.39,0
44.0,162122.06,713.0,12,0.0741,2,10.97,1
42.0,335276.12,768.0,48,0.0708,12,5.11,0
58.0,106821.34,434.0,60,0.0412,2,3.82,1
51.0,25531.45,724.0,48,0.0408,12,11.98,0
28.0,51669.54,649.0,12,0.0236,12,40.43,0
44.0,55528.28,561.0,12,0.0729,2,24.12,1
40.0,100171.62,694.0,24,0.0321,1,8.51,0
19.0,88271.1,809.0,12,0.0382,2,14.03,0
35.0,465280.93,850.0,12,0.088,1,38.08,0
42.0,37740.42,724.0,24,0.0397,4,26.81,1
43.0,87969.95,629.0,12,0.0827,12,38.01,0
23.0,630779.35,623.0,12,0.089,4,9.5,0
62.0,33349.33,796.0,12,0.0325,12,2.62,1
43.0,69227.17,600.0,36,0.0648,12,0.75,1
46.0,23274.64,762.0,48,0.0595,2,26.2,0
51.0,64996.38,729.0,36,0.0658,12,17.78,0
33.0,27440.71,718.0,48,0.0734,4,7.01,1
52.0,170552.92,543.0,24,0.02,12,40.01,0
39.0,69377.57,664.0,24,0.0616,1,34.59,1
32.0,23496.41,554.0,48,0.0639,1,15.86,0
54.0,138769.24,641.0,48,0.0403,2,26.83,1
67.0,71658.43,792.0,60,0.0688,2,3.62,1
56.0,155254.16,823.0,48,0.0748,12,32.23,0
59.0,19002.72,721.0,48,0.0403,4,14.23,1
37.0,86580.03,643.0,24,0.024,2,10.11,1
21.0,129747.0,850.0,24,0.0872,2,33.18,1
67.0,39207.47,642.0,12,0.0335,2,11.51,1
76.0,17000.49,586.0,12,0.0233,1,11.65,1
68.0,57434.04,770.0,24,0.054,4,37.85,0
40.0,204457.48,746.0,12,0.02,2,51.89,0
28.0,184597.0,646.0,36,0.0516,12,43.65,0
29.0,39009.93,710.0,36,0.0667,2,5.18,0
20.0,16595.96,744.0,12,0.0388,2,20.5,0
43.0,38902.75,720.0,12,0.0606,1,5.96,1
69.0,37478.49,746.0,48,0.0596,1,25.1,0
43.0,93568.29,649.0,48,0.0601,2,13.14,1
50.0,53906.08,753.0,36,0.0419,4,20.52,0
66.0,28190.37,702.0,36,0.0508,1,54.45,0
39.0,180640.3,653.0,48,0.0537,2,4.02,1
76.0,68900.99,675.0,48,0.0515,4,5.06,1
75.0,92541.79,690.0,48,0.0467,2,25.28,0
43.0,10668.11,555.0,12,0.0861,4,12.06,1
36.0,5301.45,636.0,24,0.0565,12,32.45,0
55.0,14220.7,706.0,36,0.0583,1,2.39,0
40.0,37029.0,565.0,60,0.0255,12,5.04,0
28.0,106548.55,638.0,48,0.096,4,23.69,1
64.0,5754.59,850.0,12,0.0676,1,15.91,0
63.0,294446.34,587.0,36,0.0567,1,32.97,1
47.0,71009.29,662.0,48,0.0844,12,15.6,0
26.0,233350.06,617.0,12,0.0264,4,21.12,0
27.0,24686.95,688.0,36,0.028,1,24.57,1
47.0,99097.54,619.0,36,0.0711,4,20.32,0
38.0,65198.77,676.0,60,0.0752,4,43.55,0
40.0,135630.06,628.0,60,0.02,1,30.99,0
60.0,47392.0,806.0,36,0.0303,1,31.87,1
56.0,96106.79,708.0,12,0.02,1,12.84,0
66.0,180267.17,600.0,48,0.0694,12,33.33,1
30.0,31220.3,784.0,48,0.0519,1,18.8,0
40.0,76285.96,604.0,36,0.0592,1,16.45,1
56.0,9064.65,544.0,48,0.0292,2,1.4,1
52.0,120873.89,700.0,60,0.0553,2,3.5,1
68.0,422803.39,850.0,48,0.02,12,52.88,0
51.0,17249.94,517.0,24,0.0665,12,32.89,1
73.0,54645.31,567.0,60,0.086,2,23.61,0
53.0,144420.04,775.0,60,0.02,12,45.81,0
61.0,61785.1,636.0,36,0.0776,2,17.45,1
40.0,70622.18,761.0,36,0.048,2,3.75,1
45.0,40497.7,616.0,48,0.0571,4,56.35,0
59.0,39020.71,714.0,48,0.0423,12,8.06,1
69.0,54902.04,850.0,36,0.0287,1,47.38,0
56.0,62421.9,581.0,12,0.0835,2,6.19,1
44.0,18371.55,802.0,48,0.0375,4,5.44,1
66.0,56048.8,768.0,12,0.0808,4,15.18,1
18.0,287372.32,551.0,60,0.066,2,15.53,1
24.0,39374.21,756.0,24,0.0454,12,13.88,0
55.0,17374.26,707.0,12,0.0843,2,7.29,0
45.0,51461.23,709.0,48,0.0492,12,2.11,1
54.0,29301.3,734.0,36,0.0764,2,22.65,0
46.0,15703.8,665.0,36,0.0751,2,48.53,0
54.0,68814.41,707.0,24,0.0248,4,45.05,0
33.0,29428.47,724.0,24,0.0346,1,11.84,0
54.0,32057.48,775.0,60,0.0461,1,5.85,1
60.0,69802.66,547.0,12,0.0466,4,15.28,1
63.0,12923.79,829.0,24,0.0592,12,6.31,1
75.0,10492.65,584.0,60,0.02,2,5.14,1
49.0,117110.38,776.0,60,0.0492,12,48.61,0
49.0,8683.38,708.0,60,0.0611,1,31.52,0
22.0,22546.21,572.0,48,0.0674,12,48.45,0
37.0,9898.72,753.0,24,0.0384,2,34.66,1
42.0,36822.47,605.0,36,0.0297,1,11.93,1
61.0,91863.47,807.0,60,0.0435,12,8.81,1
36.0,66992.63,629.0,36,0.061,12,18.69,1
57.0,654661.37,551.0,48,0.0261,12,31.9,1
45.0,177533.68,850.0,12,0.0445,1,37.4,0
42.0,23596.23,718.0,48,0.041,1,36.25,1
49.0,18086.93,787.0,48,0.02,12,53.54,0
39.0,896889.5,615.0,24,0.02,4,23.32,0
39.0,173264.05,511.0,60,0.0798,2,17.27,0
19.0,107944.19,850.0,48,0.0663,1,16.81,0
41.0,64527.83,699.0,60,0.0702,1,19.57,0
38.0,78709.69,749.0,36,0.0432,1,3.04,0
37.0,13601.38,766.0,12,0.053,2,28.36,1
51.0,70055.23,666.0,12,0.0615,1,7.44,0
55.0,64294.63,723.0,36,0.0815,4,2.68,1
48.0,24242.47,850.0,24,0.0578,1,29.25,0
60.0,34943.0,697.0,36,0.0366,1,3.73,1
54.0,272440.74,794.0,36,0.0633,4,28.65,1
41.0,52829.5,501.0,24,0.02,2,49.27,0
38.0,475048.08,812.0,24,0.0323,2,24.42,0
50.0,10502.0,548.0,48,0.0521,1,24.75,0
54.0,35520.66,801.0,60,0.0629,2,49.42,1
66.0,12742.8,739.0,12,0.0639,4,20.21,0
63.0,17864.62,690.0,24,0.042,2,0.6,1
37.0,26154.96,690.0,24,0.0474,1,17.45,0
43.0,82068.51,675.0,48,0.0435,4,19.68,1
55.0,78184.46,618.0,48,0.0638,1,6.14,1
61.0,30354.79,679.0,60,0.0606,4,21.28,1
59.0,6452.35,850.0,24,0.0481,4,9.51,0
44.0,262417.72,830.0,24,0.0373,1,20.8,0
26.0,44991.79,613.0,48,0.0578,1,54.45,1
30.0,19608.33,727.0,36,0.0519,2,4.29,0
49.0,78820.69,710.0,60,0.0802,12,22.33,0
50.0,73456.24,686.0,24,0.049,2,12.71,0
29.0,43361.34,600.0,12,0.0457,1,16.9,0
46.0,69461.71,745.0,12,0.0334,1,28.03,0
54.0,18863.24,785.0,48,0.0805,2,10.54,1
28.0,128016.3,617.0,12,0.0517,12,29.32,1
62.0,22095.58,850.0,48,0.0548,12,14.44,0
39.0,32677.12,850.0,36,0.0842,1,8.25,0
64.0,114554.02,755.0,48,0.0732,12,19.11,1
37.0,199577.71,577.0,24,0.0223,4,34.47,1
30.0,292369.76,740.0,12,0.074,2,12.02,0
38.0,172094.36,728.0,24,0.0732,12,11.71,0
44.0,43300.86,751.0,12,0.02,12,25.42,1
39.0,12822.63,850.0,12,0.0803,2,17.83,0
42.0,244032.23,682.0,48,0.0384,4,2.49,0
50.0,235789.8,850.0,60,0.0652,12,18.15,0
42.0,30577.63,741.0,12,0.0397,4,12.64,0
44.0,150420.36,671.0,12,0.0955,1,6.78,1
19.0,42951.3,850.0,60,0.0542,1,48.87,0
51.0,268680.14,783.0,24,0.0681,4,40.4,0
44.0,35779.68,655.0,12,0.0531,4,16.78,0
69.0,433068.54,708.0,48,0.029,2,13.23,1
31.0,131415.66,764.0,60,0.0483,2,12.83,0
18.0,361329.24,685.0,60,0.0219,2,33.22,0
54.0,37654.31,713.0,12,0.0559,12,13.58,0
50.0,89772.11,618.0,24,0.0459,1,0.7,1
30.0,22713.64,531.0,24,0.0222,2,16.19,0
22.0,139244.86,711.0,36,0.0409,12,27.81,1
68.0,147125.54,714.0,36,0.0283,12,10.21,1
66.0,658041.92,753.0,48,0.0408,4,31.88,1
18.0,96958.64,642.0,12,0.047,2,18.93,0
38.0,123512.07,566.0,24,0.0645,4,0.34,1
70.0,37390.41,603.0,36,0.0324,4,6.37,0
38.0,102886.26,806.0,12,0.0335,12,4.07,0
38.0,40950.07,633.0,12,0.0568,1,18.6,0
41.0,67229.05,656.0,24,0.0512,12,40.34,0
28.0,71290.31,669.0,12,0.065,12,30.97,0
19.0,42095.46,638.0,60,0.0459,12,14.94,0
61.0,63764.07,631.0,36,0.061,1,36.02,1
18.0,41138.71,613.0,48,0.02,2,3.94,0
49.0,40956.63,840.0,36,0.0353,12,37.39,0
58.0,175723.08,768.0,12,0.0507,12,48.1,0
23.0,71354.35,825.0,60,0.0478,2,6.38,1
31.0,84716.55,845.0,36,0.0529,2,17.37,1
63.0,13942.48,465.0,24,0.0676,12,24.01,1
53.0,91441.83,734.0,60,0.0395,1,8.03,1
36.0,101765.2,641.0,36,0.056,4,2.02,0
63.0,40201.57,812.0,12,0.0453,4,29.55,1
63.0,481677.3,626.0,24,0.0593,12,18.96,1
49.0,6067.93,595.0,12,0.0598,1,16.52,0
31.0,131185.44,557.0,12,0.028,2,13.94,0
39.0,122125.54,670.0,24,0.0569,1,16.86,0
49.0,102907.2,791.0,60,0.0619,4,31.46,0
42.0,71411.39,726.0,36,0.0529,1,40.83,0
59.0,103847.56,580.0,60,0.0575,12,25.79,1
22.0,142653.73,850.0,24,0.0533,1,16.63,0
23.0,28972.79,765.0,36,0.0344,4,51.38,0
48.0,80756.65,778.0,24,0.0407,12,29.12,0
38.0,49845.48,829.0,48,0.0534,12,32.89,0
36.0,20054.96,536.0,48,0.0484,1,9.03,1
18.0,122659.8,609.0,60,0.0368,12,22.99,0
45.0,34051.85,782.0,24,0.0362,1,3.1,0
44.0,13388.37,619.0,36,0.0486,1,31.92,1
55.0,34922.6,672.0,60,0.0221,2,44.93,0
46.0,26932.83,692.0,48,0.0401,4,32.61,0
43.0,167456.52,572.0,48,0.0749,2,10.57,1
63.0,69786.31,664.0,48,0.0554,4,10.96,1
25.0,238561.58,791.0,60,0.041,4,3.46,0
53.0,30743.8,773.0,36,0.0409,12,14.92,0
20.0,143511.42,811.0,48,0.0981,4,3.0,0
32.0,1024405.41,801.0,60,0.0493,1,23.58,0
27.0,85479.55,741.0,60,0.0607,2,15.02,0
57.0,141725.71,733.0,12,0.0356,12,13.3,1
44.0,119792.66,725.0,12,0.0598,12,4.71,0
45.0,14442.42,637.0,36,0.0225,4,2.02,0
28.0,107561.42,597.0,48,0.042,2,3.48,1
41.0,81345.14,631.0,12,0.0442,2,16.17,1
34.0,46177.72,667.0,36,0.02,2,25.55,1
51.0,24734.73,634.0,12,0.0593,12,16.88,0
30.0,119848.44,741.0,48,0.04,2,19.22,1
65.0,22642.78,720.0,60,0.0664,1,20.3,0
20.0,505673.06,731.0,48,0.0449,1,17.77,0
33.0,67115.42,735.0,12,0.0305,4,26.83,0
70.0,17618.29,820.0,48,0.0605,4,12.08,1
38.0,35810.76,699.0,60,0.0473,1,34.72,0
25.0,45336.41,801.0,24,0.0508,4,6.49,0
48.0,668222.62,752.0,60,0.0604,12,13.1,0
38.0,24721.07,813.0,12,0.0543,1,0.42,0
32.0,53304.86,850.0,60,0.0373,12,26.29,0
29.0,34967.41,758.0,36,0.02,2,46.21,0
85.0,98642.6,710.0,48,0.031,12,22.71,1
41.0,35529.43,710.0,24,0.0463,2,12.87,1
18.0,19166.96,653.0,24,0.0495,1,45.02,0
67.0,49252.01,650.0,48,0.0789,4,3.76,1
54.0,44382.75,790.0,48,0.0916,4,8.39,1
34.0,33115.46,604.0,36,0.0476,1,12.41,1
31.0,34933.08,850.0,60,0.0587,12,55.16,0
55.0,195770.0,685.0,24,0.0408,1,5.24,0
41.0,43488.85,850.0,12,0.0365,2,33.46,0
18.0,19261.67,631.0,48,0.0457,4,5.61,1
72.0,37717.67,725.0,48,0.038,2,39.05,0
38.0,63217.45,665.0,24,0.0349,1,6.96,1
67.0,15736.38,621.0,48,0.039,4,59.75,0
64.0,304363.49,806.0,24,0.0363,2,3.2,1
30.0,142568.73,589.0,12,0.0502,4,16.73,0
60.0,250239.25,632.0,12,0.0529,4,11.51,1
35.0,88621.35,759.0,24,0.0271,1,42.21,0
18.0,7378.33,774.0,48,0.0571,2,6.38,0
39.0,277988.14,561.0,36,0.0483,1,23.26,0
51.0,25246.22,758.0,36,0.0459,12,30.65,1
38.0,27386.71,713.0,60,0.0566,2,34.21,1
40.0,70005.22,608.0,36,0.0801,1,25.64,0
62.0,237572.91,621.0,48,0.0472,1,4.68,1
47.0,171662.76,497.0,36,0.0314,12,10.6,1
32.0,148194.54,850.0,60,0.0603,1,35.86,0
56.0,43834.35,802.0,12,0.0609,12,13.66,0
48.0,43148.05,571.0,24,0.0553,2,40.16,0
18.0,84621.5,780.0,36,0.0494,12,1.88,1
51.0,52571.49,643.0,24,0.028,12,6.53,1
51.0,145701.88,791.0,24,0.0271,1,24.78,1
45.0,137326.65,650.0,12,0.0423,4,21.69,0
58.0,108157.23,664.0,60,0.0296,1,15.38,1
35.0,4788.82,671.0,48,0.0661,4,17.28,1
50.0,68049.34,634.0,48,0.02,2,0.88,0
21.0,53698.81,840.0,48,0.0488,4,21.04,0
51.0,70829.13,790.0,60,0.0471,12,39.14,1
74.0,28160.49,711.0,60,0.0612,4,5.38,1
30.0,15918.13,802.0,60,0.0644,4,50.75,1
34.0,95143.21,537.0,36,0.0346,12,7.08,1
34.0,41927.56,577.0,24,0.0757,4,10.49,1
47.0,106371.5,747.0,60,0.0289,4,9.88,0
29.0,30610.11,774.0,60,0.0672,2,47.11,0
51.0,246695.64,728.0,36,0.0619,2,22.12,1
58.0,162928.19,512.0,24,0.02,2,6.21,1
53.0,80565.61,594.0,48,0.0288,12,9.08,1
18.0,48373.7,742.0,12,0.0681,2,26.12,0
60.0,140422.2,850.0,60,0.0533,2,36.94,0
59.0,88658.56,822.0,60,0.0513,12,51.28,0
57.0,76007.26,850.0,12,0.02,12,21.5,1
51.0,169883.03,734.0,60,0.0466,12,42.09,1
48.0,249330.89,733.0,60,0.0366,12,0.13,1
60.0,17112.92,597.0,60,0.0251,2,23.28,1
74.0,20944.18,795.0,12,0.0636,1,17.54,1
31.0,27439.51,693.0,36,0.0509,4,6.46,1
61.0,13327.37,769.0,36,0.0329,2,16.16,0
44.0,56232.57,703.0,12,0.0347,1,5.73,1
43.0,109110.51,728.0,36,0.0521,2,14.18,1
22.0,58605.38,691.0,48,0.0593,2,26.06,0
41.0,35097.26,722.0,48,0.0649,12,8.13,0
30.0,184694.38,800.0,12,0.0607,1,4.8,1
38.0,68909.99,573.0,24,0.0494,2,56.27,0
29.0,84371.33,551.0,60,0.0331,4,15.53,1
38.0,189896.56,743.0,24,0.0568,12,3.03,1
39.0,52931.72,844.0,60,0.0303,4,13.0,1
46.0,469871.28,850.0,36,0.052,1,13.21,0
21.0,38260.95,578.0,36,0.0468,2,51.55,0
23.0,441506.58,660.0,48,0.066,4,0.74,1
50.0,22590.05,552.0,24,0.0644,1,38.32,0
33.0,100456.98,645.0,12,0.0617,12,55.35,0
61.0,31491.34,812.0,60,0.0596,4,20.92,0
48.0,183425.91,699.0,36,0.0481,1,19.12,0
54.0,37114.66,663.0,60,0.081,1,0.41,1
66.0,80087.19,755.0,12,0.0618,4,16.85,0
40.0,31240.11,620.0,60,0.0797,2,9.55,1
36.0,152851.96,850.0,48,0.0711,1,14.3,0
58.0,31077.79,701.0,12,0.0416,4,7.59,1
53.0,322356.98,660.0,12,0.0388,12,49.1,0
42.0,22114.81,759.0,60,0.0598,4,24.16,1
66.0,15589.8,794.0,60,0.0261,4,7.2,1
42.0,155057.62,850.0,36,0.0429,1,2.45,1
45.0,33135.36,679.0,60,0.0363,12,32.65,0
45.0,59442.38,809.0,12,0.0495,2,57.39,0
31.0,43380.22,710.0,60,0.02,4,0.62,0
46.0,16113.16,639.0,36,0.0928,12,36.92,0
66.0,55437.21,622.0,24,0.064,12,8.97,0
52.0,212121.8,590.0,48,0.0707,4,26.41,0
45.0,163266.16,626.0,12,0.0531,1,5.04,0
43.0,75492.81,812.0,36,0.074,2,3.0,1
50.0,182092.17,771.0,48,0.0612,1,8.04,1
56.0,20753.73,576.0,60,0.0665,2,14.11,1
54.0,43241.06,525.0,60,0.0598,12,10.46,1
40.0,88947.8,589.0,24,0.0772,12,13.0,1
50.0,52553.41,622.0,60,0.036,1,20.55,0
52.0,46778.39,670.0,48,0.0812,2,1.91,1
30.0,18022.14,817.0,36,0.0468,4,11.85,0
48.0,7470.06,645.0,24,0.034,1,17.56,1
18.0,135654.49,850.0,48,0.0588,2,8.45,0
52.0,76360.56,532.0,36,0.0279,4,2.06,1
55.0,147561.21,665.0,48,0.0403,4,17.12,0
56.0,38667.86,779.0,60,0.0445,2,3.9,1
39.0,29355.12,785.0,48,0.0456,12,10.99,0
50.0,60267.48,666.0,24,0.0694,1,56.05,0
66.0,140673.89,800.0,48,0.0665,4,14.25,1
66.0,47502.98,781.0,12,0.0438,12,28.4,0
45.0,133490.45,632.0,60,0.0588,2,1.81,0
47.0,21887.96,731.0,48,0.0922,1,4.41,1
62.0,50947.6,770.0,36,0.0259,4,32.15,1
22.0,55819.91,639.0,60,0.0299,12,4.2,0
40.0,204105.02,850.0,36,0.051,2,36.52,0
65.0,73690.37,616.0,24,0.1042,12,2.74,1
60.0,343203.04,714.0,12,0.0335,4,41.79,0
51.0,15557.77,575.0,48,0.0383,1,30.97,0
22.0,68180.84,710.0,60,0.0612,1,20.52,0
44.0,71639.23,593.0,48,0.069,4,18.4,1
36.0,111312.09,671.0,48,0.0501,1,31.51,1
50.0,26546.15,541.0,60,0.0546,1,3.28,1
33.0,322689.66,780.0,12,0.0497,12,19.25,1
30.0,60655.4,736.0,12,0.0536,2,10.07,0
18.0,20189.79,809.0,24,0.021,4,51.67,0
63.0,58922.31,665.0,60,0.0535,4,17.13,1
39.0,43775.89,813.0,60,0.0507,12,2.91,1
47.0,968239.88,704.0,36,0.0573,12,20.87,0
45.0,171089.76,711.0,36,0.0392,2,7.25,0
29.0,62922.64,850.0,36,0.06,1,6.84,1
26.0,53534.59,652.0,12,0.0663,4,7.04,1
30.0,154980.85,823.0,24,0.1005,4,5.84,1
34.0,162569.71,748.0,24,0.0406,2,49.77,0
50.0,3256.64,643.0,48,0.0304,12,7.32,1
33.0,113890.55,568.0,24,0.0535,12,26.57,0
71.0,61572.25,597.0,36,0.0604,1,23.41,1
60.0,16136.78,813.0,60,0.0524,2,14.78,0
57.0,144381.47,850.0,48,0.0526,4,30.12,0
43.0,565908.69,709.0,12,0.0389,1,1.22,1
68.0,104484.7,714.0,24,0.02,1,11.22,0
42.0,179948.94,778.0,60,0.0749,2,16.54,0
45.0,363712.53,707.0,36,0.0823,1,21.56,0
48.0,26101.23,810.0,12,0.0353,4,14.93,0
56.0,9343.43,729.0,12,0.0379,4,28.25,0
55.0,115481.55,714.0,24,0.02,4,39.55,0
38.0,46741.54,630.0,60,0.0421,12,20.72,0
37.0,15151.07,605.0,36,0.0568,1,2.24,0
55.0,55372.04,384.0,36,0.0371,1,38.02,0
56.0,123939.32,823.0,36,0.065,4,52.79,0
39.0,51587.17,685.0,36,0.0312,12,7.47,0
21.0,27259.91,660.0,24,0.0626,2,8.63,1
42.0,47881.9,505.0,24,0.0562,4,1.78,0
54.0,58719.29,636.0,60,0.0431,2,13.11,0
72.0,8695.12,623.0,48,0.0449,4,17.74,0
27.0,51907.84,621.0,24,0.0642,2,27.36,0
39.0,15609.88,733.0,36,0.1045,12,41.98,0
39.0,115731.25,712.0,60,0.0475,2,25.97,0
65.0,12568.61,564.0,36,0.0699,1,21.89,0
44.0,164833.67,570.0,24,0.0826,2,12.28,1
31.0,39768.68,570.0,60,0.0368,12,9.62,1
53.0,34787.88,850.0,36,0.0323,1,25.44,0
39.0,80374.69,849.0,48,0.0502,4,20.32,0
27.0,25184.04,615.0,12,0.0535,2,9.38,1
32.0,79121.96,502.0,12,0.0601,12,24.29,0
71.0,28793.1,713.0,36,0.0341,12,3.31,1
51.0,34312.52,705.0,12,0.0649,2,10.91,0
47.0,89801.25,732.0,48,0.0277,12,39.39,0
41.0,19176.09,774.0,48,0.0496,4,39.28,1
49.0,16910.04,745.0,36,0.0563,12,5.07,0
49.0,76743.62,588.0,48,0.0226,4,5.12,1
49.0,58285.01,729.0,12,0.0586,2,5.92,0
47.0,70876.4,785.0,36,0.0455,12,15.32,0
58.0,83086.64,628.0,12,0.0409,2,6.58,1
45.0,63409.92,730.0,48,0.0561,1,0.65,1
30.0,109984.27,645.0,48,0.0208,1,3.79,1
36.0,66001.73,850.0,60,0.058,2,47.04,0
18.0,8044.12,567.0,24,0.026,2,27.53,0
75.0,10426.6,816.0,24,0.0571,4,5.9,1
58.0,411658.41,533.0,36,0.0522,4,27.16,1
33.0,59878.44,850.0,12,0.0801,1,14.86,0
41.0,154854.56,586.0,24,0.0801,12,32.71,0
35.0,42374.25,719.0,36,0.0654,1,30.88,0
68.0,56499.38,537.0,48,0.0485,12,20.33,1
24.0,38049.2,565.0,24,0.0498,4,14.05,0
47.0,704981.85,790.0,12,0.0271,4,39.72,1
43.0,77129.6,803.0,60,0.02,4,22.04,1
57.0,35071.43,724.0,60,0.0716,12,29.65,0
43.0,11481.13,774.0,24,0.0413,4,20.1,0
19.0,430944.01,804.0,60,0.0323,12,6.93,0
41.0,50854.38,632.0,36,0.02,12,0.61,1
30.0,126024.19,560.0,12,0.0526,12,59.42,0
46.0,140927.0,699.0,48,0.0447,12,2.41,1
67.0,37690.73,642.0,12,0.0363,4,6.93,0
19.0,117295.63,739.0,48,0.0353,4,26.71,0
33.0,32723.92,755.0,60,0.0552,1,8.24,0
37.0,22238.35,632.0,36,0.0509,4,36.7,1
39.0,191849.16,770.0,48,0.02,12,1.45,0
56.0,51113.84,765.0,60,0.0321,2,18.4,1
42.0,100560.3,772.0,48,0.0672,12,22.17,1
51.0,90302.55,659.0,24,0.0347,2,3.7,1
36.0,113315.58,778.0,12,0.0682,12,0.23,1
48.0,12625.36,752.0,36,0.0499,2,14.14,1
57.0,33346.55,764.0,60,0.0402,2,25.26,0
34.0,43283.42,850.0,36,0.0418,1,5.53,0
57.0,26069.5,733.0,12,0.0614,2,5.61,1
46.0,91950.61,639.0,48,0.0311,1,24.53,1
61.0,196200.64,589.0,48,0.023,12,0.72,1
42.0,229850.56,813.0,36,0.0353,12,20.83,0
51.0,42650.54,736.0,48,0.0247,2,33.24,1
44.0,80174.91,850.0,48,0.0285,12,1.3,0
44.0,93493.16,497.0,48,0.0281,4,29.39,0
49.0,111441.61,791.0,24,0.0526,4,20.44,0
53.0,24881.13,674.0,60,0.02,4,24.45,1
26.0,369749.22,665.0,60,0.0518,12,13.55,0
67.0,151224.41,624.0,12,0.0474,4,12.22,1
18.0,155227.85,790.0,48,0.0641,1,9.74,0
35.0,199478.16,761.0,36,0.056,12,7.7,0
44.0,102143.7,586.0,48,0.0552,4,16.79,0
51.0,21432.99,716.0,12,0.0298,12,13.34,1
69.0,52105.58,771.0,48,0.0414,4,22.66,0
18.0,11486.72,718.0,24,0.02,1,11.19,0
37.0,90678.22,811.0,12,0.0732,2,1.01,0
18.0,50553.44,671.0,60,0.0767,1,32.89,0
45.0,57496.4,475.0,60,0.0589,2,8.38,1
49.0,199586.13,719.0,24,0.0253,4,12.64,0
69.0,37911.36,718.0,60,0.0625,1,5.88,1
47.0,46531.13,731.0,24,0.0404,2,17.3,0
61.0,61204.33,811.0,60,0.02,1,5.95,1
54.0,9509.13,505.0,60,0.0423,12,1.76,1
38.0,45886.96,676.0,48,0.0702,2,28.18,0
24.0,4985.08,608.0,12,0.0454,4,42.01,1
49.0,33338.84,579.0,60,0.0519,12,53.72,0
23.0,140813.14,693.0,12,0.0257,4,17.15,1
64.0,93645.02,770.0,12,0.0449,4,28.96,0
43.0,33030.27,730.0,60,0.0444,12,21.13,0
63.0,62367.41,631.0,12,0.0292,2,49.72,1
38.0,20435.12,685.0,24,0.0534,12,7.63,1
49.0,59734.0,793.0,36,0.0443,4,9.9,0
48.0,1121660.0,768.0,24,0.0606,1,15.13,0
44.0,379193.28,645.0,60,0.0392,2,23.43,0
39.0,63109.22,638.0,24,0.0526,1,27.44,0
51.0,70273.09,528.0,36,0.0349,2,32.53,0
31.0,22481.2,657.0,24,0.02,2,2.32,0
27.0,26855.1,526.0,12,0.0711,1,4.09,0
64.0,86007.03,850.0,60,0.0402,4,28.17,0
56.0,35422.68,614.0,12,0.0314,12,17.37,1
46.0,147878.99,811.0,12,0.0601,1,44.54,0
70.0,287703.49,850.0,60,0.0499,4,32.58,0
41.0,83501.58,722.0,60,0.0232,1,1.71,0
65.0,66286.21,690.0,48,0.0454,12,4.1,0
48.0,11150.29,568.0,36,0.02,12,26.2,1
30.0,126451.01,650.0,12,0.0363,2,11.5,0
73.0,19078.72,850.0,12,0.0767,1,4.47,1
60.0,39418.51,735.0,60,0.0285,1,27.21,0
43.0,156306.78,703.0,60,0.0354,2,11.07,0
56.0,167670.86,831.0,24,0.0538,4,27.93,0
39.0,37552.4,770.0,12,0.0283,4,0.82,1
57.0,39778.6,685.0,12,0.0353,2,13.48,0
18.0,29752.88,722.0,60,0.0704,4,45.44,1
30.0,18072.49,623.0,12,0.0312,4,13.75,0
60.0,31735.92,644.0,36,0.0447,4,7.55,1
41.0,11930.7,679.0,48,0.0355,2,3.62,1
48.0,118546.74,756.0,60,0.0395,12,46.47,0
25.0,88833.9,575.0,60,0.0526,2,18.61,0
73.0,104875.51,708.0,12,0.05,1,0.99,0
63.0,23054.03,661.0,48,0.0378,1,0.58,1
42.0,18122.86,610.0,48,0.0475,1,19.33,0
39.0,63165.55,662.0,60,0.0683,4,14.67,1
60.0,63837.91,468.0,60,0.048,1,3.32,1
75.0,51675.04,624.0,60,0.0496,4,23.47,0
59.0,44824.8,590.0,36,0.0352,4,14.17,1
78.0,331298.74,672.0,12,0.0602,4,4.99,0
31.0,91676.84,472.0,36,0.0298,1,28.39,0
33.0,429629.46,719.0,60,0.0765,1,26.22,0
27.0,212982.45,791.0,48,0.0477,1,18.72,0
52.0,328821.7,688.0,12,0.0438,4,33.95,1
48.0,20445.89,750.0,12,0.0736,4,21.68,1
43.0,108355.31,649.0,60,0.064,12,3.19,1
57.0,38879.97,545.0,60,0.078,12,11.31,0
63.0,11345.92,700.0,60,0.068,2,13.33,1
22.0,267266.93,768.0,60,0.0379,2,18.34,1
36.0,44636.51,568.0,60,0.04,4,4.9,1
57.0,20845.6,653.0,60,0.0546,2,2.79,1
38.0,39554.55,675.0,12,0.0434,12,30.45,1
33.0,27004.96,850.0,36,0.0692,12,37.68,0
60.0,29920.59,722.0,48,0.0311,4,6.03,1
26.0,47973.14,509.0,60,0.0472,2,27.9,1
40.0,338004.74,485.0,48,0.0425,4,15.85,1
50.0,30751.15,773.0,12,0.0421,2,9.67,0
36.0,314667.14,850.0,48,0.0494,4,4.23,1
57.0,139921.5,672.0,12,0.0417,12,29.47,1
36.0,88989.31,666.0,24,0.042,1,38.11,1
66.0,126515.49,743.0,36,0.0278,2,15.16,0
43.0,60697.37,620.0,24,0.0489,4,8.58,1
55.0,216652.53,446.0,12,0.0357,12,45.65,0
56.0,105554.24,804.0,24,0.0351,12,20.11,0
36.0,11331.41,639.0,12,0.0477,12,3.37,0
18.0,80519.28,805.0,24,0.0551,1,57.48,0
50.0,131133.76,624.0,12,0.0843,4,2.49,0
46.0,44846.41,712.0,36,0.0369,1,55.16,0
53.0,67931.55,785.0,36,0.0643,4,12.45,1
42.0,32439.82,807.0,36,0.0445,12,10.23,1
39.0,15098.86,723.0,12,0.0795,4,12.86,1
75.0,12703.38,718.0,48,0.0891,12,11.75,0
23.0,12873.57,762.0,24,0.0304,4,11.24,0
56.0,116896.56,746.0,24,0.0527,2,26.63,0
36.0,4962.76,571.0,24,0.0569,1,16.77,1
40.0,30746.15,573.0,24,0.0778,1,0.55,0
40.0,27843.27,489.0,36,0.0314,1,8.53,0
33.0,45154.29,777.0,48,0.0702,2,43.13,0
54.0,9354.09,660.0,24,0.0508,2,15.5,0
66.0,89669.69,782.0,48,0.02,12,33.27,0
52.0,16761.48,740.0,12,0.0484,12,12.27,1
47.0,185796.18,600.0,12,0.0635,1,50.43,0
30.0,32152.14,688.0,24,0.0773,2,33.41,0
53.0,54414.56,655.0,60,0.0532,2,6.05,0
77.0,60100.53,639.0,36,0.0487,1,19.85,1
39.0,76438.44,792.0,24,0.02,4,30.06,0
39.0,62131.87,850.0,36,0.0567,12,41.65,0
37.0,39061.38,812.0,24,0.0371,12,3.43,0
38.0,84376.86,697.0,36,0.0442,4,0.21,0
18.0,95429.89,826.0,60,0.0677,1,54.42,0
51.0,27857.72,850.0,60,0.0607,2,15.15,1
32.0,91708.27,561.0,12,0.0595,12,10.72,0
21.0,197150.03,822.0,24,0.0322,2,28.92,1
56.0,121284.49,777.0,60,0.0217,1,32.12,1
29.0,152112.44,819.0,60,0.0359,1,54.89,0
40.0,71105.56,781.0,24,0.0249,12,46.02,0
67.0,23478.72,677.0,24,0.0717,1,8.46,1
24.0,26644.97,850.0,12,0.0537,1,42.26,1
22.0,82445.11,734.0,60,0.087,2,17.62,0
49.0,153700.89,657.0,36,0.0589,4,31.31,0
62.0,970835.11,751.0,24,0.0784,1,2.12,0
21.0,159822.95,797.0,24,0.0586,12,2.57,0
51.0,18574.86,709.0,24,0.0721,12,52.87,0
54.0,27798.22,739.0,24,0.0503,2,3.06,0
18.0,584503.07,709.0,60,0.0751,1,10.24,1
57.0,48320.49,634.0,36,0.0673,4,13.93,1
58.0,62787.71,618.0,12,0.0223,1,12.33,0
40.0,22915.83,560.0,48,0.0679,12,26.56,0
64.0,286388.17,850.0,60,0.0636,2,38.86,0
62.0,98748.67,678.0,60,0.02,1,7.45,1
47.0,27595.24,357.0,48,0.0473,4,16.16,1
38.0,22162.89,740.0,48,0.0711,2,47.26,0
30.0,81405.97,738.0,24,0.02,2,24.57,0
44.0,62580.32,513.0,36,0.0635,12,23.17,0
54.0,137600.55,617.0,60,0.0574,12,1.3,0
40.0,103462.91,612.0,60,0.051,4,27.07,1
18.0,45959.67,626.0,12,0.1133,12,30.99,1
64.0,34759.16,821.0,48,0.0644,1,16.58,1
48.0,51024.33,685.0,48,0.0393,1,20.06,1
39.0,34520.86,657.0,60,0.0442,2,9.25,1
58.0,52564.93,812.0,48,0.0681,4,34.9,0
68.0,60866.66,750.0,24,0.0622,12,32.08,1
18.0,24393.43,526.0,12,0.0448,2,9.51,1
52.0,112496.78,638.0,60,0.0701,2,4.29,0
24.0,41339.44,732.0,12,0.0292,4,20.95,1
52.0,25799.64,607.0,24,0.0678,12,8.34,0
47.0,42124.83,850.0,12,0.0408,4,20.58,0
55.0,76287.03,711.0,48,0.0631,4,27.94,1
38.0,65058.24,625.0,60,0.0862,12,16.66,0
18.0,91319.36,588.0,12,0.02,1,56.07,0
38.0,147023.27,793.0,36,0.0429,2,48.91,0
51.0,220784.02,635.0,60,0.02,2,3.73,1
60.0,79657.08,738.0,12,0.0627,1,6.29,0
27.0,20549.62,585.0,60,0.0733,4,6.93,1
60.0,45747.35,707.0,12,0.0367,1,41.05,1
35.0,21931.55,636.0,12,0.0588,2,10.26,1
50.0,326718.45,668.0,48,0.0566,12,45.83,0
37.0,436874.34,620.0,12,0.057,12,52.35,0
48.0,114727.06,803.0,36,0.0631,1,8.91,1
58.0,141274.32,651.0,48,0.061,2,25.98,1
27.0,76952.47,686.0,36,0.0409,1,45.57,0
35.0,86340.66,690.0,36,0.0428,1,9.47,1
48.0,12119.19,850.0,24,0.0202,2,6.54,0
81.0,55607.18,789.0,36,0.02,12,20.11,1
32.0,24806.15,779.0,12,0.0493,2,48.98,0
76.0,79328.8,542.0,60,0.0842,1,1.59,1
75.0,56409.35,634.0,48,0.0305,1,14.57,1
44.0,419501.32,819.0,48,0.0383,12,47.86,0
41.0,149735.8,583.0,48,0.0512,1,2.96,0
35.0,79579.51,708.0,60,0.0432,1,3.01,1
44.0,45846.78,593.0,36,0.0494,12,36.51,1
24.0,319982.46,604.0,24,0.057,2,3.37,0
44.0,58107.23,850.0,12,0.0541,4,51.16,1
67.0,83422.55,772.0,48,0.0308,2,25.15,0
36.0,62458.0,798.0,12,0.0289,4,1.13,1
41.0,39968.47,778.0,36,0.0543,2,20.89,0
19.0,62100.31,686.0,24,0.0229,12,13.4,1
51.0,8417.21,631.0,48,0.0717,12,14.94,0
49.0,12737.35,660.0,36,0.0557,12,31.33,1
46.0,84934.07,681.0,24,0.0725,4,8.89,1
42.0,287276.28,850.0,48,0.0602,2,18.49,0
41.0,84814.44,566.0,36,0.0485,12,18.61,0
53.0,29133.13,645.0,12,0.0702,4,59.53,0
45.0,14145.42,609.0,60,0.0495,12,37.13,0
50.0,131206.44,806.0,48,0.0418,1,2.5,0
48.0,33955.46,850.0,24,0.02,1,53.28,0
62.0,113918.14,731.0,24,0.047,12,30.3,1
55.0,88421.03,739.0,60,0.0339,4,12.7,0
48.0,96596.75,709.0,60,0.0351,1,6.81,0
68.0,61920.2,744.0,36,0.04,12,22.63,0
51.0,87872.69,777.0,60,0.0604,12,7.23,1
65.0,53132.58,743.0,48,0.0294,4,8.69,1
54.0,31719.71,750.0,60,0.0238,4,10.46,0
18.0,22845.31,778.0,48,0.02,1,31.42,0
65.0,5513.7,522.0,12,0.0585,12,14.39,1
47.0,49955.63,700.0,60,0.0636,1,14.56,1
44.0,273587.88,731.0,12,0.0392,2,2.56,1
49.0,124253.62,742.0,24,0.0404,12,30.18,0
40.0,75185.16,683.0,60,0.0674,4,12.67,0
48.0,28738.56,716.0,24,0.047,2,3.56,1
36.0,162322.31,628.0,12,0.0575,4,22.78,0
64.0,53140.29,523.0,24,0.0546,4,0.54,1
43.0,289217.51,798.0,12,0.03,2,37.55,0
39.0,22447.01,587.0,36,0.0585,1,29.7,0
31.0,28283.4,684.0,12,0.0533,2,22.47,1
49.0,25661.06,625.0,36,0.0386,12,3.61,0
48.0,13600.77,850.0,24,0.0432,1,3.24,1
51.0,23457.73,692.0,12,0.0225,1,13.42,1
30.0,66384.33,669.0,36,0.066,12,46.9,1
21.0,29372.05,775.0,12,0.0538,12,1.23,0
54.0,1266.01,850.0,48,0.0526,4,6.24,1
67.0,175303.37,741.0,48,0.0516,2,52.56,0
30.0,11113.39,662.0,24,0.0577,12,22.73,1
69.0,107928.94,770.0,48,0.02,2,16.71,0
49.0,61772.56,543.0,60,0.1049,1,19.0,1
45.0,497510.94,705.0,36,0.0643,12,20.85,0
39.0,162260.36,850.0,60,0.0572,1,11.93,1
24.0,36148.67,716.0,48,0.087,4,26.46,0
60.0,29671.33,711.0,24,0.057,4,3.29,1
33.0,269070.22,702.0,60,0.0885,12,15.48,0
33.0,13686.0,660.0,24,0.0924,12,17.02,1
60.0,72466.52,731.0,12,0.0773,12,5.9,1
18.0,52516.33,778.0,60,0.0499,1,51.29,0
22.0,42479.37,667.0,12,0.0486,12,19.09,0
45.0,85264.54,451.0,60,0.0428,4,15.46,1
49.0,72370.92,747.0,36,0.0662,12,0.34,1
52.0,94598.86,850.0,24,0.0294,12,23.26,0
40.0,68801.14,662.0,12,0.047,1,37.77,1
83.0,90915.1,553.0,48,0.02,2,2.84,1
42.0,65733.58,768.0,60,0.0291,4,13.53,0
42.0,30963.77,850.0,12,0.052,2,27.86,0
33.0,60114.19,753.0,60,0.0617,1,29.22,0
47.0,29307.93,850.0,60,0.0702,12,28.8,1
54.0,27436.33,779.0,60,0.0515,12,54.8,1
63.0,42781.03,771.0,12,0.0389,4,19.7,1
23.0,53134.24,648.0,12,0.0382,12,48.07,0
41.0,62020.81,729.0,60,0.0369,1,1.8,0
52.0,149698.54,697.0,48,0.0907,2,4.77,1
54.0,36371.32,694.0,24,0.0414,4,7.06,0
45.0,72900.58,675.0,60,0.0577,12,31.9,0
53.0,67374.89,723.0,48,0.0453,12,2.59,0
33.0,32577.32,570.0,24,0.0619,2,24.44,1
68.0,64456.17,781.0,60,0.0305,2,39.52,1
60.0,163198.32,612.0,24,0.0393,12,18.12,0
25.0,72150.26,675.0,60,0.0591,12,22.8,1
29.0,75100.61,733.0,12,0.0366,1,5.79,0
29.0,29574.61,607.0,60,0.0635,2,4.13,0
55.0,428848.44,503.0,60,0.0605,2,12.05,1
26.0,31308.46,662.0,60,0.0501,2,0.73,0
40.0,11296.14,557.0,60,0.0457,1,42.21,0
52.0,141518.27,771.0,48,0.0463,2,8.52,0
44.0,53379.55,585.0,36,0.0664,1,6.21,1
49.0,44221.14,849.0,48,0.0604,4,51.02,0
29.0,34698.31,699.0,48,0.0814,4,13.6,0
54.0,389147.85,706.0,12,0.0251,1,13.1,1
36.0,85356.36,502.0,60,0.0212,4,2.2,0
40.0,103751.22,714.0,48,0.0429,2,59.02,0
49.0,70446.98,692.0,24,0.0455,2,3.32,0
47.0,78436.89,570.0,60,0.0484,1,13.76,1
45.0,242467.9,709.0,12,0.0804,12,4.98,1
34.0,46590.19,660.0,12,0.0567,2,9.61,0
41.0,13947.6,678.0,24,0.0544,12,46.26,0
45.0,142636.49,703.0,12,0.039,12,3.62,1
24.0,98390.7,653.0,60,0.0471,12,12.19,1
38.0,66701.31,725.0,36,0.0529,4,15.23,1
51.0,95870.47,691.0,36,0.0471,4,2.82,0
26.0,41326.36,747.0,48,0.0533,1,7.38,0
62.0,61126.0,647.0,12,0.0583,4,8.06,1
64.0,52485.9,594.0,60,0.0684,12,5.16,0
26.0,33140.51,629.0,24,0.0684,12,58.54,0
65.0,196648.43,844.0,24,0.0574,4,9.55,1
43.0,14584.89,796.0,60,0.0752,4,6.58,0
51.0,634683.78,821.0,60,0.0564,12,22.34,0
38.0,143970.29,828.0,24,0.0344,1,16.56,0
59.0,10117.53,653.0,12,0.02,12,4.71,0
51.0,47850.35,730.0,48,0.0776,1,39.4,0
33.0,50587.21,708.0,48,0.0387,2,46.66,0
28.0,88599.96,766.0,48,0.0684,12,0.13,0
23.0,22261.67,671.0,60,0.0798,4,24.28,1
48.0,61822.67,709.0,24,0.0315,4,38.73,0
54.0,53044.19,707.0,24,0.0333,12,12.82,1
55.0,28634.9,753.0,24,0.0686,1,16.95,1
43.0,24915.56,766.0,24,0.0587,4,17.93,0
28.0,150062.12,709.0,24,0.0449,2,2.43,1
35.0,10975.46,712.0,36,0.0561,4,16.61,0
62.0,96556.05,723.0,60,0.0649,1,8.37,0
38.0,132921.01,850.0,60,0.0671,12,11.74,1
47.0,48119.45,527.0,36,0.0795,4,29.03,0
29.0,63093.49,603.0,48,0.0373,12,4.19,1
50.0,191663.21,767.0,12,0.0739,12,2.06,1
38.0,29588.72,727.0,60,0.0893,2,28.77,0
61.0,32805.37,726.0,60,0.0608,2,15.06,0
57.0,36479.89,767.0,36,0.0808,12,17.6,1
38.0,192014.39,721.0,60,0.0464,1,2.55,0
43.0,218009.46,644.0,60,0.054,2,2.43,0
37.0,14825.59,763.0,48,0.0604,4,6.67,1
24.0,163773.68,702.0,36,0.0536,2,21.19,0
32.0,135795.9,655.0,60,0.0361,12,1.38,0
48.0,283111.14,769.0,24,0.0283,2,25.98,1
50.0,88001.4,765.0,36,0.0697,1,2.97,1
47.0,57281.89,721.0,48,0.068,2,6.76,1
40.0,188191.75,850.0,12,0.02,1,49.95,0
59.0,120439.62,833.0,60,0.0641,4,43.81,0
46.0,565179.36,800.0,24,0.0578,2,28.75,0
56.0,156171.16,850.0,24,0.0395,4,1.9,1
18.0,69811.08,685.0,12,0.0575,12,46.62,1
18.0,18506.84,654.0,36,0.031,4,43.9,0
49.0,33492.7,786.0,48,0.0418,2,5.41,0
24.0,14243.34,675.0,60,0.0338,2,26.15,0
42.0,48287.98,701.0,60,0.0679,1,5.12,1
40.0,151155.98,601.0,60,0.0438,2,6.74,0
69.0,59654.74,761.0,24,0.0405,12,50.73,0
51.0,166329.37,553.0,36,0.0361,1,10.88,1
47.0,83916.18,690.0,12,0.065,2,22.42,0
58.0,40010.92,698.0,36,0.0625,2,23.49,1
51.0,65357.35,656.0,48,0.0428,2,40.92,0
38.0,95999.35,524.0,48,0.0589,2,48.35,0
61.0,68818.19,524.0,12,0.02,12,6.32,0
28.0,69611.44,625.0,24,0.0333,2,32.4,0
50.0,27748.86,754.0,12,0.0741,1,9.76,1
22.0,38832.92,729.0,48,0.0454,2,13.25,1
48.0,572896.75,698.0,24,0.0273,1,1.97,1
48.0,204529.29,612.0,36,0.0853,1,5.39,0
70.0,13713.82,734.0,48,0.02,2,22.41,1
22.0,5614.07,520.0,24,0.0255,12,3.7,1
36.0,64614.39,460.0,24,0.0325,2,24.25,0
57.0,146308.53,676.0,60,0.0355,2,16.41,1
50.0,35598.48,645.0,36,0.0771,1,17.2,0
48.0,166318.3,801.0,24,0.0461,4,31.77,1
31.0,63554.59,716.0,12,0.0965,4,4.04,1
36.0,50865.43,850.0,36,0.02,12,8.43,0
64.0,127531.05,645.0,36,0.0701,1,22.36,0
44.0,35176.17,749.0,48,0.0421,12,4.73,0
51.0,44949.44,675.0,36,0.0421,2,29.67,0
43.0,117027.85,838.0,36,0.0407,2,21.29,0
27.0,58023.54,680.0,60,0.0442,12,19.31,0
59.0,403840.9,785.0,36,0.0678,1,50.59,0
53.0,119829.53,592.0,24,0.0369,2,2.84,1
80.0,112287.05,658.0,12,0.0501,1,8.81,1
30.0,56982.26,692.0,60,0.0719,2,42.28,1
57.0,143595.37,826.0,60,0.02,2,39.28,0
25.0,43364.32,480.0,60,0.091,12,37.14,0
47.0,79409.85,667.0,60,0.0745,12,5.62,0
60.0,23949.6,663.0,48,0.06,1,0.63,0
18.0,169302.34,492.0,60,0.0582,4,12.59,0
42.0,80065.85,654.0,48,0.0551,4,9.0,1
37.0,434744.19,546.0,48,0.0382,4,2.27,1
34.0,654939.66,467.0,36,0.0674,2,13.78,0
51.0,128453.14,674.0,12,0.0464,4,10.12,0
62.0,64114.47,670.0,36,0.0303,12,12.26,1
43.0,23247.1,676.0,48,0.0758,4,7.05,1
48.0,147967.78,725.0,36,0.0329,4,14.14,1
47.0,73886.44,612.0,24,0.0682,4,21.96,1
45.0,102542.73,850.0,60,0.047,4,20.06,0
29.0,337657.51,697.0,60,0.0616,4,11.13,1
62.0,26254.08,829.0,48,0.0311,1,24.81,1
49.0,23758.5,532.0,36,0.0305,12,38.4,0
51.0,47267.3,617.0,24,0.0654,4,35.14,1
33.0,136107.62,769.0,24,0.081,2,1.3,1
38.0,104283.38,677.0,24,0.0743,1,10.84,1
42.0,24448.19,593.0,48,0.0567,2,4.81,1
22.0,127586.89,516.0,36,0.0279,12,1.98,1
20.0,18011.89,773.0,24,0.02,4,8.9,0
36.0,25906.74,765.0,24,0.088,12,39.51,1
53.0,53345.38,724.0,36,0.0393,4,23.85,0
35.0,34426.05,650.0,36,0.0766,4,7.76,0
30.0,145780.81,589.0,60,0.0617,2,0.68,0
33.0,79728.19,695.0,12,0.02,12,8.91,0
38.0,349955.46,568.0,12,0.0467,4,8.5,1
40.0,46761.46,625.0,24,0.0593,12,36.34,1
77.0,52986.79,826.0,36,0.02,4,2.75,0
61.0,200863.85,515.0,60,0.0422,12,9.29,0
60.0,54670.48,768.0,48,0.0284,12,27.16,1
63.0,266733.48,849.0,12,0.0785,4,8.71,1
30.0,102829.57,782.0,12,0.0337,12,53.7,0
27.0,5694.26,740.0,36,0.0589,4,24.41,0
28.0,194380.03,654.0,48,0.0334,4,4.38,1
65.0,149152.84,635.0,12,0.0367,4,0.12,1
37.0,155023.59,475.0,60,0.0468,1,1.21,1
26.0,8857.52,704.0,12,0.0522,4,4.26,0
39.0,30853.64,660.0,36,0.051,12,0.05,1
41.0,33232.88,630.0,36,0.02,1,12.55,1
49.0,25819.33,698.0,48,0.0684,4,32.35,0
49.0,341780.0,706.0,12,0.081,12,12.1,0
33.0,59173.68,636.0,48,0.0537,12,10.6,1
55.0,57724.62,850.0,12,0.0474,12,13.36,1
35.0,103985.66,773.0,24,0.0721,1,8.36,0
43.0,105799.56,790.0,12,0.0611,2,3.85,1
55.0,2132.62,690.0,36,0.0499,2,40.28,1
35.0,31371.1,751.0,36,0.0414,1,14.42,0
36.0,14577.16,610.0,24,0.0507,4,21.8,1
54.0,89349.07,767.0,12,0.02,2,3.89,0
32.0,44851.29,680.0,12,0.0557,2,14.67,1
39.0,60802.58,598.0,36,0.08,12,7.66,1
53.0,7491.17,698.0,24,0.02,12,3.53,1
76.0,43921.0,671.0,36,0.02,4,14.06,0
54.0,182614.06,850.0,24,0.0671,2,31.08,1
52.0,245106.84,744.0,36,0.0939,12,40.31,1
53.0,122867.7,850.0,60,0.0902,1,1.11,0
29.0,15749.04,813.0,12,0.046,4,12.74,0
47.0,210955.36,704.0,48,0.0635,12,2.24,0
45.0,123500.72,656.0,60,0.0751,12,6.26,1
50.0,53253.08,526.0,36,0.0219,12,10.66,0
47.0,7902.73,613.0,24,0.02,1,1.77,0
51.0,155374.71,766.0,48,0.0463,1,26.27,0
40.0,33118.05,670.0,24,0.0326,12,7.21,1
46.0,84640.3,738.0,24,0.057,4,15.24,1
27.0,64112.45,497.0,12,0.0434,12,0.43,1
40.0,278840.44,745.0,36,0.0872,2,32.23,0
66.0,52819.36,810.0,12,0.0647,12,0.21,1
50.0,58976.03,522.0,24,0.0475,1,5.93,1
45.0,290284.1,737.0,12,0.02,2,49.01,0
73.0,31001.09,834.0,60,0.0597,1,23.39,0
25.0,135174.64,850.0,24,0.0568,4,52.53,0
28.0,49088.71,650.0,24,0.0461,4,14.42,1
71.0,21970.55,778.0,60,0.0391,12,54.73,0
46.0,59943.7,843.0,24,0.0399,4,3.93,0
41.0,119575.72,740.0,48,0.0805,2,15.65,1
27.0,231818.46,829.0,48,0.0778,1,2.79,0
52.0,261631.94,696.0,36,0.044,12,19.29,0
53.0,44588.71,739.0,36,0.0592,4,1.55,1
29.0,22309.12,638.0,12,0.0605,1,54.63,0
43.0,43532.41,684.0,12,0.0255,1,56.7,0
40.0,18369.91,743.0,60,0.0369,4,15.34,1
49.0,48175.88,630.0,60,0.0776,12,16.97,0
28.0,42545.73,678.0,24,0.0307,1,0.42,0
64.0,123932.24,776.0,36,0.0397,12,40.23,0
59.0,6594.99,850.0,36,0.0469,1,29.96,0
40.0,28749.97,495.0,36,0.0464,12,12.44,0
42.0,28983.49,850.0,36,0.0322,12,10.55,0
43.0,196246.59,674.0,12,0.0436,4,33.59,0
33.0,19656.35,796.0,48,0.02,1,7.82,0
38.0,75106.12,816.0,60,0.0633,4,18.05,1
41.0,52673.7,850.0,60,0.0485,2,33.03,1
69.0,169913.12,627.0,36,0.0219,12,8.27,1
59.0,108644.01,677.0,36,0.0387,1,10.12,1
59.0,67591.92,695.0,12,0.02,4,14.9,0
51.0,34383.54,664.0,12,0.0275,2,8.59,1
28.0,9392.41,832.0,60,0.02,12,15.64,1
44.0,76656.19,692.0,36,0.0963,1,10.47,1
60.0,101771.95,538.0,36,0.0559,4,4.97,1
26.0,12396.04,637.0,60,0.0512,1,10.75,1
55.0,17436.24,542.0,12,0.0318,12,26.27,0
80.0,77059.26,677.0,60,0.056,2,11.25,0
61.0,84047.86,767.0,12,0.0535,12,22.79,1
66.0,22233.44,635.0,12,0.066,1,15.33,0
48.0,33723.0,660.0,12,0.0408,12,3.87,1
60.0,9542.5,673.0,36,0.0383,4,12.48,0
34.0,237343.54,714.0,60,0.0378,1,23.21,0
57.0,16319.66,752.0,12,0.0453,1,5.55,0
55.0,102976.84,781.0,48,0.0535,1,2.57,1
49.0,57817.07,850.0,12,0.0765,2,14.93,0
65.0,217421.6,712.0,12,0.0753,2,27.82,1
37.0,27112.38,774.0,12,0.0463,1,21.7,1
42.0,63656.24,541.0,24,0.1002,2,1.59,0
46.0,10955.24,662.0,48,0.0602,2,27.68,1
30.0,8616.84,673.0,36,0.0618,4,38.66,0
48.0,108698.53,598.0,60,0.0668,2,3.68,1
19.0,10046.45,646.0,60,0.0756,2,21.98,0
61.0,47656.89,689.0,60,0.07,2,1.89,0
46.0,164603.6,650.0,36,0.039,1,26.63,1
37.0,126334.05,850.0,12,0.0432,1,51.63,0
32.0,30804.45,751.0,48,0.024,2,3.92,0
41.0,12228.16,850.0,60,0.0615,4,40.89,0
55.0,99657.53,849.0,24,0.0694,2,26.95,0
53.0,229178.58,636.0,24,0.0705,4,11.35,1
34.0,30876.85,704.0,48,0.0557,12,20.99,1
32.0,26814.21,657.0,60,0.0632,4,10.71,1
55.0,35422.34,684.0,12,0.02,2,26.18,0
34.0,106043.93,602.0,60,0.0418,4,12.67,1
46.0,204539.75,656.0,12,0.04,4,11.37,1
47.0,17333.45,736.0,60,0.0795,4,33.46,0
50.0,13382.7,733.0,24,0.0571,12,49.52,1
58.0,621565.34,725.0,36,0.0564,2,46.76,0
26.0,50145.16,694.0,48,0.0234,4,7.12,0
18.0,77102.64,786.0,12,0.0247,2,52.31,0
36.0,29973.51,674.0,36,0.0461,12,12.11,0
72.0,97729.85,839.0,12,0.0655,1,27.23,1
75.0,156382.6,515.0,48,0.0326,2,48.44,0
72.0,80805.17,766.0,36,0.0795,1,0.79,1
42.0,341416.38,749.0,36,0.0346,12,40.59,0
18.0,43185.3,633.0,48,0.0609,12,39.09,0
18.0,46033.17,664.0,48,0.0366,1,14.95,0
36.0,75463.65,746.0,12,0.0752,2,31.53,1
42.0,95316.83,792.0,36,0.0886,1,1.95,1
65.0,75203.06,525.0,48,0.0626,12,9.2,0
58.0,16573.91,763.0,12,0.0377,12,6.08,1
48.0,81839.49,654.0,60,0.0326,2,13.34,1
32.0,41184.88,813.0,48,0.0359,2,52.54,0
31.0,33490.7,516.0,36,0.0409,4,26.28,0
49.0,61850.91,850.0,60,0.0387,1,17.4,0
55.0,22890.5,611.0,48,0.0759,2,9.66,0
51.0,19237.34,843.0,24,0.0525,2,9.98,1
29.0,4378.8,693.0,36,0.0613,1,14.1,1
55.0,343601.33,618.0,36,0.0253,12,26.83,0
51.0,104373.52,727.0,12,0.0435,1,6.04,0
29.0,53275.72,803.0,24,0.0626,1,44.13,0
33.0,30723.3,545.0,48,0.0414,12,0.27,0
55.0,3374.38,770.0,24,0.0565,1,41.97,0
41.0,28896.37,699.0,48,0.0421,2,18.4,0
69.0,122500.0,758.0,12,0.0741,1,16.62,1
53.0,153610.32,701.0,60,0.0505,2,10.27,0
38.0,113810.72,643.0,24,0.038,12,58.09,0
45.0,70150.06,589.0,36,0.0564,1,3.18,0
46.0,220548.77,767.0,48,0.0564,4,16.98,0
34.0,43107.95,767.0,24,0.0694,1,8.82,0
31.0,177227.4,766.0,48,0.0257,1,28.94,0
56.0,40758.41,743.0,24,0.0316,2,27.31,1
58.0,24806.44,794.0,36,0.0548,2,2.62,1
54.0,21900.99,841.0,48,0.0392,4,5.37,1
68.0,20650.68,512.0,48,0.053,4,12.8,1
37.0,115736.12,466.0,60,0.0549,12,3.83,1
70.0,28488.46,850.0,12,0.0319,12,25.43,1
31.0,21310.84,566.0,24,0.0557,1,9.08,1
30.0,122239.22,591.0,36,0.0394,2,19.56,1
19.0,83114.16,671.0,60,0.02,1,36.32,0
38.0,156778.93,535.0,60,0.0498,2,10.03,0
37.0,99967.41,662.0,12,0.0418,12,52.99,0
53.0,28194.68,605.0,36,0.0373,2,21.61,0
49.0,64608.57,677.0,24,0.0522,2,17.81,1
27.0,67855.31,728.0,48,0.0599,12,26.44,0
39.0,23881.07,666.0,12,0.0389,12,54.17,0
39.0,19838.41,661.0,48,0.0671,2,12.32,1
18.0,30311.38,726.0,60,0.0312,4,33.6,0
30.0,458897.59,804.0,48,0.0389,2,4.67,1
33.0,39626.6,850.0,24,0.0798,12,33.24,0
67.0,205431.27,678.0,24,0.0343,4,6.3,1
48.0,37471.63,850.0,48,0.0497,4,47.67,0
55.0,145632.09,788.0,48,0.0348,1,22.04,0
23.0,147634.02,577.0,12,0.079,12,25.46,0
63.0,155218.72,574.0,24,0.0331,1,28.69,1
65.0,88241.03,642.0,48,0.0838,12,3.0,1
18.0,237367.91,844.0,36,0.0717,4,7.85,1
34.0,87409.04,650.0,12,0.0584,4,35.31,1
52.0,332212.38,511.0,12,0.0673,12,10.38,1
55.0,11849.97,677.0,12,0.0892,4,3.52,1
